OK   Accident_Town03_Route101_Weather23 3920 files -> extras.tar
OK   Accident_Town03_Route156_Weather0 4140 files -> extras.tar
OK   Accident_Town03_Route102_Weather20 4140 files -> extras.tar
OK   Accident_Town03_Route146_Weather8 4340 files -> extras.tar
OK   Accident_Town05_Route218_Weather10 4140 files -> extras.tar
OK   Accident_Town04_Route205_Weather23 4700 files -> extras.tar
OK   Accident_Town04_Route159_Weather3 5200 files -> extras.tar
OK   Accident_Town04_Route160_Weather3 5000 files -> extras.tar
OK   Accident_Town12_Route1108_Weather8 3660 files -> extras.tar
OK   Accident_Town06_Route279_Weather19 4280 files -> extras.tar
OK   Accident_Town06_Route327_Weather15 4260 files -> extras.tar
OK   Accident_Town06_Route308_Weather22 4280 files -> extras.tar
OK   Accident_Town05_Route219_Weather11 4580 files -> extras.tar
OK   Accident_Town06_Route280_Weather11 4720 files -> extras.tar
OK   Accident_Town12_Route1122_Weather3 3680 files -> extras.tar
OK   Accident_Town12_Route766_Weather12 6420 files -> extras.tar
OK   Accident_Town12_Route767_Weather13 4760 files -> extras.tar
OK   Accident_Town12_Route768_Weather14 4100 files -> extras.tar
OK   Accident_Town12_Route769_Weather15 4200 files -> extras.tar
OK   Accident_Town13_Route550_Weather3 4120 files -> extras.tar
OK   Accident_Town12_Route957_Weather21 4660 files -> extras.tar
OK   Accident_Town13_Route551_Weather5 4240 files -> extras.tar
OK   Accident_Town13_Route552_Weather6 6520 files -> extras.tar
OK   Accident_Town15_Route411_Weather21 4040 files -> extras.tar
OK   Accident_Town12_Route956_Weather20 9420 files -> extras.tar
OK   Accident_Town15_Route413_Weather23 4120 files -> extras.tar
OK   AccidentTwoWays_Town12_Route1105_Weather13 4100 files -> extras.tar
OK   Accident_Town15_Route414_Weather23 4580 files -> extras.tar
OK   AccidentTwoWays_Town12_Route1102_Weather10 6420 files -> extras.tar
OK   AccidentTwoWays_Town12_Route1103_Weather11 8280 files -> extras.tar
OK   Accident_Town15_Route412_Weather22 7060 files -> extras.tar
OK   AccidentTwoWays_Town12_Route1104_Weather12 7000 files -> extras.tar
OK   AccidentTwoWays_Town12_Route1106_Weather14 7000 files -> extras.tar
OK   AccidentTwoWays_Town12_Route1107_Weather15 6800 files -> extras.tar
OK   AccidentTwoWays_Town12_Route1109_Weather9 7020 files -> extras.tar
OK   AccidentTwoWays_Town12_Route1111_Weather19 6320 files -> extras.tar
OK   AccidentTwoWays_Town12_Route1113_Weather21 6980 files -> extras.tar
OK   AccidentTwoWays_Town12_Route1112_Weather20 7060 files -> extras.tar
OK   AccidentTwoWays_Town12_Route1114_Weather22 9420 files -> extras.tar
OK   AccidentTwoWays_Town12_Route1110_Weather18 9560 files -> extras.tar
OK   AccidentTwoWays_Town12_Route1116_Weather23 5560 files -> extras.tar
OK   AccidentTwoWays_Town12_Route1121_Weather3 4000 files -> extras.tar
OK   AccidentTwoWays_Town12_Route1115_Weather23 6520 files -> extras.tar
OK   AccidentTwoWays_Town12_Route1117_Weather25 6520 files -> extras.tar
OK   AccidentTwoWays_Town12_Route1120_Weather2 6960 files -> extras.tar
OK   AccidentTwoWays_Town12_Route1126_Weather8 7000 files -> extras.tar
OK   AccidentTwoWays_Town12_Route1444_Weather0 6980 files -> extras.tar
OK   AccidentTwoWays_Town12_Route1446_Weather2 7020 files -> extras.tar
OK   AccidentTwoWays_Town12_Route1127_Weather9 8540 files -> extras.tar
OK   AccidentTwoWays_Town12_Route1445_Weather1 9460 files -> extras.tar
OK   AccidentTwoWays_Town12_Route1448_Weather5 7020 files -> extras.tar
OK   AccidentTwoWays_Town12_Route1119_Weather1 13000 files -> extras.tar
OK   AccidentTwoWays_Town12_Route1454_Weather13 7020 files -> extras.tar
OK   AccidentTwoWays_Town12_Route1459_Weather18 7020 files -> extras.tar
OK   AccidentTwoWays_Town12_Route1455_Weather14 7000 files -> extras.tar
OK   AccidentTwoWays_Town12_Route1453_Weather12 9440 files -> extras.tar
OK   AccidentTwoWays_Town12_Route1458_Weather9 7020 files -> extras.tar
OK   AccidentTwoWays_Town12_Route1456_Weather15 6980 files -> extras.tar
OK   AccidentTwoWays_Town12_Route1124_Weather18 15780 files -> extras.tar
OK   AccidentTwoWays_Town12_Route1461_Weather20 9500 files -> extras.tar
OK   AccidentTwoWays_Town12_Route1463_Weather22 7040 files -> extras.tar
OK   BlockedIntersection_Town03_Route136_Weather6 4840 files -> extras.tar
OK   AccidentTwoWays_Town12_Route1469_Weather3 7000 files -> extras.tar
OK   AccidentTwoWays_Town12_Route1468_Weather2 9500 files -> extras.tar
OK   BlockedIntersection_Town04_Route194_Weather12 4660 files -> extras.tar
OK   BlockedIntersection_Town04_Route193_Weather11 6260 files -> extras.tar
OK   BlockedIntersection_Town03_Route134_Weather3 9720 files -> extras.tar
OK   BlockedIntersection_Town04_Route195_Weather13 6220 files -> extras.tar
OK   BlockedIntersection_Town05_Route248_Weather14 4860 files -> extras.tar
OK   BlockedIntersection_Town03_Route135_Weather5 12100 files -> extras.tar
OK   BlockedIntersection_Town05_Route247_Weather19 6960 files -> extras.tar
OK   BlockedIntersection_Town07_Route353_Weather15 3840 files -> extras.tar
OK   BlockedIntersection_Town07_Route352_Weather14 4880 files -> extras.tar
OK   BlockedIntersection_Town07_Route351_Weather13 5260 files -> extras.tar
OK   BlockedIntersection_Town12_Route835_Weather3 4720 files -> extras.tar
OK   BlockedIntersection_Town12_Route834_Weather2 4960 files -> extras.tar
OK   BlockedIntersection_Town10HD_Route391_Weather1 7160 files -> extras.tar
OK   BlockedIntersection_Town05_Route272_Weather12 13040 files -> extras.tar
OK   BlockedIntersection_Town13_Route615_Weather9 6960 files -> extras.tar
OK   BlockedIntersection_Town13_Route618_Weather20 4680 files -> extras.tar
OK   BlockedIntersection_Town13_Route617_Weather19 4520 files -> extras.tar
OK   BlockedIntersection_Town13_Route616_Weather18 9780 files -> extras.tar
OK   BlockedIntersection_Town12_Route936_Weather0 12520 files -> extras.tar
OK   ConstructionObstacle_Town03_Route60_Weather8 4620 files -> extras.tar
OK   BlockedIntersection_Town15_Route485_Weather9 4220 files -> extras.tar
OK   ConstructionObstacle_Town03_Route61_Weather9 4040 files -> extras.tar
OK   BlockedIntersection_Town12_Route836_Weather3 12580 files -> extras.tar
OK   ConstructionObstacle_Town03_Route62_Weather10 3780 files -> extras.tar
OK   ConstructionObstacle_Town03_Route63_Weather11 4700 files -> extras.tar
OK   ConstructionObstacle_Town04_Route64_Weather12 4020 files -> extras.tar
OK   ConstructionObstacle_Town04_Route65_Weather13 4140 files -> extras.tar
OK   BlockedIntersection_Town15_Route486_Weather18 6120 files -> extras.tar
OK   ConstructionObstacle_Town04_Route67_Weather15 3440 files -> extras.tar
OK   ConstructionObstacle_Town04_Route66_Weather14 4660 files -> extras.tar
OK   ConstructionObstacle_Town05_Route69_Weather9 3960 files -> extras.tar
OK   ConstructionObstacle_Town05_Route68_Weather8 4140 files -> extras.tar
OK   ConstructionObstacle_Town05_Route70_Weather18 4340 files -> extras.tar
OK   ConstructionObstacle_Town05_Route71_Weather19 3860 files -> extras.tar
OK   ConstructionObstacle_Town06_Route73_Weather21 3440 files -> extras.tar
OK   ConstructionObstacle_Town06_Route72_Weather20 4760 files -> extras.tar
OK   ConstructionObstacle_Town10HD_Route74_Weather22 3740 files -> extras.tar
OK   ConstructionObstacle_Town12_Route78_Weather0 4260 files -> extras.tar
OK   ConstructionObstacle_Town12_Route75_Weather23 4320 files -> extras.tar
OK   ConstructionObstacle_Town12_Route77_Weather25 4320 files -> extras.tar
OK   ConstructionObstacle_Town12_Route76_Weather23 4260 files -> extras.tar
OK   ConstructionObstacle_Town12_Route79_Weather1 4120 files -> extras.tar
OK   ConstructionObstacle_Town13_Route80_Weather2 3880 files -> extras.tar
OK   ConstructionObstacle_Town13_Route81_Weather3 4080 files -> extras.tar
OK   ConstructionObstacle_Town15_Route87_Weather9 3380 files -> extras.tar
OK   ConstructionObstacle_Town13_Route82_Weather3 4060 files -> extras.tar
OK   ConstructionObstacle_Town15_Route84_Weather6 3480 files -> extras.tar
OK   ConstructionObstacleTwoWays_Town12_Route1080_Weather14 4060 files -> extras.tar
OK   ConstructionObstacle_Town13_Route83_Weather5 4140 files -> extras.tar
OK   ConstructionObstacle_Town15_Route85_Weather7 3960 files -> extras.tar
OK   ConstructionObstacleTwoWays_Town12_Route1086_Weather20 3860 files -> extras.tar
OK   ConstructionObstacleTwoWays_Town12_Route1083_Weather9 7200 files -> extras.tar
OK   ConstructionObstacleTwoWays_Town12_Route1085_Weather6 7640 files -> extras.tar
OK   ConstructionObstacleTwoWays_Town12_Route1084_Weather5 6360 files -> extras.tar
OK   ConstructionObstacleTwoWays_Town12_Route1089_Weather23 7580 files -> extras.tar
OK   ConstructionObstacleTwoWays_Town12_Route1091_Weather12 7240 files -> extras.tar
OK   ConstructionObstacleTwoWays_Town12_Route1093_Weather1 7200 files -> extras.tar
OK   ConstructionObstacleTwoWays_Town12_Route1094_Weather2 5860 files -> extras.tar
OK   ConstructionObstacleTwoWays_Town12_Route1095_Weather3 7080 files -> extras.tar
OK   ConstructionObstacleTwoWays_Town12_Route1096_Weather3 7120 files -> extras.tar
OK   ConstructionObstacleTwoWays_Town12_Route1099_Weather7 4500 files -> extras.tar
OK   ConstructionObstacleTwoWays_Town12_Route1097_Weather5 7160 files -> extras.tar
OK   ConstructionObstacleTwoWays_Town12_Route1098_Weather6 7080 files -> extras.tar
OK   ConstructionObstacleTwoWays_Town12_Route1406_Weather26 7080 files -> extras.tar
OK   ConstructionObstacleTwoWays_Town12_Route1404_Weather26 7280 files -> extras.tar
OK   ConstructionObstacleTwoWays_Town12_Route1413_Weather26 7040 files -> extras.tar
OK   ConstructionObstacleTwoWays_Town12_Route1410_Weather26 7180 files -> extras.tar
OK   ConstructionObstacleTwoWays_Town12_Route1414_Weather26 7180 files -> extras.tar
OK   ConstructionObstacleTwoWays_Town12_Route1415_Weather26 7140 files -> extras.tar
OK   ConstructionObstacleTwoWays_Town12_Route1418_Weather26 7120 files -> extras.tar
OK   ConstructionObstacleTwoWays_Town12_Route1100_Weather14 11900 files -> extras.tar
OK   ConstructionObstacleTwoWays_Town12_Route1421_Weather26 7260 files -> extras.tar
OK   ConstructionObstacleTwoWays_Town12_Route1419_Weather26 7420 files -> extras.tar
OK   ConstructionObstacleTwoWays_Town12_Route1422_Weather26 7000 files -> extras.tar
OK   ConstructionObstacleTwoWays_Town12_Route1424_Weather26 7160 files -> extras.tar
OK   ConstructionObstacleTwoWays_Town12_Route1425_Weather26 7160 files -> extras.tar
OK   ControlLoss_Town10HD_Route377_Weather13 3320 files -> extras.tar
OK   ControlLoss_Town04_Route170_Weather14 7120 files -> extras.tar
OK   ControlLoss_Town07_Route333_Weather21 5020 files -> extras.tar
OK   ControlLoss_Town04_Route169_Weather13 8700 files -> extras.tar
OK   ControlLoss_Town11_Route402_Weather12 4700 files -> extras.tar
OK   ControlLoss_Town11_Route401_Weather11 7000 files -> extras.tar
OK   ControlLoss_Town07_Route332_Weather20 7120 files -> extras.tar
OK   ControlLoss_Town10HD_Route378_Weather14 4100 files -> extras.tar
OK   ControlLoss_Town13_Route574_Weather19 4620 files -> extras.tar
OK   ControlLoss_Town15_Route432_Weather8 4840 files -> extras.tar
OK   ControlLoss_Town15_Route430_Weather14 5140 files -> extras.tar
OK   ControlLoss_Town15_Route431_Weather15 5880 files -> extras.tar
OK   ControlLoss_Town15_Route433_Weather9 5960 files -> extras.tar
OK   CrossingBicycleFlow_Town12_Route1032_Weather18 7920 files -> extras.tar
OK   CrossingBicycleFlow_Town12_Route1011_Weather23 8060 files -> extras.tar
OK   CrossingBicycleFlow_Town12_Route1012_Weather23 8540 files -> extras.tar
OK   CrossingBicycleFlow_Town12_Route1044_Weather3 7800 files -> extras.tar
OK   CrossingBicycleFlow_Town12_Route1050_Weather10 8180 files -> extras.tar
OK   CrossingBicycleFlow_Town12_Route1063_Weather23 8080 files -> extras.tar
OK   CrossingBicycleFlow_Town12_Route1061_Weather21 8080 files -> extras.tar
OK   CrossingBicycleFlow_Town12_Route1067_Weather1 2680 files -> extras.tar
OK   CrossingBicycleFlow_Town12_Route1062_Weather22 9380 files -> extras.tar
OK   CrossingBicycleFlow_Town12_Route1064_Weather23 7980 files -> extras.tar
OK   CrossingBicycleFlow_Town12_Route1065_Weather25 8420 files -> extras.tar
OK   CrossingBicycleFlow_Town12_Route1066_Weather0 8180 files -> extras.tar
OK   CrossingBicycleFlow_Town12_Route1068_Weather2 8080 files -> extras.tar
OK   CrossingBicycleFlow_Town12_Route1071_Weather0 8160 files -> extras.tar
OK   CrossingBicycleFlow_Town12_Route1072_Weather6 8420 files -> extras.tar
OK   CrossingBicycleFlow_Town12_Route1073_Weather7 8280 files -> extras.tar
OK   CrossingBicycleFlow_Town12_Route1074_Weather8 8260 files -> extras.tar
OK   CrossingBicycleFlow_Town12_Route1070_Weather3 8800 files -> extras.tar
OK   CrossingBicycleFlow_Town12_Route1075_Weather9 8320 files -> extras.tar
OK   CrossingBicycleFlow_Town12_Route1076_Weather10 8040 files -> extras.tar
OK   CrossingBicycleFlow_Town12_Route1077_Weather11 8020 files -> extras.tar
OK   DynamicObjectCrossing_Town01_Route1_Weather1 4280 files -> extras.tar
OK   CrossingBicycleFlow_Town12_Route860_Weather2 8800 files -> extras.tar
OK   CrossingBicycleFlow_Town12_Route863_Weather5 7900 files -> extras.tar
OK   CrossingBicycleFlow_Town12_Route977_Weather15 7220 files -> extras.tar
OK   CrossingBicycleFlow_Town12_Route862_Weather3 8000 files -> extras.tar
OK   DynamicObjectCrossing_Town01_Route3_Weather3 3820 files -> extras.tar
OK   DynamicObjectCrossing_Town01_Route4_Weather3 3440 files -> extras.tar
OK   DynamicObjectCrossing_Town01_Route6_Weather6 3740 files -> extras.tar
OK   DynamicObjectCrossing_Town01_Route7_Weather7 3280 files -> extras.tar
OK   DynamicObjectCrossing_Town01_Route5_Weather2 4120 files -> extras.tar
OK   DynamicObjectCrossing_Town02_Route11_Weather11 3900 files -> extras.tar
OK   DynamicObjectCrossing_Town01_Route8_Weather3 4220 files -> extras.tar
OK   DynamicObjectCrossing_Town01_Route2_Weather2 10360 files -> extras.tar
OK   DynamicObjectCrossing_Town02_Route12_Weather12 3860 files -> extras.tar
OK   DynamicObjectCrossing_Town10HD_Route18_Weather18 2600 files -> extras.tar
OK   DynamicObjectCrossing_Town02_Route15_Weather15 3960 files -> extras.tar
OK   DynamicObjectCrossing_Town02_Route13_Weather6 4280 files -> extras.tar
OK   DynamicObjectCrossing_Town02_Route14_Weather14 4060 files -> extras.tar
OK   DynamicObjectCrossing_Town11_Route20_Weather20 4460 files -> extras.tar
OK   CrossingBicycleFlow_Town12_Route1078_Weather12 18780 files -> extras.tar
OK   DynamicObjectCrossing_Town02_Route9_Weather9 3920 files -> extras.tar
OK   DynamicObjectCrossing_Town10HD_Route19_Weather19 2760 files -> extras.tar
OK   DynamicObjectCrossing_Town12_Route22_Weather22 4020 files -> extras.tar
OK   DynamicObjectCrossing_Town13_Route24_Weather23 3820 files -> extras.tar
OK   DynamicObjectCrossing_Town12_Route21_Weather21 4140 files -> extras.tar
OK   DynamicObjectCrossing_Town15_Route27_Weather1 4060 files -> extras.tar
OK   DynamicObjectCrossing_Town13_Route25_Weather25 3940 files -> extras.tar
OK   DynamicObjectCrossing_Town15_Route28_Weather2 3900 files -> extras.tar
OK   DynamicObjectCrossing_Town12_Route23_Weather23 6380 files -> extras.tar
OK   DynamicObjectCrossing_Town13_Route26_Weather0 5220 files -> extras.tar
OK   DynamicObjectCrossing_Town15_Route29_Weather3 3760 files -> extras.tar
OK   EnterActorFlow_Town07_Route349_Weather11 2520 files -> extras.tar
OK   EnterActorFlow_Town07_Route348_Weather10 2960 files -> extras.tar
OK   EnterActorFlow_Town12_Route830_Weather23 2240 files -> extras.tar
OK   EnterActorFlow_Town04_Route192_Weather10 4540 files -> extras.tar
OK   EnterActorFlow_Town12_Route831_Weather25 2400 files -> extras.tar
OK   EnterActorFlow_Town13_Route611_Weather13 2200 files -> extras.tar
OK   EnterActorFlow_Town05_Route245_Weather9 7480 files -> extras.tar
OK   EnterActorFlow_Town03_Route132_Weather2 10700 files -> extras.tar
OK   EnterActorFlow_Town13_Route613_Weather15 2100 files -> extras.tar
OK   EnterActorFlow_Town13_Route614_Weather8 4680 files -> extras.tar
OK   EnterActorFlow_Town07_Route350_Weather12 10600 files -> extras.tar
OK   EnterActorFlow_Town13_Route612_Weather14 10640 files -> extras.tar
OK   HardBreakRoute_Town01_Route30_Weather3 5860 files -> extras.tar
OK   HardBreakRoute_Town01_Route31_Weather5 5660 files -> extras.tar
OK   EnterActorFlow_Town12_Route832_Weather0 10200 files -> extras.tar
OK   EnterActorFlow_Town05_Route271_Weather11 15260 files -> extras.tar
OK   EnterActorFlow_Town13_Route681_Weather5 10460 files -> extras.tar
OK   HardBreakRoute_Town02_Route33_Weather7 3560 files -> extras.tar
OK   HardBreakRoute_Town02_Route34_Weather8 3060 files -> extras.tar
OK   HardBreakRoute_Town02_Route35_Weather9 3140 files -> extras.tar
OK   HardBreakRoute_Town01_Route32_Weather6 5840 files -> extras.tar
OK   HardBreakRoute_Town03_Route37_Weather11 5760 files -> extras.tar
OK   HardBreakRoute_Town03_Route36_Weather10 6040 files -> extras.tar
OK   HardBreakRoute_Town04_Route39_Weather13 5760 files -> extras.tar
OK   HardBreakRoute_Town04_Route40_Weather14 5480 files -> extras.tar
OK   HardBreakRoute_Town04_Route41_Weather15 5800 files -> extras.tar
OK   HardBreakRoute_Town05_Route43_Weather9 6020 files -> extras.tar
OK   HardBreakRoute_Town05_Route44_Weather18 5720 files -> extras.tar
OK   HardBreakRoute_Town03_Route38_Weather12 9960 files -> extras.tar
OK   HardBreakRoute_Town06_Route45_Weather19 6000 files -> extras.tar
OK   HardBreakRoute_Town11_Route50_Weather23 6100 files -> extras.tar
OK   HardBreakRoute_Town10HD_Route49_Weather23 5140 files -> extras.tar
OK   HardBreakRoute_Town07_Route47_Weather21 6180 files -> extras.tar
OK   HardBreakRoute_Town07_Route48_Weather22 6100 files -> extras.tar
OK   HardBreakRoute_Town05_Route42_Weather8 12480 files -> extras.tar
OK   HardBreakRoute_Town12_Route51_Weather25 6520 files -> extras.tar
OK   HardBreakRoute_Town06_Route46_Weather20 10060 files -> extras.tar
OK   HardBreakRoute_Town12_Route52_Weather0 5960 files -> extras.tar
OK   HardBreakRoute_Town12_Route53_Weather1 5980 files -> extras.tar
OK   HardBreakRoute_Town13_Route1340_Weather26 5980 files -> extras.tar
OK   HardBreakRoute_Town13_Route1337_Weather26 5920 files -> extras.tar
OK   HardBreakRoute_Town13_Route1339_Weather26 5960 files -> extras.tar
OK   HardBreakRoute_Town13_Route1338_Weather26 5920 files -> extras.tar
OK   HardBreakRoute_Town13_Route55_Weather3 5860 files -> extras.tar
OK   HardBreakRoute_Town13_Route54_Weather2 7880 files -> extras.tar
OK   HardBreakRoute_Town13_Route1341_Weather26 6420 files -> extras.tar
OK   HardBreakRoute_Town13_Route56_Weather3 7880 files -> extras.tar
OK   HazardAtSideLane_Town03_Route105_Weather22 4680 files -> extras.tar
OK   HazardAtSideLane_Town03_Route106_Weather23 3920 files -> extras.tar
OK   HazardAtSideLane_Town04_Route164_Weather8 3540 files -> extras.tar
OK   HardBreakRoute_Town15_Route58_Weather6 5820 files -> extras.tar
OK   HardBreakRoute_Town15_Route57_Weather5 5820 files -> extras.tar
OK   HazardAtSideLane_Town05_Route222_Weather0 3740 files -> extras.tar
OK   HazardAtSideLane_Town05_Route263_Weather3 3720 files -> extras.tar
OK   HazardAtSideLane_Town05_Route223_Weather15 4120 files -> extras.tar
OK   HazardAtSideLane_Town06_Route283_Weather23 4180 files -> extras.tar
OK   HazardAtSideLane_Town10HD_Route373_Weather9 3460 files -> extras.tar
OK   HazardAtSideLane_Town06_Route329_Weather9 4340 files -> extras.tar
OK   HazardAtSideLane_Town12_Route1506_Weather0 3700 files -> extras.tar
OK   HazardAtSideLane_Town12_Route1512_Weather7 4680 files -> extras.tar
OK   HazardAtSideLane_Town12_Route1507_Weather1 4720 files -> extras.tar
OK   HazardAtSideLane_Town12_Route1508_Weather2 4680 files -> extras.tar
OK   HazardAtSideLane_Town12_Route1515_Weather12 4260 files -> extras.tar
OK   HazardAtSideLane_Town12_Route1518_Weather15 4380 files -> extras.tar
OK   HazardAtSideLane_Town12_Route1516_Weather13 4480 files -> extras.tar
OK   HazardAtSideLane_Town12_Route1517_Weather14 4520 files -> extras.tar
OK   HazardAtSideLane_Town12_Route1519_Weather8 4580 files -> extras.tar
OK   HazardAtSideLane_Town12_Route1520_Weather9 4640 files -> extras.tar
OK   HazardAtSideLane_Town12_Route1521_Weather18 4660 files -> extras.tar
OK   HazardAtSideLane_Town12_Route1526_Weather23 4500 files -> extras.tar
OK   HazardAtSideLane_Town12_Route1523_Weather20 5240 files -> extras.tar
OK   HazardAtSideLane_Town12_Route1525_Weather22 4080 files -> extras.tar
OK   HazardAtSideLane_Town12_Route1524_Weather21 4080 files -> extras.tar
OK   HazardAtSideLane_Town12_Route1528_Weather0 4260 files -> extras.tar
OK   HazardAtSideLane_Town12_Route1527_Weather25 4560 files -> extras.tar
OK   HazardAtSideLane_Town12_Route1530_Weather2 4120 files -> extras.tar
OK   HazardAtSideLane_Town12_Route1534_Weather7 4660 files -> extras.tar
OK   HazardAtSideLane_Town12_Route1533_Weather6 4200 files -> extras.tar
OK   HardBreakRoute_Town15_Route59_Weather7 16040 files -> extras.tar
OK   HazardAtSideLane_Town12_Route1532_Weather5 4080 files -> extras.tar
OK   HazardAtSideLane_Town12_Route1537_Weather12 4200 files -> extras.tar
OK   HazardAtSideLane_Town12_Route1535_Weather10 4840 files -> extras.tar
OK   HazardAtSideLane_Town12_Route1538_Weather13 4180 files -> extras.tar
OK   HazardAtSideLane_Town12_Route775_Weather12 4140 files -> extras.tar
OK   HazardAtSideLane_Town12_Route774_Weather20 4740 files -> extras.tar
OK   HazardAtSideLane_Town12_Route777_Weather23 3900 files -> extras.tar
OK   HazardAtSideLane_Town12_Route1536_Weather11 9440 files -> extras.tar
OK   HazardAtSideLane_Town12_Route960_Weather20 4260 files -> extras.tar
OK   HazardAtSideLane_Town12_Route915_Weather7 4620 files -> extras.tar
OK   HazardAtSideLane_Town12_Route961_Weather25 4180 files -> extras.tar
OK   HazardAtSideLane_Town15_Route421_Weather5 4520 files -> extras.tar
OK   HazardAtSideLane_Town15_Route420_Weather3 4080 files -> extras.tar
OK   HazardAtSideLaneTwoWays_Town12_Route1128_Weather10 4980 files -> extras.tar
OK   HazardAtSideLaneTwoWays_Town12_Route1129_Weather11 4780 files -> extras.tar
OK   HazardAtSideLaneTwoWays_Town12_Route1130_Weather12 5260 files -> extras.tar
OK   HazardAtSideLaneTwoWays_Town12_Route1131_Weather13 5120 files -> extras.tar
OK   HazardAtSideLaneTwoWays_Town12_Route1132_Weather14 4680 files -> extras.tar
OK   HazardAtSideLane_Town13_Route558_Weather12 10120 files -> extras.tar
OK   HazardAtSideLaneTwoWays_Town12_Route1133_Weather15 4920 files -> extras.tar
OK   HazardAtSideLaneTwoWays_Town12_Route1134_Weather8 4580 files -> extras.tar
OK   HazardAtSideLaneTwoWays_Town12_Route1138_Weather20 4080 files -> extras.tar
OK   HazardAtSideLaneTwoWays_Town12_Route1136_Weather18 4520 files -> extras.tar
OK   HazardAtSideLaneTwoWays_Town12_Route1135_Weather9 4820 files -> extras.tar
OK   HazardAtSideLaneTwoWays_Town12_Route1137_Weather19 4580 files -> extras.tar
OK   HazardAtSideLaneTwoWays_Town12_Route1139_Weather21 4640 files -> extras.tar
OK   HazardAtSideLaneTwoWays_Town12_Route1140_Weather22 5020 files -> extras.tar
OK   HazardAtSideLaneTwoWays_Town12_Route1142_Weather23 4420 files -> extras.tar
OK   HazardAtSideLaneTwoWays_Town12_Route1143_Weather25 4860 files -> extras.tar
OK   HazardAtSideLaneTwoWays_Town12_Route1141_Weather23 5120 files -> extras.tar
OK   HazardAtSideLaneTwoWays_Town12_Route1144_Weather0 4840 files -> extras.tar
OK   HazardAtSideLaneTwoWays_Town12_Route1145_Weather1 5180 files -> extras.tar
OK   HazardAtSideLaneTwoWays_Town12_Route1146_Weather2 5140 files -> extras.tar
OK   HazardAtSideLaneTwoWays_Town12_Route1147_Weather3 5240 files -> extras.tar
OK   HazardAtSideLaneTwoWays_Town12_Route1151_Weather7 5080 files -> extras.tar
OK   HazardAtSideLaneTwoWays_Town12_Route1152_Weather8 4740 files -> extras.tar
OK   HazardAtSideLaneTwoWays_Town12_Route1156_Weather12 4620 files -> extras.tar
OK   HazardAtSideLaneTwoWays_Town12_Route1154_Weather10 4800 files -> extras.tar
OK   HazardAtSideLaneTwoWays_Town12_Route1153_Weather9 5060 files -> extras.tar
OK   HazardAtSideLaneTwoWays_Town12_Route1155_Weather11 4600 files -> extras.tar
OK   HazardAtSideLaneTwoWays_Town12_Route1157_Weather13 5140 files -> extras.tar
OK   HighwayCutIn_Town06_Route298_Weather20 3060 files -> extras.tar
OK   HighwayCutIn_Town06_Route300_Weather14 2620 files -> extras.tar
OK   HighwayCutIn_Town06_Route299_Weather13 3040 files -> extras.tar
OK   HighwayCutIn_Town06_Route321_Weather9 3120 files -> extras.tar
OK   HighwayCutIn_Town06_Route320_Weather8 3120 files -> extras.tar
OK   HighwayCutIn_Town12_Route1006_Weather18 2300 files -> extras.tar
OK   HighwayCutIn_Town06_Route322_Weather10 3080 files -> extras.tar
OK   HighwayCutIn_Town12_Route1005_Weather9 3120 files -> extras.tar
OK   HighwayCutIn_Town12_Route1042_Weather2 2400 files -> extras.tar
OK   HighwayCutIn_Town12_Route1029_Weather15 2940 files -> extras.tar
OK   HighwayCutIn_Town12_Route1047_Weather7 2440 files -> extras.tar
OK   HighwayCutIn_Town12_Route1052_Weather12 2340 files -> extras.tar
OK   HighwayCutIn_Town12_Route849_Weather9 2320 files -> extras.tar
OK   HighwayCutIn_Town12_Route851_Weather19 2700 files -> extras.tar
OK   HighwayCutIn_Town12_Route850_Weather18 2240 files -> extras.tar
OK   HighwayCutIn_Town12_Route974_Weather12 2620 files -> extras.tar
OK   HighwayCutIn_Town12_Route940_Weather3 3480 files -> extras.tar
OK   HighwayCutIn_Town13_Route628_Weather3 3060 files -> extras.tar
OK   HighwayCutIn_Town13_Route630_Weather6 2480 files -> extras.tar
OK   HighwayCutIn_Town13_Route629_Weather5 3360 files -> extras.tar
OK   HighwayCutIn_Town13_Route745_Weather9 2180 files -> extras.tar
OK   HighwayCutIn_Town13_Route631_Weather7 3160 files -> extras.tar
OK   HighwayCutIn_Town13_Route685_Weather9 3220 files -> extras.tar
OK   HighwayCutIn_Town13_Route713_Weather11 3100 files -> extras.tar
OK   HighwayCutIn_Town13_Route734_Weather6 2780 files -> extras.tar
OK   HighwayCutIn_Town13_Route750_Weather22 2820 files -> extras.tar
OK   HighwayExit_Town06_Route291_Weather5 2660 files -> extras.tar
OK   HighwayExit_Town06_Route292_Weather14 3000 files -> extras.tar
OK   HighwayCutIn_Town13_Route751_Weather23 3080 files -> extras.tar
OK   HighwayExit_Town06_Route293_Weather15 3120 files -> extras.tar
OK   HighwayExit_Town06_Route312_Weather0 3000 files -> extras.tar
OK   HighwayExit_Town06_Route311_Weather25 3280 files -> extras.tar
OK   HighwayExit_Town06_Route313_Weather1 3280 files -> extras.tar
OK   HighwayExit_Town12_Route1000_Weather12 3260 files -> extras.tar
OK   HighwayExit_Town12_Route1028_Weather14 3300 files -> extras.tar
OK   HighwayExit_Town12_Route1041_Weather1 3320 files -> extras.tar
OK   HighwayExit_Town12_Route1324_Weather0 2640 files -> extras.tar
OK   HighwayExit_Town12_Route1046_Weather6 2780 files -> extras.tar
OK   HighwayExit_Town12_Route1051_Weather11 3320 files -> extras.tar
OK   HighwayExit_Town12_Route1326_Weather2 3100 files -> extras.tar
OK   HighwayExit_Town12_Route1327_Weather3 3000 files -> extras.tar
OK   HighwayExit_Town12_Route838_Weather6 2720 files -> extras.tar
OK   HighwayExit_Town12_Route841_Weather9 2580 files -> extras.tar
OK   HighwayExit_Town12_Route937_Weather1 3100 files -> extras.tar
OK   HighwayExit_Town12_Route1331_Weather10 3700 files -> extras.tar
OK   HighwayExit_Town13_Route619_Weather21 3460 files -> extras.tar
OK   HighwayExit_Town13_Route620_Weather22 3400 files -> extras.tar
OK   HighwayExit_Town13_Route621_Weather23 3340 files -> extras.tar
OK   HighwayExit_Town13_Route622_Weather23 3180 files -> extras.tar
OK   HighwayExit_Town13_Route704_Weather2 3400 files -> extras.tar
OK   HighwayExit_Town13_Route683_Weather7 3360 files -> extras.tar
OK   HighwayExit_Town13_Route705_Weather3 3340 files -> extras.tar
OK   HighwayExit_Town13_Route706_Weather3 3420 files -> extras.tar
OK   InterurbanActorFlow_Town06_Route294_Weather8 2740 files -> extras.tar
OK   HighwayExit_Town13_Route748_Weather20 3160 files -> extras.tar
OK   HighwayExit_Town13_Route744_Weather8 3340 files -> extras.tar
OK   HighwayExit_Town13_Route749_Weather21 3260 files -> extras.tar
OK   InterurbanActorFlow_Town06_Route314_Weather2 2900 files -> extras.tar
OK   InterurbanActorFlow_Town12_Route1291_Weather1 2400 files -> extras.tar
OK   InterurbanActorFlow_Town06_Route315_Weather3 3600 files -> extras.tar
OK   InterurbanActorFlow_Town06_Route316_Weather3 3240 files -> extras.tar
OK   InterurbanActorFlow_Town12_Route1292_Weather2 2820 files -> extras.tar
OK   InterurbanActorFlow_Town12_Route1296_Weather7 3000 files -> extras.tar
OK   InterurbanActorFlow_Town12_Route842_Weather10 3060 files -> extras.tar
OK   InterurbanActorFlow_Town12_Route843_Weather11 3080 files -> extras.tar
OK   InterurbanActorFlow_Town13_Route707_Weather5 2340 files -> extras.tar
OK   InterurbanActorFlow_Town13_Route708_Weather6 2340 files -> extras.tar
OK   InterurbanAdvancedActorFlow_Town06_Route301_Weather15 2900 files -> extras.tar
OK   InterurbanActorFlow_Town13_Route623_Weather25 3060 files -> extras.tar
OK   InterurbanActorFlow_Town12_Route938_Weather2 4620 files -> extras.tar
OK   InterurbanAdvancedActorFlow_Town06_Route325_Weather13 2280 files -> extras.tar
OK   InterurbanAdvancedActorFlow_Town06_Route303_Weather22 2960 files -> extras.tar
OK   InterurbanAdvancedActorFlow_Town06_Route302_Weather21 3260 files -> extras.tar
OK   InterurbanAdvancedActorFlow_Town06_Route324_Weather2 3040 files -> extras.tar
OK   InterurbanAdvancedActorFlow_Town06_Route330_Weather18 2760 files -> extras.tar
OK   InterurbanAdvancedActorFlow_Town06_Route331_Weather19 2420 files -> extras.tar
OK   InterurbanAdvancedActorFlow_Town12_Route1030_Weather8 2540 files -> extras.tar
OK   InterurbanAdvancedActorFlow_Town12_Route1048_Weather8 2660 files -> extras.tar
OK   InterurbanAdvancedActorFlow_Town12_Route854_Weather22 2780 files -> extras.tar
OK   InvadingTurn_Town02_Route95_Weather9 2780 files -> extras.tar
OK   InvadingTurn_Town02_Route99_Weather21 2800 files -> extras.tar
OK   InterurbanAdvancedActorFlow_Town13_Route715_Weather13 3000 files -> extras.tar
OK   InterurbanAdvancedActorFlow_Town13_Route634_Weather10 3340 files -> extras.tar
OK   InterurbanAdvancedActorFlow_Town13_Route735_Weather7 3040 files -> extras.tar
OK   InterurbanAdvancedActorFlow_Town13_Route686_Weather10 3540 files -> extras.tar
OK   InterurbanAdvancedActorFlow_Town13_Route753_Weather25 3080 files -> extras.tar
OK   InvadingTurn_Town04_Route217_Weather9 3060 files -> extras.tar
OK   InvadingTurn_Town05_Route230_Weather22 3460 files -> extras.tar
OK   InvadingTurn_Town05_Route266_Weather6 3420 files -> extras.tar
OK   InvadingTurn_Town12_Route925_Weather15 3240 files -> extras.tar
OK   InvadingTurn_Town12_Route924_Weather14 3360 files -> extras.tar
OK   InvadingTurn_Town13_Route578_Weather6 3020 files -> extras.tar
OK   InvadingTurn_Town12_Route796_Weather8 3600 files -> extras.tar
OK   InvadingTurn_Town13_Route575_Weather3 3740 files -> extras.tar
OK   InvadingTurn_Town05_Route231_Weather23 6020 files -> extras.tar
OK   LaneChange_Town06_Route307_Weather21 2660 files -> extras.tar
OK   LaneChange_Town06_Route277_Weather9 2980 files -> extras.tar
OK   LaneChange_Town06_Route326_Weather3 2880 files -> extras.tar
OK   InvadingTurn_Town15_Route436_Weather20 4060 files -> extras.tar
OK   LaneChange_Town12_Route756_Weather2 3240 files -> extras.tar
OK   InvadingTurn_Town15_Route434_Weather18 4740 files -> extras.tar
OK   LaneChange_Town12_Route892_Weather8 3020 files -> extras.tar
OK   LaneChange_Town12_Route757_Weather10 3540 files -> extras.tar
OK   LaneChange_Town12_Route984_Weather22 2660 files -> extras.tar
OK   LaneChange_Town12_Route983_Weather5 3460 files -> extras.tar
OK   LaneChange_Town12_Route894_Weather10 3840 files -> extras.tar
OK   LaneChange_Town13_Route664_Weather14 3700 files -> extras.tar
OK   LaneChange_Town13_Route740_Weather0 3220 files -> extras.tar
OK   LaneChange_Town13_Route739_Weather25 5320 files -> extras.tar
OK   LaneChange_Town13_Route726_Weather21 3220 files -> extras.tar
OK   LaneChange_Town13_Route725_Weather23 3860 files -> extras.tar
OK   MergerIntoSlowTraffic_Town06_Route317_Weather5 3380 files -> extras.tar
OK   MergerIntoSlowTraffic_Town12_Route1004_Weather8 2980 files -> extras.tar
OK   MergerIntoSlowTraffic_Town12_Route1003_Weather8 3360 files -> extras.tar
OK   MergerIntoSlowTraffic_Town12_Route844_Weather12 3120 files -> extras.tar
OK   MergerIntoSlowTraffic_Town12_Route845_Weather13 2660 files -> extras.tar
OK   LaneChange_Town13_Route743_Weather3 4380 files -> extras.tar
OK   MergerIntoSlowTraffic_Town13_Route627_Weather3 2260 files -> extras.tar
OK   MergerIntoSlowTraffic_Town12_Route973_Weather11 2940 files -> extras.tar
OK   MergerIntoSlowTrafficV2_Town12_Route1009_Weather21 3140 files -> extras.tar
OK   MergerIntoSlowTrafficV2_Town12_Route1010_Weather22 3040 files -> extras.tar
OK   MergerIntoSlowTrafficV2_Town12_Route1031_Weather9 2980 files -> extras.tar
OK   MergerIntoSlowTrafficV2_Town12_Route1043_Weather3 2940 files -> extras.tar
OK   MergerIntoSlowTrafficV2_Town12_Route1053_Weather13 2780 files -> extras.tar
OK   MergerIntoSlowTraffic_Town13_Route626_Weather2 3660 files -> extras.tar
OK   MergerIntoSlowTrafficV2_Town12_Route1055_Weather15 2820 files -> extras.tar
OK   MergerIntoSlowTrafficV2_Town12_Route1056_Weather8 2820 files -> extras.tar
OK   MergerIntoSlowTrafficV2_Town12_Route1057_Weather9 2800 files -> extras.tar
OK   MergerIntoSlowTrafficV2_Town12_Route1059_Weather19 2820 files -> extras.tar
OK   MergerIntoSlowTrafficV2_Town12_Route1058_Weather18 3080 files -> extras.tar
OK   MergerIntoSlowTrafficV2_Town12_Route1060_Weather20 2780 files -> extras.tar
OK   MergerIntoSlowTrafficV2_Town12_Route856_Weather23 3120 files -> extras.tar
OK   MergerIntoSlowTrafficV2_Town12_Route857_Weather25 3000 files -> extras.tar
OK   MergerIntoSlowTrafficV2_Town12_Route858_Weather0 3120 files -> extras.tar
OK   MergerIntoSlowTrafficV2_Town12_Route859_Weather1 3000 files -> extras.tar
OK   MergerIntoSlowTrafficV2_Town12_Route976_Weather14 2960 files -> extras.tar
OK   MergerIntoSlowTrafficV2_Town12_Route941_Weather5 3000 files -> extras.tar
OK   NonSignalizedJunctionLeftTurnEnterFlow_Town12_Route1022_Weather8 2620 files -> extras.tar
OK   NonSignalizedJunctionLeftTurnEnterFlow_Town12_Route949_Weather13 1340 files -> extras.tar
OK   NonSignalizedJunctionLeftTurnEnterFlow_Town12_Route1035_Weather21 2640 files -> extras.tar
OK   NonSignalizedJunctionLeftTurnEnterFlow_Town12_Route888_Weather3 2440 files -> extras.tar
OK   NonSignalizedJunctionLeftTurnEnterFlow_Town12_Route891_Weather7 2780 files -> extras.tar
OK   MergerIntoSlowTrafficV2_Town15_Route525_Weather5 4640 files -> extras.tar
OK   NonSignalizedJunctionLeftTurnEnterFlow_Town13_Route660_Weather10 3020 files -> extras.tar
OK   NonSignalizedJunctionLeftTurnEnterFlow_Town12_Route982_Weather20 2800 files -> extras.tar
OK   NonSignalizedJunctionLeftTurnEnterFlow_Town13_Route722_Weather20 2840 files -> extras.tar
OK   NonSignalizedJunctionLeftTurnEnterFlow_Town13_Route723_Weather21 2660 files -> extras.tar
OK   NonSignalizedJunctionLeftTurnEnterFlow_Town13_Route724_Weather22 2720 files -> extras.tar
OK   NonSignalizedJunctionLeftTurnEnterFlow_Town13_Route661_Weather11 3700 files -> extras.tar
OK   NonSignalizedJunctionLeftTurnEnterFlow_Town15_Route460_Weather18 2460 files -> extras.tar
OK   NonSignalizedJunctionLeftTurnEnterFlow_Town15_Route512_Weather18 2180 files -> extras.tar
OK   NonSignalizedJunctionLeftTurnEnterFlow_Town13_Route738_Weather10 2900 files -> extras.tar
OK   NonSignalizedJunctionLeftTurnEnterFlow_Town15_Route499_Weather5 1940 files -> extras.tar
OK   NonSignalizedJunctionLeftTurnEnterFlow_Town15_Route537_Weather9 2160 files -> extras.tar
OK   NonSignalizedJunctionLeftTurnEnterFlow_Town15_Route532_Weather12 2020 files -> extras.tar
OK   NonSignalizedJunctionLeftTurnEnterFlow_Town15_Route533_Weather13 2020 files -> extras.tar
OK   NonSignalizedJunctionLeftTurn_Town03_Route122_Weather26 3300 files -> extras.tar
OK   NonSignalizedJunctionLeftTurn_Town03_Route123_Weather26 3260 files -> extras.tar
OK   NonSignalizedJunctionLeftTurn_Town03_Route124_Weather26 3320 files -> extras.tar
OK   NonSignalizedJunctionLeftTurn_Town03_Route153_Weather26 4560 files -> extras.tar
OK   NonSignalizedJunctionLeftTurn_Town05_Route238_Weather26 3580 files -> extras.tar
OK   NonSignalizedJunctionLeftTurn_Town04_Route212_Weather26 4580 files -> extras.tar
OK   NonSignalizedJunctionLeftTurn_Town07_Route342_Weather3 2000 files -> extras.tar
OK   NonSignalizedJunctionLeftTurn_Town04_Route182_Weather26 6060 files -> extras.tar
OK   NonSignalizedJunctionLeftTurn_Town05_Route240_Weather26 5180 files -> extras.tar
OK   NonSignalizedJunctionLeftTurn_Town07_Route344_Weather6 2780 files -> extras.tar
OK   NonSignalizedJunctionLeftTurn_Town12_Route1350_Weather0 2860 files -> extras.tar
OK   NonSignalizedJunctionLeftTurn_Town12_Route1351_Weather1 3040 files -> extras.tar
OK   NonSignalizedJunctionLeftTurn_Town07_Route369_Weather18 4220 files -> extras.tar
OK   NonSignalizedJunctionLeftTurn_Town12_Route1352_Weather2 3120 files -> extras.tar
OK   NonSignalizedJunctionLeftTurn_Town05_Route239_Weather26 9240 files -> extras.tar
OK   NonSignalizedJunctionLeftTurn_Town12_Route1355_Weather6 2920 files -> extras.tar
OK   NonSignalizedJunctionLeftTurn_Town04_Route183_Weather1 12180 files -> extras.tar
OK   NonSignalizedJunctionLeftTurn_Town12_Route1356_Weather7 2880 files -> extras.tar
OK   NonSignalizedJunctionLeftTurn_Town12_Route1357_Weather10 3020 files -> extras.tar
OK   NonSignalizedJunctionLeftTurn_Town12_Route1358_Weather11 2880 files -> extras.tar
OK   NonSignalizedJunctionLeftTurn_Town12_Route1359_Weather12 2700 files -> extras.tar
OK   NonSignalizedJunctionLeftTurn_Town12_Route1361_Weather14 2720 files -> extras.tar
OK   NonSignalizedJunctionLeftTurn_Town12_Route1363_Weather8 2820 files -> extras.tar
OK   NonSignalizedJunctionLeftTurn_Town12_Route810_Weather10 3080 files -> extras.tar
OK   NonSignalizedJunctionLeftTurn_Town12_Route812_Weather12 3040 files -> extras.tar
OK   NonSignalizedJunctionLeftTurn_Town12_Route1362_Weather15 3600 files -> extras.tar
OK   NonSignalizedJunctionLeftTurn_Town12_Route1353_Weather3 8820 files -> extras.tar
OK   NonSignalizedJunctionLeftTurn_Town12_Route813_Weather26 2880 files -> extras.tar
OK   NonSignalizedJunctionLeftTurn_Town12_Route930_Weather20 2680 files -> extras.tar
OK   NonSignalizedJunctionLeftTurn_Town12_Route966_Weather3 2540 files -> extras.tar
OK   NonSignalizedJunctionLeftTurn_Town13_Route592_Weather26 3040 files -> extras.tar
OK   NonSignalizedJunctionLeftTurn_Town13_Route594_Weather26 2620 files -> extras.tar
OK   NonSignalizedJunctionRightTurn_Town03_Route126_Weather18 3460 files -> extras.tar
OK   NonSignalizedJunctionLeftTurn_Town04_Route181_Weather15 20660 files -> extras.tar
OK   NonSignalizedJunctionLeftTurn_Town13_Route593_Weather26 3940 files -> extras.tar
OK   NonSignalizedJunctionRightTurn_Town04_Route184_Weather2 3080 files -> extras.tar
OK   NonSignalizedJunctionRightTurn_Town07_Route345_Weather14 2960 files -> extras.tar
OK   NonSignalizedJunctionRightTurn_Town12_Route1024_Weather10 2420 files -> extras.tar
OK   NonSignalizedJunctionRightTurn_Town12_Route815_Weather9 2580 files -> extras.tar
OK   NonSignalizedJunctionRightTurn_Town04_Route185_Weather9 4400 files -> extras.tar
OK   NonSignalizedJunctionRightTurn_Town12_Route931_Weather21 2500 files -> extras.tar
OK   NonSignalizedJunctionRightTurn_Town07_Route346_Weather15 3960 files -> extras.tar
OK   NonSignalizedJunctionRightTurn_Town12_Route817_Weather11 2920 files -> extras.tar
OK   NonSignalizedJunctionRightTurn_Town12_Route967_Weather25 2880 files -> extras.tar
OK   NonSignalizedJunctionRightTurn_Town13_Route595_Weather11 3120 files -> extras.tar
OK   NonSignalizedJunctionRightTurn_Town13_Route598_Weather0 2160 files -> extras.tar
OK   NonSignalizedJunctionRightTurn_Town12_Route816_Weather15 3900 files -> extras.tar
OK   NonSignalizedJunctionRightTurn_Town13_Route596_Weather23 2680 files -> extras.tar
OK   OppositeVehicleRunningRedLight_Town03_Route119_Weather12 2660 files -> extras.tar
OK   OppositeVehicleRunningRedLight_Town03_Route120_Weather8 2640 files -> extras.tar
OK   OppositeVehicleRunningRedLight_Town03_Route152_Weather22 3240 files -> extras.tar
OK   OppositeVehicleRunningRedLight_Town04_Route179_Weather14 2920 files -> extras.tar
OK   OppositeVehicleRunningRedLight_Town04_Route180_Weather23 3060 files -> extras.tar
OK   OppositeVehicleRunningRedLight_Town05_Route236_Weather10 3020 files -> extras.tar
OK   OppositeVehicleRunningRedLight_Town04_Route178_Weather22 3660 files -> extras.tar
OK   OppositeVehicleRunningRedLight_Town05_Route268_Weather8 3440 files -> extras.tar
OK   OppositeVehicleRunningRedLight_Town03_Route121_Weather13 6340 files -> extras.tar
OK   OppositeVehicleRunningRedLight_Town12_Route807_Weather1 2640 files -> extras.tar
OK   OppositeVehicleRunningRedLight_Town07_Route368_Weather3 2760 files -> extras.tar
OK   OppositeVehicleRunningRedLight_Town12_Route809_Weather3 3160 files -> extras.tar
OK   OppositeVehicleRunningRedLight_Town12_Route929_Weather19 2840 files -> extras.tar
OK   OppositeVehicleRunningRedLight_Town12_Route990_Weather2 2940 files -> extras.tar
OK   OppositeVehicleRunningRedLight_Town13_Route587_Weather15 2680 files -> extras.tar
OK   OppositeVehicleRunningRedLight_Town05_Route235_Weather1 6800 files -> extras.tar
OK   OppositeVehicleRunningRedLight_Town12_Route991_Weather3 3000 files -> extras.tar
OK   OppositeVehicleRunningRedLight_Town13_Route590_Weather18 2600 files -> extras.tar
OK   OppositeVehicleRunningRedLight_Town13_Route588_Weather8 2820 files -> extras.tar
OK   OppositeVehicleTakingPriority_Town03_Route128_Weather23 3320 files -> extras.tar
OK   OppositeVehicleRunningRedLight_Town15_Route475_Weather7 2800 files -> extras.tar
OK   OppositeVehicleRunningRedLight_Town15_Route440_Weather23 3020 files -> extras.tar
OK   OppositeVehicleTakingPriority_Town03_Route155_Weather25 4220 files -> extras.tar
OK   OppositeVehicleTakingPriority_Town04_Route214_Weather6 2720 files -> extras.tar
OK   OppositeVehicleTakingPriority_Town04_Route189_Weather7 3560 files -> extras.tar
OK   OppositeVehicleTakingPriority_Town05_Route242_Weather15 3340 files -> extras.tar
OK   OppositeVehicleTakingPriority_Town05_Route243_Weather9 3460 files -> extras.tar
OK   OppositeVehicleTakingPriority_Town05_Route241_Weather7 4120 files -> extras.tar
OK   OppositeVehicleTakingPriority_Town05_Route270_Weather6 4060 files -> extras.tar
OK   OppositeVehicleTakingPriority_Town12_Route1025_Weather11 2720 files -> extras.tar
OK   OppositeVehicleTakingPriority_Town12_Route1038_Weather23 2920 files -> extras.tar
OK   OppositeVehicleTakingPriority_Town12_Route818_Weather12 2960 files -> extras.tar
OK   OppositeVehicleTakingPriority_Town12_Route932_Weather22 2880 files -> extras.tar
OK   OppositeVehicleTakingPriority_Town12_Route820_Weather14 3160 files -> extras.tar
OK   OppositeVehicleTakingPriority_Town12_Route968_Weather6 3080 files -> extras.tar
OK   OppositeVehicleTakingPriority_Town12_Route994_Weather6 2880 files -> extras.tar
OK   OppositeVehicleTakingPriority_Town12_Route995_Weather7 2940 files -> extras.tar
OK   OppositeVehicleTakingPriority_Town04_Route187_Weather5 12660 files -> extras.tar
OK   OppositeVehicleTakingPriority_Town13_Route600_Weather2 2680 files -> extras.tar
OK   OppositeVehicleTakingPriority_Town13_Route601_Weather3 2940 files -> extras.tar
OK   OppositeVehicleTakingPriority_Town04_Route188_Weather6 12600 files -> extras.tar
OK   ParkedObstacle_Town03_Route147_Weather0 4000 files -> extras.tar
OK   ParkedObstacle_Town03_Route103_Weather25 4100 files -> extras.tar
OK   ParkedObstacle_Town03_Route157_Weather1 4240 files -> extras.tar
OK   OppositeVehicleTakingPriority_Town15_Route477_Weather9 3760 files -> extras.tar
OK   ParkedObstacle_Town04_Route162_Weather6 4200 files -> extras.tar
OK   ParkedObstacle_Town05_Route262_Weather1 4120 files -> extras.tar
OK   ParkedObstacle_Town05_Route221_Weather13 4560 files -> extras.tar
OK   ParkedObstacle_Town06_Route282_Weather22 4000 files -> extras.tar
OK   ParkedObstacle_Town05_Route273_Weather7 4180 files -> extras.tar
OK   ParkedObstacle_Town06_Route281_Weather21 4900 files -> extras.tar
OK   ParkedObstacle_Town06_Route309_Weather23 4360 files -> extras.tar
OK   ParkedObstacle_Town11_Route395_Weather5 4040 files -> extras.tar
OK   ParkedObstacle_Town10HD_Route371_Weather7 3280 files -> extras.tar
OK   ParkedObstacle_Town06_Route328_Weather8 3800 files -> extras.tar
OK   ParkedObstacle_Town10HD_Route372_Weather8 3300 files -> extras.tar
OK   ParkedObstacle_Town12_Route771_Weather9 4520 files -> extras.tar
OK   ParkedObstacle_Town12_Route770_Weather8 5160 files -> extras.tar
OK   ParkedObstacle_Town12_Route772_Weather11 4100 files -> extras.tar
OK   ParkedObstacle_Town05_Route220_Weather12 9700 files -> extras.tar
OK   ParkedObstacle_Town12_Route773_Weather19 4400 files -> extras.tar
OK   ParkedObstacle_Town12_Route959_Weather23 4400 files -> extras.tar
OK   ParkedObstacle_Town13_Route554_Weather12 4520 files -> extras.tar
OK   ParkedObstacle_Town12_Route958_Weather22 6500 files -> extras.tar
OK   ParkedObstacle_Town13_Route556_Weather10 4260 files -> extras.tar
OK   ParkedObstacle_Town15_Route415_Weather25 4320 files -> extras.tar
OK   ParkedObstacle_Town15_Route418_Weather2 4080 files -> extras.tar
OK   ParkedObstacle_Town13_Route553_Weather11 9900 files -> extras.tar
OK   ParkedObstacle_Town15_Route417_Weather1 4000 files -> extras.tar
OK   ParkedObstacleTwoWays_Town12_Route1161_Weather9 6800 files -> extras.tar
OK   ParkedObstacleTwoWays_Town12_Route1158_Weather14 7100 files -> extras.tar
OK   ParkedObstacleTwoWays_Town12_Route1159_Weather23 6880 files -> extras.tar
OK   ParkedObstacle_Town13_Route555_Weather9 13220 files -> extras.tar
OK   ParkedObstacleTwoWays_Town12_Route1164_Weather20 7120 files -> extras.tar
OK   ParkedObstacleTwoWays_Town12_Route1165_Weather21 6700 files -> extras.tar
OK   ParkedObstacleTwoWays_Town12_Route1166_Weather22 6840 files -> extras.tar
OK   ParkedObstacleTwoWays_Town12_Route1163_Weather19 6860 files -> extras.tar
OK   ParkedObstacleTwoWays_Town12_Route1169_Weather25 5280 files -> extras.tar
OK   ParkedObstacleTwoWays_Town12_Route1168_Weather23 6500 files -> extras.tar
OK   ParkedObstacleTwoWays_Town12_Route1172_Weather2 7040 files -> extras.tar
OK   ParkedObstacleTwoWays_Town12_Route1167_Weather23 7920 files -> extras.tar
OK   ParkedObstacleTwoWays_Town12_Route1174_Weather3 6880 files -> extras.tar
OK   ParkedObstacleTwoWays_Town12_Route1173_Weather3 7140 files -> extras.tar
OK   ParkedObstacleTwoWays_Town12_Route1171_Weather1 7820 files -> extras.tar
OK   ParkedObstacleTwoWays_Town12_Route1175_Weather5 6820 files -> extras.tar
OK   ParkedObstacleTwoWays_Town12_Route1178_Weather8 7260 files -> extras.tar
OK   ParkedObstacleTwoWays_Town12_Route1182_Weather12 6960 files -> extras.tar
OK   ParkedObstacleTwoWays_Town13_Route1333_Weather26 7120 files -> extras.tar
OK   ParkedObstacleTwoWays_Town13_Route1335_Weather26 6600 files -> extras.tar
OK   ParkedObstacleTwoWays_Town13_Route1334_Weather26 7220 files -> extras.tar
OK   ParkedObstacleTwoWays_Town12_Route1181_Weather11 10400 files -> extras.tar
OK   ParkingCrossingPedestrian_Town12_Route759_Weather5 4240 files -> extras.tar
OK   ParkingCrossingPedestrian_Town12_Route760_Weather6 3680 files -> extras.tar
OK   ParkingCrossingPedestrian_Town12_Route761_Weather7 4160 files -> extras.tar
OK   ParkedObstacleTwoWays_Town12_Route1183_Weather7 9940 files -> extras.tar
OK   ParkedObstacleTwoWays_Town13_Route1336_Weather26 9740 files -> extras.tar
OK   ParkingCrossingPedestrian_Town12_Route896_Weather12 4180 files -> extras.tar
OK   ParkingCrossingPedestrian_Town12_Route898_Weather14 4320 files -> extras.tar
OK   ParkingCrossingPedestrian_Town12_Route952_Weather8 4220 files -> extras.tar
OK   ParkingCrossingPedestrian_Town12_Route899_Weather15 4600 files -> extras.tar
OK   ParkingCrossingPedestrian_Town12_Route953_Weather9 4100 files -> extras.tar
OK   ParkingCrossingPedestrian_Town13_Route545_Weather25 4080 files -> extras.tar
OK   ParkingCrossingPedestrian_Town12_Route758_Weather3 9960 files -> extras.tar
OK   ParkingCrossingPedestrian_Town13_Route728_Weather0 4320 files -> extras.tar
OK   ParkingCrossingPedestrian_Town13_Route668_Weather18 5600 files -> extras.tar
OK   ParkingCrossingPedestrian_Town13_Route727_Weather25 4400 files -> extras.tar
OK   ParkingCrossingPedestrian_Town12_Route897_Weather13 12980 files -> extras.tar
OK   ParkingCrossingPedestrian_Town15_Route403_Weather13 4520 files -> extras.tar
OK   ParkingCrossingPedestrian_Town15_Route405_Weather15 4340 files -> extras.tar
OK   ParkingCrossingPedestrian_Town13_Route669_Weather19 9940 files -> extras.tar
OK   ParkingCrossingPedestrian_Town15_Route462_Weather20 6060 files -> extras.tar
OK   ParkingCutIn_Town12_Route1300_Weather13 4360 files -> extras.tar
OK   ParkingCutIn_Town12_Route1301_Weather14 4480 files -> extras.tar
OK   ParkingCutIn_Town12_Route1303_Weather8 4340 files -> extras.tar
OK   ParkingCrossingPedestrian_Town15_Route514_Weather0 4780 files -> extras.tar
OK   ParkingCutIn_Town12_Route1302_Weather15 4500 files -> extras.tar
OK   ParkingCutIn_Town12_Route1304_Weather9 4360 files -> extras.tar
OK   ParkingCutIn_Town12_Route1310_Weather0 4340 files -> extras.tar
OK   ParkingCutIn_Town12_Route1311_Weather1 4500 files -> extras.tar
OK   ParkingCutIn_Town12_Route1313_Weather3 4280 files -> extras.tar
OK   ParkingCutIn_Town12_Route1312_Weather2 4400 files -> extras.tar
OK   ParkingCutIn_Town12_Route1314_Weather5 4360 files -> extras.tar
OK   ParkingCutIn_Town12_Route1315_Weather6 4460 files -> extras.tar
OK   ParkingCutIn_Town12_Route762_Weather8 4380 files -> extras.tar
OK   ParkingCutIn_Town12_Route764_Weather10 4420 files -> extras.tar
OK   ParkingCutIn_Town12_Route765_Weather11 4300 files -> extras.tar
OK   ParkingCutIn_Town12_Route901_Weather9 4260 files -> extras.tar
OK   ParkingCutIn_Town12_Route902_Weather18 4440 files -> extras.tar
OK   ParkingCutIn_Town12_Route903_Weather20 4440 files -> extras.tar
OK   ParkingCutIn_Town12_Route763_Weather9 10020 files -> extras.tar
OK   ParkingCutIn_Town12_Route955_Weather19 4300 files -> extras.tar
OK   ParkingCutIn_Town13_Route1342_Weather0 4200 files -> extras.tar
OK   ParkingCutIn_Town13_Route1343_Weather1 4180 files -> extras.tar
OK   ParkingCutIn_Town12_Route900_Weather19 10280 files -> extras.tar
OK   ParkingCutIn_Town13_Route1344_Weather2 4320 files -> extras.tar
OK   ParkingCutIn_Town13_Route1347_Weather6 4180 files -> extras.tar
OK   ParkingCutIn_Town13_Route1345_Weather3 4460 files -> extras.tar
OK   ParkingCutIn_Town12_Route954_Weather18 10060 files -> extras.tar
OK   ParkingCutIn_Town13_Route1348_Weather7 4240 files -> extras.tar
OK   ParkingCutIn_Town13_Route1346_Weather5 6940 files -> extras.tar
OK   ParkingCutIn_Town13_Route546_Weather0 4160 files -> extras.tar
OK   ParkingCutIn_Town13_Route1349_Weather10 4180 files -> extras.tar
OK   ParkingCrossingPedestrian_Town15_Route513_Weather19 22560 files -> extras.tar
OK   ParkingCutIn_Town13_Route547_Weather1 4280 files -> extras.tar
OK   ParkingCutIn_Town13_Route670_Weather20 4080 files -> extras.tar
OK   ParkingCutIn_Town13_Route548_Weather2 6380 files -> extras.tar
OK   ParkingCutIn_Town13_Route672_Weather22 4100 files -> extras.tar
OK   ParkingCutIn_Town13_Route696_Weather20 4000 files -> extras.tar
OK   ParkingCutIn_Town13_Route729_Weather1 4300 files -> extras.tar
OK   ParkingExit_Town12_Route1305_Weather18 4260 files -> extras.tar
OK   ParkingExit_Town12_Route1307_Weather20 4220 files -> extras.tar
OK   ParkingCutIn_Town13_Route671_Weather21 7160 files -> extras.tar
OK   ParkingExit_Town12_Route1309_Weather22 4280 files -> extras.tar
OK   ParkingExit_Town12_Route1316_Weather0 4320 files -> extras.tar
OK   ParkingCutIn_Town13_Route549_Weather3 9540 files -> extras.tar
OK   ParkingExit_Town12_Route1318_Weather2 4280 files -> extras.tar
OK   ParkingExit_Town12_Route1320_Weather5 4300 files -> extras.tar
OK   ParkingExit_Town12_Route1321_Weather6 4300 files -> extras.tar
OK   ParkingExit_Town12_Route1322_Weather7 4300 files -> extras.tar
OK   ParkingExit_Town12_Route787_Weather7 4260 files -> extras.tar
OK   ParkingExit_Town12_Route786_Weather6 4260 files -> extras.tar
OK   ParkingExit_Town12_Route1308_Weather21 10260 files -> extras.tar
OK   ParkingExit_Town12_Route789_Weather9 4260 files -> extras.tar
OK   ParkingExit_Town12_Route1319_Weather3 10000 files -> extras.tar
OK   ParkingExit_Town12_Route920_Weather10 4000 files -> extras.tar
OK   ParkingExit_Town12_Route922_Weather12 4020 files -> extras.tar
OK   ParkingExit_Town12_Route923_Weather13 4160 files -> extras.tar
OK   ParkingExit_Town13_Route568_Weather22 4260 files -> extras.tar
OK   ParkingExit_Town13_Route567_Weather21 4440 files -> extras.tar
OK   ParkingExit_Town12_Route788_Weather8 10120 files -> extras.tar
OK   ParkingExit_Town13_Route569_Weather23 4140 files -> extras.tar
OK   ParkingExit_Town13_Route570_Weather23 4380 files -> extras.tar
OK   ParkingExit_Town13_Route676_Weather0 4120 files -> extras.tar
OK   ParkingExit_Town13_Route697_Weather21 4060 files -> extras.tar
OK   ParkingExit_Town13_Route678_Weather2 4120 files -> extras.tar
OK   ParkingExit_Town13_Route731_Weather3 4140 files -> extras.tar
OK   PedestrianCrossing_Town12_Route1013_Weather25 4380 files -> extras.tar
OK   PedestrianCrossing_Town12_Route1033_Weather20 3320 files -> extras.tar
OK   PedestrianCrossing_Town12_Route1014_Weather0 4220 files -> extras.tar
OK   PedestrianCrossing_Town12_Route867_Weather9 2180 files -> extras.tar
OK   PedestrianCrossing_Town12_Route1045_Weather5 3640 files -> extras.tar
OK   ParkingExit_Town13_Route732_Weather3 7140 files -> extras.tar
OK   PedestrianCrossing_Town13_Route637_Weather13 3280 files -> extras.tar
OK   PedestrianCrossing_Town12_Route943_Weather7 3660 files -> extras.tar
OK   ParkingExit_Town13_Route677_Weather1 13100 files -> extras.tar
OK   PedestrianCrossing_Town12_Route865_Weather7 10220 files -> extras.tar
OK   PedestrianCrossing_Town13_Route687_Weather11 2440 files -> extras.tar
OK   PedestrianCrossing_Town12_Route866_Weather8 9960 files -> extras.tar
OK   PedestrianCrossing_Town12_Route864_Weather6 13020 files -> extras.tar
OK   PedestrianCrossing_Town13_Route636_Weather12 10460 files -> extras.tar
OK   PedestrianCrossing_Town13_Route638_Weather14 10300 files -> extras.tar
OK   PedestrianCrossing_Town13_Route716_Weather14 10220 files -> extras.tar
OK   SignalizedJunctionLeftTurnEnterFlow_Town12_Route1019_Weather5 3160 files -> extras.tar
OK   PedestrianCrossing_Town13_Route718_Weather8 10140 files -> extras.tar
OK   PedestrianCrossing_Town13_Route736_Weather8 10260 files -> extras.tar
OK   SignalizedJunctionLeftTurnEnterFlow_Town12_Route1034_Weather20 2980 files -> extras.tar
OK   SignalizedJunctionLeftTurnEnterFlow_Town12_Route1020_Weather6 3240 files -> extras.tar
OK   PedestrianCrossing_Town13_Route747_Weather19 10240 files -> extras.tar
OK   SignalizedJunctionLeftTurnEnterFlow_Town12_Route884_Weather0 3100 files -> extras.tar
OK   SignalizedJunctionLeftTurnEnterFlow_Town12_Route885_Weather14 2900 files -> extras.tar
OK   PedestrianCrossing_Town15_Route448_Weather6 7380 files -> extras.tar
OK   SignalizedJunctionLeftTurnEnterFlow_Town12_Route948_Weather9 2800 files -> extras.tar
OK   SignalizedJunctionLeftTurnEnterFlow_Town12_Route887_Weather3 3020 files -> extras.tar
OK   SignalizedJunctionLeftTurnEnterFlow_Town12_Route981_Weather19 2960 files -> extras.tar
OK   PedestrianCrossing_Town15_Route526_Weather6 7480 files -> extras.tar
OK   SignalizedJunctionLeftTurnEnterFlow_Town13_Route1630_Weather7 3000 files -> extras.tar
OK   PedestrianCrossing_Town15_Route506_Weather12 7880 files -> extras.tar
OK   SignalizedJunctionLeftTurnEnterFlow_Town13_Route1629_Weather6 3040 files -> extras.tar
OK   SignalizedJunctionLeftTurnEnterFlow_Town13_Route1627_Weather3 3020 files -> extras.tar
OK   SignalizedJunctionLeftTurnEnterFlow_Town13_Route1633_Weather12 2900 files -> extras.tar
OK   SignalizedJunctionLeftTurnEnterFlow_Town13_Route1631_Weather10 3000 files -> extras.tar
OK   SignalizedJunctionLeftTurnEnterFlow_Town13_Route657_Weather2 2740 files -> extras.tar
OK   SignalizedJunctionLeftTurnEnterFlow_Town13_Route659_Weather3 2800 files -> extras.tar
OK   SignalizedJunctionLeftTurnEnterFlow_Town13_Route1636_Weather15 2880 files -> extras.tar
OK   SignalizedJunctionLeftTurnEnterFlow_Town13_Route658_Weather8 2880 files -> extras.tar
OK   SignalizedJunctionLeftTurnEnterFlow_Town13_Route719_Weather18 2840 files -> extras.tar
OK   SignalizedJunctionLeftTurnEnterFlow_Town13_Route692_Weather8 3260 files -> extras.tar
OK   SignalizedJunctionLeftTurnEnterFlow_Town13_Route721_Weather19 3220 files -> extras.tar
OK   SignalizedJunctionLeftTurnEnterFlow_Town13_Route720_Weather19 3460 files -> extras.tar
OK   SignalizedJunctionLeftTurnEnterFlow_Town13_Route737_Weather23 4020 files -> extras.tar
OK   SignalizedJunctionLeftTurnEnterFlow_Town15_Route498_Weather23 2960 files -> extras.tar
OK   SignalizedJunctionLeftTurnEnterFlow_Town15_Route529_Weather9 3220 files -> extras.tar
OK   SignalizedJunctionLeftTurn_Town03_Route114_Weather6 3000 files -> extras.tar
OK   SignalizedJunctionLeftTurnEnterFlow_Town15_Route511_Weather9 3680 files -> extras.tar
OK   SignalizedJunctionLeftTurn_Town03_Route113_Weather26 3400 files -> extras.tar
OK   SignalizedJunctionLeftTurnEnterFlow_Town15_Route531_Weather11 3180 files -> extras.tar
OK   SignalizedJunctionLeftTurn_Town03_Route150_Weather26 3120 files -> extras.tar
OK   SignalizedJunctionLeftTurnEnterFlow_Town15_Route536_Weather8 3600 files -> extras.tar
OK   SignalizedJunctionLeftTurn_Town04_Route172_Weather8 3440 files -> extras.tar
OK   SignalizedJunctionLeftTurn_Town04_Route174_Weather18 3220 files -> extras.tar
OK   SignalizedJunctionLeftTurn_Town05_Route233_Weather6 3020 files -> extras.tar
OK   SignalizedJunctionLeftTurn_Town05_Route234_Weather7 2980 files -> extras.tar
OK   SignalizedJunctionLeftTurn_Town05_Route232_Weather23 3580 files -> extras.tar
OK   SignalizedJunctionLeftTurn_Town05_Route267_Weather3 3120 files -> extras.tar
OK   SignalizedJunctionLeftTurn_Town07_Route334_Weather26 3260 files -> extras.tar
OK   SignalizedJunctionLeftTurn_Town07_Route336_Weather23 3340 files -> extras.tar
OK   SignalizedJunctionLeftTurn_Town07_Route366_Weather2 3260 files -> extras.tar
OK   SignalizedJunctionLeftTurn_Town10HD_Route380_Weather21 3480 files -> extras.tar
OK   SignalizedJunctionLeftTurn_Town13_Route580_Weather26 2600 files -> extras.tar
OK   SignalizedJunctionLeftTurn_Town10HD_Route381_Weather22 3820 files -> extras.tar
OK   SignalizedJunctionLeftTurn_Town12_Route1470_Weather5 3440 files -> extras.tar
OK   SignalizedJunctionLeftTurn_Town12_Route799_Weather0 3780 files -> extras.tar
OK   SignalizedJunctionLeftTurn_Town13_Route581_Weather26 2860 files -> extras.tar
OK   SignalizedJunctionRightTurn_Town03_Route118_Weather14 3120 files -> extras.tar
OK   SignalizedJunctionLeftTurn_Town15_Route437_Weather26 3040 files -> extras.tar
OK   SignalizedJunctionLeftTurn_Town15_Route471_Weather26 3060 files -> extras.tar
OK   SignalizedJunctionRightTurn_Town04_Route176_Weather20 3000 files -> extras.tar
OK   SignalizedJunctionRightTurn_Town03_Route151_Weather2 4300 files -> extras.tar
OK   SignalizedJunctionLeftTurn_Town04_Route173_Weather26 12120 files -> extras.tar
OK   SignalizedJunctionRightTurn_Town04_Route211_Weather3 3300 files -> extras.tar
OK   SignalizedJunctionRightTurn_Town07_Route338_Weather10 3120 files -> extras.tar
OK   SignalizedJunctionRightTurn_Town04_Route177_Weather13 5120 files -> extras.tar
OK   SignalizedJunctionRightTurn_Town12_Route804_Weather5 2940 files -> extras.tar
OK   SignalizedJunctionRightTurn_Town12_Route964_Weather2 2700 files -> extras.tar
OK   SignalizedJunctionRightTurn_Town12_Route805_Weather25 2860 files -> extras.tar
OK   SignalizedJunctionRightTurn_Town12_Route803_Weather23 3380 files -> extras.tar
OK   SignalizedJunctionRightTurn_Town07_Route339_Weather1 3480 files -> extras.tar
OK   SignalizedJunctionRightTurn_Town12_Route988_Weather0 3080 files -> extras.tar
OK   SignalizedJunctionRightTurn_Town13_Route583_Weather11 2820 files -> extras.tar
OK   StaticCutIn_Town03_Route109_Weather1 4000 files -> extras.tar
OK   StaticCutIn_Town03_Route149_Weather19 4240 files -> extras.tar
OK   SignalizedJunctionRightTurn_Town15_Route438_Weather7 3620 files -> extras.tar
OK   StaticCutIn_Town03_Route110_Weather6 4060 files -> extras.tar
OK   StaticCutIn_Town03_Route158_Weather2 4220 files -> extras.tar
OK   SignalizedJunctionRightTurn_Town15_Route473_Weather5 4500 files -> extras.tar
OK   StaticCutIn_Town04_Route168_Weather12 4000 files -> extras.tar
OK   StaticCutIn_Town04_Route208_Weather0 3900 files -> extras.tar
OK   StaticCutIn_Town04_Route216_Weather8 4060 files -> extras.tar
OK   StaticCutIn_Town05_Route227_Weather2 3380 files -> extras.tar
OK   StaticCutIn_Town05_Route226_Weather18 4140 files -> extras.tar
OK   StaticCutIn_Town05_Route275_Weather15 3720 files -> extras.tar
OK   StaticCutIn_Town06_Route288_Weather2 4080 files -> extras.tar
OK   StaticCutIn_Town06_Route287_Weather1 3860 files -> extras.tar
OK   StaticCutIn_Town12_Route782_Weather2 4060 files -> extras.tar
OK   StaticCutIn_Town05_Route265_Weather5 5160 files -> extras.tar
OK   StaticCutIn_Town12_Route783_Weather3 4480 files -> extras.tar
OK   StaticCutIn_Town13_Route565_Weather8 3700 files -> extras.tar
OK   StaticCutIn_Town13_Route563_Weather9 4120 files -> extras.tar
OK   StaticCutIn_Town13_Route566_Weather20 4140 files -> extras.tar
OK   StaticCutIn_Town12_Route785_Weather5 4080 files -> extras.tar
OK   StaticCutIn_Town15_Route426_Weather10 3880 files -> extras.tar
OK   StaticCutIn_Town15_Route427_Weather11 3760 files -> extras.tar
OK   StaticCutIn_Town13_Route564_Weather18 4240 files -> extras.tar
OK   StaticCutIn_Town15_Route428_Weather12 4020 files -> extras.tar
OK   StaticCutIn_Town15_Route429_Weather13 3980 files -> extras.tar
OK   TJunction_Town01_Route91_Weather13 2180 files -> extras.tar
OK   TJunction_Town02_Route97_Weather19 4400 files -> extras.tar
OK   TJunction_Town05_Route261_Weather1 6620 files -> extras.tar
OK   TJunction_Town07_Route364_Weather0 3000 files -> extras.tar
OK   TJunction_Town01_Route90_Weather12 11340 files -> extras.tar
OK   TJunction_Town07_Route363_Weather25 7120 files -> extras.tar
OK   TJunction_Town05_Route260_Weather0 10860 files -> extras.tar
OK   TJunction_Town06_Route305_Weather19 11340 files -> extras.tar
OK   TJunction_Town06_Route306_Weather20 10740 files -> extras.tar
OK   TJunction_Town05_Route259_Weather0 11460 files -> extras.tar
OK   TJunction_Town06_Route304_Weather18 11280 files -> extras.tar
OK   TJunction_Town12_Route1017_Weather3 8340 files -> extras.tar
OK   TJunction_Town12_Route881_Weather23 5620 files -> extras.tar
OK   TJunction_Town12_Route1018_Weather3 6540 files -> extras.tar
OK   TJunction_Town12_Route1201_Weather5 6200 files -> extras.tar
OK   TJunction_Town12_Route883_Weather25 6960 files -> extras.tar
OK   TJunction_Town12_Route880_Weather22 7120 files -> extras.tar
OK   TJunction_Town07_Route365_Weather1 11460 files -> extras.tar
OK   TJunction_Town12_Route882_Weather23 10660 files -> extras.tar
OK   TJunction_Town12_Route926_Weather8 7040 files -> extras.tar
OK   TJunction_Town12_Route927_Weather9 7000 files -> extras.tar
OK   TJunction_Town12_Route980_Weather18 6840 files -> extras.tar
OK   TJunction_Town12_Route947_Weather11 10940 files -> extras.tar
OK   TJunction_Town13_Route654_Weather3 7220 files -> extras.tar
OK   TJunction_Town13_Route652_Weather2 5260 files -> extras.tar
OK   TJunction_Town13_Route691_Weather15 8440 files -> extras.tar
OK   TJunction_Town13_Route655_Weather5 5460 files -> extras.tar
OK   VanillaNonSignalizedTurnEncounterStopsign_Town03_Route145_Weather15 2680 files -> extras.tar
OK   TJunction_Town15_Route457_Weather15 6840 files -> extras.tar
OK   TJunction_Town15_Route510_Weather8 4320 files -> extras.tar
OK   VanillaNonSignalizedTurnEncounterStopsign_Town03_Route144_Weather14 5480 files -> extras.tar
OK   VanillaNonSignalizedTurnEncounterStopsign_Town04_Route203_Weather21 2460 files -> extras.tar
OK   VanillaNonSignalizedTurnEncounterStopsign_Town03_Route143_Weather13 7280 files -> extras.tar
OK   VanillaNonSignalizedTurnEncounterStopsign_Town05_Route256_Weather22 2760 files -> extras.tar
OK   VanillaNonSignalizedTurnEncounterStopsign_Town05_Route257_Weather23 3820 files -> extras.tar
OK   VanillaNonSignalizedTurnEncounterStopsign_Town05_Route258_Weather25 2660 files -> extras.tar
OK   VanillaNonSignalizedTurnEncounterStopsign_Town07_Route360_Weather22 2260 files -> extras.tar
OK   TJunction_Town15_Route496_Weather2 8580 files -> extras.tar
OK   VanillaNonSignalizedTurnEncounterStopsign_Town07_Route361_Weather23 1940 files -> extras.tar
OK   VanillaNonSignalizedTurnEncounterStopsign_Town04_Route202_Weather20 6180 files -> extras.tar
OK   VanillaNonSignalizedTurnEncounterStopsign_Town12_Route1015_Weather1 1980 files -> extras.tar
OK   VanillaNonSignalizedTurnEncounterStopsign_Town07_Route362_Weather23 2200 files -> extras.tar
OK   VanillaNonSignalizedTurnEncounterStopsign_Town12_Route1016_Weather2 1860 files -> extras.tar
OK   VanillaNonSignalizedTurnEncounterStopsign_Town12_Route876_Weather18 2740 files -> extras.tar
OK   TJunction_Town15_Route456_Weather14 9080 files -> extras.tar
OK   VanillaNonSignalizedTurnEncounterStopsign_Town12_Route877_Weather19 2300 files -> extras.tar
OK   VanillaNonSignalizedTurnEncounterStopsign_Town12_Route878_Weather20 2520 files -> extras.tar
OK   VanillaNonSignalizedTurnEncounterStopsign_Town12_Route879_Weather21 2240 files -> extras.tar
OK   VanillaNonSignalizedTurnEncounterStopsign_Town12_Route979_Weather9 1940 files -> extras.tar
OK   VanillaNonSignalizedTurnEncounterStopsign_Town12_Route946_Weather10 2100 files -> extras.tar
OK   VanillaNonSignalizedTurnEncounterStopsign_Town13_Route650_Weather0 1840 files -> extras.tar
OK   VanillaNonSignalizedTurnEncounterStopsign_Town13_Route651_Weather1 2040 files -> extras.tar
OK   VanillaNonSignalizedTurnEncounterStopsign_Town13_Route690_Weather14 2120 files -> extras.tar
OK   VanillaNonSignalizedTurnEncounterStopsign_Town13_Route648_Weather23 2380 files -> extras.tar
OK   VanillaNonSignalizedTurnEncounterStopsign_Town15_Route454_Weather12 1940 files -> extras.tar
OK   TJunction_Town15_Route495_Weather1 10720 files -> extras.tar
OK   VanillaNonSignalizedTurnEncounterStopsign_Town15_Route493_Weather25 2400 files -> extras.tar
OK   VanillaNonSignalizedTurnEncounterStopsign_Town15_Route455_Weather13 2440 files -> extras.tar
OK   VanillaNonSignalizedTurnEncounterStopsign_Town15_Route494_Weather0 2260 files -> extras.tar
OK   VanillaNonSignalizedTurnEncounterStopsign_Town15_Route509_Weather15 1700 files -> extras.tar
OK   VanillaNonSignalizedTurnEncounterStopsign_Town15_Route530_Weather10 2500 files -> extras.tar
OK   VanillaNonSignalizedTurnEncounterStopsign_Town15_Route535_Weather15 2520 files -> extras.tar
OK   VanillaSignalizedTurnEncounterGreenLight_Town05_Route250_Weather8 2560 files -> extras.tar
OK   VanillaSignalizedTurnEncounterGreenLight_Town05_Route251_Weather9 2360 files -> extras.tar
OK   VanillaSignalizedTurnEncounterGreenLight_Town05_Route252_Weather21 2500 files -> extras.tar
OK   VanillaSignalizedTurnEncounterGreenLight_Town04_Route196_Weather14 3560 files -> extras.tar
OK   VanillaSignalizedTurnEncounterGreenLight_Town04_Route198_Weather8 3560 files -> extras.tar
OK   VanillaSignalizedTurnEncounterGreenLight_Town03_Route137_Weather7 7520 files -> extras.tar
OK   VanillaSignalizedTurnEncounterGreenLight_Town07_Route356_Weather18 2060 files -> extras.tar
OK   VanillaSignalizedTurnEncounterGreenLight_Town03_Route139_Weather9 7620 files -> extras.tar
OK   VanillaSignalizedTurnEncounterGreenLight_Town12_Route869_Weather11 1860 files -> extras.tar
OK   VanillaSignalizedTurnEncounterGreenLight_Town10HD_Route386_Weather22 4980 files -> extras.tar
OK   VanillaSignalizedTurnEncounterGreenLight_Town07_Route354_Weather8 5320 files -> extras.tar
OK   VanillaSignalizedTurnEncounterGreenLight_Town07_Route355_Weather9 5120 files -> extras.tar
OK   VanillaSignalizedTurnEncounterGreenLight_Town10HD_Route387_Weather23 5140 files -> extras.tar
OK   VanillaSignalizedTurnEncounterGreenLight_Town04_Route197_Weather15 9100 files -> extras.tar
OK   VanillaSignalizedTurnEncounterGreenLight_Town10HD_Route392_Weather2 5120 files -> extras.tar
OK   VanillaSignalizedTurnEncounterGreenLight_Town13_Route642_Weather18 1680 files -> extras.tar
OK   VanillaSignalizedTurnEncounterGreenLight_Town12_Route870_Weather12 7560 files -> extras.tar
OK   VanillaSignalizedTurnEncounterGreenLight_Town12_Route868_Weather10 10620 files -> extras.tar
OK   VanillaSignalizedTurnEncounterGreenLight_Town13_Route640_Weather8 7600 files -> extras.tar
OK   VanillaSignalizedTurnEncounterGreenLight_Town13_Route641_Weather9 7380 files -> extras.tar
OK   VanillaSignalizedTurnEncounterGreenLight_Town13_Route643_Weather19 4980 files -> extras.tar
OK   VanillaSignalizedTurnEncounterGreenLight_Town15_Route489_Weather21 2000 files -> extras.tar
OK   VanillaSignalizedTurnEncounterGreenLight_Town12_Route871_Weather13 10500 files -> extras.tar
OK   VanillaSignalizedTurnEncounterGreenLight_Town12_Route944_Weather8 10380 files -> extras.tar
OK   VanillaSignalizedTurnEncounterGreenLight_Town15_Route451_Weather9 4860 files -> extras.tar
OK   VanillaSignalizedTurnEncounterRedLight_Town03_Route140_Weather10 3280 files -> extras.tar
OK   VanillaSignalizedTurnEncounterRedLight_Town03_Route141_Weather11 3720 files -> extras.tar
OK   VanillaSignalizedTurnEncounterRedLight_Town03_Route142_Weather12 4220 files -> extras.tar
OK   VanillaSignalizedTurnEncounterRedLight_Town04_Route200_Weather18 5120 files -> extras.tar
OK   VanillaSignalizedTurnEncounterRedLight_Town05_Route253_Weather19 4100 files -> extras.tar
OK   VanillaSignalizedTurnEncounterGreenLight_Town15_Route507_Weather13 5720 files -> extras.tar
OK   VanillaSignalizedTurnEncounterRedLight_Town04_Route199_Weather9 6380 files -> extras.tar
OK   VanillaSignalizedTurnEncounterRedLight_Town04_Route201_Weather19 6600 files -> extras.tar
OK   VanillaSignalizedTurnEncounterRedLight_Town05_Route255_Weather21 3740 files -> extras.tar
OK   VanillaSignalizedTurnEncounterRedLight_Town10HD_Route389_Weather25 3980 files -> extras.tar
OK   VanillaSignalizedTurnEncounterRedLight_Town10HD_Route388_Weather23 5940 files -> extras.tar
OK   VanillaSignalizedTurnEncounterRedLight_Town07_Route357_Weather19 6580 files -> extras.tar
OK   VanillaSignalizedTurnEncounterRedLight_Town07_Route359_Weather21 6540 files -> extras.tar
OK   VanillaSignalizedTurnEncounterRedLight_Town07_Route358_Weather20 6680 files -> extras.tar
OK   VanillaSignalizedTurnEncounterRedLight_Town10HD_Route393_Weather3 5880 files -> extras.tar
OK   VanillaSignalizedTurnEncounterRedLight_Town12_Route1054_Weather14 2340 files -> extras.tar
OK   VanillaSignalizedTurnEncounterGreenLight_Town15_Route490_Weather22 10720 files -> extras.tar
OK   VanillaSignalizedTurnEncounterRedLight_Town05_Route254_Weather20 11660 files -> extras.tar
OK   VanillaSignalizedTurnEncounterRedLight_Town13_Route644_Weather20 2960 files -> extras.tar
OK   VanillaSignalizedTurnEncounterRedLight_Town13_Route646_Weather22 2700 files -> extras.tar
OK   VanillaSignalizedTurnEncounterRedLight_Town12_Route872_Weather14 8580 files -> extras.tar
OK   VanillaSignalizedTurnEncounterRedLight_Town12_Route874_Weather8 11320 files -> extras.tar
OK   VanillaSignalizedTurnEncounterRedLight_Town12_Route875_Weather9 11540 files -> extras.tar
OK   VanillaSignalizedTurnEncounterRedLight_Town12_Route969_Weather7 10440 files -> extras.tar
OK   VanillaSignalizedTurnEncounterRedLight_Town13_Route645_Weather21 11300 files -> extras.tar
OK   VanillaSignalizedTurnEncounterRedLight_Town13_Route689_Weather13 3180 files -> extras.tar
OK   VanillaSignalizedTurnEncounterRedLight_Town12_Route945_Weather9 11520 files -> extras.tar
OK   VanillaSignalizedTurnEncounterRedLight_Town13_Route603_Weather15 10700 files -> extras.tar
OK   VanillaSignalizedTurnEncounterRedLight_Town15_Route452_Weather10 3800 files -> extras.tar
OK   VanillaSignalizedTurnEncounterRedLight_Town13_Route647_Weather23 8920 files -> extras.tar
OK   VanillaSignalizedTurnEncounterRedLight_Town15_Route492_Weather23 4240 files -> extras.tar
OK   VehicleTurningRoutePedestrian_Town12_Route1027_Weather13 4460 files -> extras.tar
OK   VehicleOpensDoorTwoWays_Town12_Route1196_Weather0 5560 files -> extras.tar
OK   VehicleTurningRoutePedestrian_Town12_Route826_Weather20 4280 files -> extras.tar
OK   VehicleTurningRoutePedestrian_Town12_Route827_Weather22 3280 files -> extras.tar
OK   VehicleOpensDoorTwoWays_Town12_Route1197_Weather1 6900 files -> extras.tar
OK   VehicleOpensDoorTwoWays_Town12_Route1203_Weather7 8480 files -> extras.tar
OK   VehicleTurningRoutePedestrian_Town12_Route1040_Weather0 10240 files -> extras.tar
OK   VehicleTurningRoutePedestrian_Town12_Route829_Weather25 10220 files -> extras.tar
REPACK PASS 1 DONE 2026-09-28T21:20:29+02:00
 /dev/nvme0n1p1    532G*   500G    750G   6days   2268k   5000k   7000k        
extracting the remaining 60 tarballs
OK   VehicleTurningRoutePedestrian_Town13_Route610_Weather12 3393 files
OK   VehicleTurningRoutePedestrian_Town13_Route607_Weather19 4872 files
OK   VehicleTurningRoutePedestrian_Town13_Route680_Weather10 4321 files
OK   VehicleTurningRoutePedestrian_Town12_Route999_Weather11 10730 files
OK   VehicleTurningRoutePedestrian_Town13_Route702_Weather14 7192 files
OK   VehicleTurningRoutePedestrian_Town13_Route609_Weather21 11165 files
OK   VehicleTurningRoutePedestrian_Town15_Route1387_Weather1 3799 files
OK   VehicleTurningRoutePedestrian_Town13_Route703_Weather1 3451 files
OK   VehicleTurningRoutePedestrian_Town15_Route481_Weather19 3509 files
OK   VehicleTurningRoutePedestrian_Town15_Route445_Weather11 5597 files
OK   VehicleTurningRoutePedestrian_Town12_Route970_Weather8 15109 files
OK   VehicleTurningRoutePedestrian_Town15_Route482_Weather20 3422 files
FAIL no-dir VehicleTurningRoutePedestrian_Town15_Route523_Weathe (archive root differs from name)
OK   VehicleTurningRoute_Town12_Route1026_Weather12 7134 files
OK   VehicleTurningRoute_Town12_Route824_Weather20 5481 files
OK   VehicleTurningRoute_Town12_Route933_Weather23 4031 files
OK   VehicleTurningRoute_Town12_Route825_Weather21 15602 files
OK   VehicleTurningRoute_Town12_Route822_Weather18 15544 files
OK   VehicleTurningRoute_Town13_Route605_Weather9 10991 files
OK   VehicleTurningRoute_Town13_Route679_Weather3 4002 files
OK   VehicleTurningRoute_Town12_Route997_Weather9 15689 files
OK   VehicleTurningRoute_Town13_Route698_Weather22 4408 files
OK   VehicleTurningRoute_Town13_Route606_Weather18 11223 files
OK   VehicleTurningRoute_Town13_Route699_Weather23 4756 files
OK   VehicleTurningRoute_Town13_Route700_Weather23 6699 files
OK   VanillaSignalizedTurnEncounterRedLight_Town15_Route491_Weather23 17139 files
OK   VehicleTurningRoute_Town15_Route1367_Weather3 5133 files
OK   VehicleTurningRoute_Town15_Route1368_Weather5 5278 files
OK   VehicleTurningRoute_Town15_Route1369_Weather6 3509 files
OK   VehicleTurningRoute_Town15_Route1370_Weather7 4466 files
OK   VehicleTurningRoute_Town15_Route1377_Weather8 3393 files
OK   VehicleTurningRoute_Town15_Route1376_Weather15 4785 files
OK   VehicleTurningRoute_Town15_Route1374_Weather13 5220 files
OK   VehicleTurningRoute_Town15_Route1378_Weather9 2900 files
OK   VehicleTurningRoute_Town15_Route1379_Weather18 2842 files
OK   VehicleTurningRoute_Town15_Route1380_Weather19 2726 files
OK   VehicleTurningRoute_Town15_Route479_Weather11 3857 files
OK   VehicleTurningRoute_Town15_Route480_Weather18 3393 files
OK   YieldToEmergencyVehicle_Town03_Route148_Weather18 4872 files
OK   VehicleTurningRoute_Town15_Route519_Weather25 4640 files
OK   VehicleTurningRoute_Town15_Route504_Weather10 5104 files
OK   YieldToEmergencyVehicle_Town04_Route165_Weather7 4321 files
OK   VehicleTurningRoute_Town15_Route443_Weather1 6612 files
OK   YieldToEmergencyVehicle_Town04_Route207_Weather25 4611 files
OK   YieldToEmergencyVehicle_Town12_Route778_Weather14 5162 files
OK   YieldToEmergencyVehicle_Town04_Route166_Weather10 9599 files
OK   YieldToEmergencyVehicle_Town12_Route917_Weather7 5133 files
OK   YieldToEmergencyVehicle_Town12_Route918_Weather8 5249 files
OK   YieldToEmergencyVehicle_Town05_Route225_Weather9 9918 files
OK   YieldToEmergencyVehicle_Town12_Route779_Weather25 7308 files
OK   YieldToEmergencyVehicle_Town12_Route781_Weather8 6931 files
OK   YieldToEmergencyVehicle_Town12_Route919_Weather11 5307 files
OK   YieldToEmergencyVehicle_Town13_Route561_Weather14 6061 files
OK   YieldToEmergencyVehicle_Town13_Route673_Weather23 5887 files
OK   YieldToEmergencyVehicle_Town13_Route675_Weather25 5858 files
OK   YieldToEmergencyVehicle_Town13_Route560_Weather14 5278 files
OK   YieldToEmergencyVehicle_Town13_Route562_Weather15 4872 files
OK   YieldToEmergencyVehicle_Town15_Route423_Weather7 4176 files
OK   YieldToEmergencyVehicle_Town15_Route424_Weather8 4147 files
OK   YieldToEmergencyVehicle_Town15_Route425_Weather9 4292 files
DONE 2026-09-28T21:21:11+02:00: 1000 dirs, 1 tarballs left
SKIP Accident_Town03_Route101_Weather23
SKIP Accident_Town03_Route146_Weather8
SKIP Accident_Town03_Route102_Weather20
SKIP Accident_Town03_Route156_Weather0
SKIP Accident_Town04_Route205_Weather23
SKIP Accident_Town04_Route159_Weather3
SKIP Accident_Town04_Route160_Weather3
SKIP Accident_Town05_Route218_Weather10
SKIP Accident_Town05_Route219_Weather11
SKIP Accident_Town06_Route279_Weather19
SKIP Accident_Town06_Route280_Weather11
SKIP Accident_Town06_Route308_Weather22
SKIP Accident_Town06_Route327_Weather15
SKIP Accident_Town12_Route1122_Weather3
SKIP Accident_Town12_Route766_Weather12
SKIP Accident_Town12_Route767_Weather13
SKIP Accident_Town12_Route768_Weather14
SKIP Accident_Town12_Route769_Weather15
SKIP Accident_Town12_Route1108_Weather8
SKIP Accident_Town12_Route956_Weather20
SKIP Accident_Town12_Route957_Weather21
SKIP Accident_Town13_Route550_Weather3
SKIP Accident_Town13_Route551_Weather5
SKIP Accident_Town13_Route552_Weather6
SKIP Accident_Town15_Route411_Weather21
SKIP Accident_Town15_Route412_Weather22
SKIP Accident_Town15_Route413_Weather23
SKIP Accident_Town15_Route414_Weather23
SKIP AccidentTwoWays_Town12_Route1102_Weather10
SKIP AccidentTwoWays_Town12_Route1103_Weather11
SKIP AccidentTwoWays_Town12_Route1104_Weather12
SKIP AccidentTwoWays_Town12_Route1105_Weather13
SKIP AccidentTwoWays_Town12_Route1106_Weather14
SKIP AccidentTwoWays_Town12_Route1109_Weather9
SKIP AccidentTwoWays_Town12_Route1110_Weather18
SKIP AccidentTwoWays_Town12_Route1111_Weather19
SKIP AccidentTwoWays_Town12_Route1107_Weather15
SKIP AccidentTwoWays_Town12_Route1112_Weather20
SKIP AccidentTwoWays_Town12_Route1113_Weather21
SKIP AccidentTwoWays_Town12_Route1114_Weather22
SKIP AccidentTwoWays_Town12_Route1115_Weather23
SKIP AccidentTwoWays_Town12_Route1116_Weather23
SKIP AccidentTwoWays_Town12_Route1117_Weather25
SKIP AccidentTwoWays_Town12_Route1120_Weather2
SKIP AccidentTwoWays_Town12_Route1121_Weather3
SKIP AccidentTwoWays_Town12_Route1119_Weather1
SKIP AccidentTwoWays_Town12_Route1124_Weather18
SKIP AccidentTwoWays_Town12_Route1126_Weather8
SKIP AccidentTwoWays_Town12_Route1127_Weather9
SKIP AccidentTwoWays_Town12_Route1444_Weather0
SKIP AccidentTwoWays_Town12_Route1445_Weather1
SKIP AccidentTwoWays_Town12_Route1446_Weather2
SKIP AccidentTwoWays_Town12_Route1448_Weather5
SKIP AccidentTwoWays_Town12_Route1453_Weather12
SKIP AccidentTwoWays_Town12_Route1454_Weather13
SKIP AccidentTwoWays_Town12_Route1455_Weather14
SKIP AccidentTwoWays_Town12_Route1456_Weather15
SKIP AccidentTwoWays_Town12_Route1458_Weather9
SKIP AccidentTwoWays_Town12_Route1459_Weather18
SKIP AccidentTwoWays_Town12_Route1461_Weather20
SKIP AccidentTwoWays_Town12_Route1463_Weather22
SKIP AccidentTwoWays_Town12_Route1469_Weather3
SKIP AccidentTwoWays_Town12_Route1468_Weather2
SKIP BlockedIntersection_Town03_Route134_Weather3
SKIP BlockedIntersection_Town03_Route135_Weather5
SKIP BlockedIntersection_Town03_Route136_Weather6
SKIP BlockedIntersection_Town04_Route193_Weather11
SKIP BlockedIntersection_Town04_Route194_Weather12
SKIP BlockedIntersection_Town04_Route195_Weather13
SKIP BlockedIntersection_Town05_Route247_Weather19
SKIP BlockedIntersection_Town05_Route248_Weather14
SKIP BlockedIntersection_Town05_Route272_Weather12
SKIP BlockedIntersection_Town07_Route351_Weather13
SKIP BlockedIntersection_Town07_Route352_Weather14
SKIP BlockedIntersection_Town07_Route353_Weather15
SKIP BlockedIntersection_Town10HD_Route391_Weather1
SKIP BlockedIntersection_Town12_Route834_Weather2
SKIP BlockedIntersection_Town12_Route835_Weather3
SKIP BlockedIntersection_Town12_Route836_Weather3
SKIP BlockedIntersection_Town12_Route936_Weather0
SKIP BlockedIntersection_Town13_Route615_Weather9
SKIP BlockedIntersection_Town13_Route616_Weather18
SKIP BlockedIntersection_Town13_Route617_Weather19
SKIP BlockedIntersection_Town13_Route618_Weather20
SKIP BlockedIntersection_Town15_Route485_Weather9
SKIP BlockedIntersection_Town15_Route486_Weather18
SKIP ConstructionObstacle_Town03_Route60_Weather8
SKIP ConstructionObstacle_Town03_Route61_Weather9
SKIP ConstructionObstacle_Town03_Route62_Weather10
SKIP ConstructionObstacle_Town03_Route63_Weather11
SKIP ConstructionObstacle_Town04_Route64_Weather12
SKIP ConstructionObstacle_Town04_Route65_Weather13
SKIP ConstructionObstacle_Town04_Route66_Weather14
SKIP ConstructionObstacle_Town04_Route67_Weather15
SKIP ConstructionObstacle_Town05_Route68_Weather8
SKIP ConstructionObstacle_Town05_Route69_Weather9
SKIP ConstructionObstacle_Town05_Route70_Weather18
SKIP ConstructionObstacle_Town05_Route71_Weather19
SKIP ConstructionObstacle_Town06_Route72_Weather20
SKIP ConstructionObstacle_Town06_Route73_Weather21
SKIP ConstructionObstacle_Town10HD_Route74_Weather22
SKIP ConstructionObstacle_Town12_Route75_Weather23
SKIP ConstructionObstacle_Town12_Route76_Weather23
SKIP ConstructionObstacle_Town12_Route77_Weather25
SKIP ConstructionObstacle_Town12_Route78_Weather0
SKIP ConstructionObstacle_Town12_Route79_Weather1
SKIP ConstructionObstacle_Town13_Route81_Weather3
SKIP ConstructionObstacle_Town13_Route82_Weather3
SKIP ConstructionObstacle_Town13_Route80_Weather2
SKIP ConstructionObstacle_Town13_Route83_Weather5
SKIP ConstructionObstacle_Town15_Route84_Weather6
SKIP ConstructionObstacle_Town15_Route85_Weather7
SKIP ConstructionObstacle_Town15_Route87_Weather9
SKIP ConstructionObstacleTwoWays_Town12_Route1080_Weather14
SKIP ConstructionObstacleTwoWays_Town12_Route1083_Weather9
SKIP ConstructionObstacleTwoWays_Town12_Route1084_Weather5
SKIP ConstructionObstacleTwoWays_Town12_Route1085_Weather6
SKIP ConstructionObstacleTwoWays_Town12_Route1086_Weather20
SKIP ConstructionObstacleTwoWays_Town12_Route1089_Weather23
SKIP ConstructionObstacleTwoWays_Town12_Route1091_Weather12
SKIP ConstructionObstacleTwoWays_Town12_Route1093_Weather1
SKIP ConstructionObstacleTwoWays_Town12_Route1094_Weather2
SKIP ConstructionObstacleTwoWays_Town12_Route1095_Weather3
SKIP ConstructionObstacleTwoWays_Town12_Route1096_Weather3
SKIP ConstructionObstacleTwoWays_Town12_Route1097_Weather5
SKIP ConstructionObstacleTwoWays_Town12_Route1098_Weather6
SKIP ConstructionObstacleTwoWays_Town12_Route1099_Weather7
SKIP ConstructionObstacleTwoWays_Town12_Route1100_Weather14
SKIP ConstructionObstacleTwoWays_Town12_Route1404_Weather26
SKIP ConstructionObstacleTwoWays_Town12_Route1406_Weather26
SKIP ConstructionObstacleTwoWays_Town12_Route1410_Weather26
SKIP ConstructionObstacleTwoWays_Town12_Route1413_Weather26
SKIP ConstructionObstacleTwoWays_Town12_Route1414_Weather26
SKIP ConstructionObstacleTwoWays_Town12_Route1415_Weather26
SKIP ConstructionObstacleTwoWays_Town12_Route1418_Weather26
SKIP ConstructionObstacleTwoWays_Town12_Route1419_Weather26
SKIP ConstructionObstacleTwoWays_Town12_Route1421_Weather26
SKIP ConstructionObstacleTwoWays_Town12_Route1422_Weather26
SKIP ConstructionObstacleTwoWays_Town12_Route1424_Weather26
SKIP ControlLoss_Town04_Route169_Weather13
SKIP ControlLoss_Town04_Route170_Weather14
SKIP ControlLoss_Town07_Route332_Weather20
SKIP ConstructionObstacleTwoWays_Town12_Route1425_Weather26
SKIP ControlLoss_Town07_Route333_Weather21
SKIP ControlLoss_Town10HD_Route377_Weather13
SKIP ControlLoss_Town10HD_Route378_Weather14
SKIP ControlLoss_Town11_Route401_Weather11
SKIP ControlLoss_Town11_Route402_Weather12
SKIP ControlLoss_Town13_Route574_Weather19
SKIP ControlLoss_Town15_Route430_Weather14
SKIP ControlLoss_Town15_Route431_Weather15
SKIP ControlLoss_Town15_Route432_Weather8
SKIP ControlLoss_Town15_Route433_Weather9
SKIP CrossingBicycleFlow_Town12_Route1011_Weather23
SKIP CrossingBicycleFlow_Town12_Route1012_Weather23
SKIP CrossingBicycleFlow_Town12_Route1032_Weather18
SKIP CrossingBicycleFlow_Town12_Route1050_Weather10
SKIP CrossingBicycleFlow_Town12_Route1044_Weather3
SKIP CrossingBicycleFlow_Town12_Route1061_Weather21
SKIP CrossingBicycleFlow_Town12_Route1062_Weather22
SKIP CrossingBicycleFlow_Town12_Route1063_Weather23
SKIP CrossingBicycleFlow_Town12_Route1065_Weather25
SKIP CrossingBicycleFlow_Town12_Route1064_Weather23
SKIP CrossingBicycleFlow_Town12_Route1066_Weather0
SKIP CrossingBicycleFlow_Town12_Route1067_Weather1
SKIP CrossingBicycleFlow_Town12_Route1068_Weather2
SKIP CrossingBicycleFlow_Town12_Route1070_Weather3
SKIP CrossingBicycleFlow_Town12_Route1071_Weather0
SKIP CrossingBicycleFlow_Town12_Route1072_Weather6
SKIP CrossingBicycleFlow_Town12_Route1073_Weather7
SKIP CrossingBicycleFlow_Town12_Route1074_Weather8
SKIP CrossingBicycleFlow_Town12_Route1075_Weather9
SKIP CrossingBicycleFlow_Town12_Route1076_Weather10
SKIP CrossingBicycleFlow_Town12_Route1077_Weather11
SKIP CrossingBicycleFlow_Town12_Route1078_Weather12
SKIP CrossingBicycleFlow_Town12_Route860_Weather2
SKIP CrossingBicycleFlow_Town12_Route862_Weather3
SKIP CrossingBicycleFlow_Town12_Route863_Weather5
SKIP CrossingBicycleFlow_Town12_Route977_Weather15
SKIP DynamicObjectCrossing_Town01_Route1_Weather1
SKIP DynamicObjectCrossing_Town01_Route2_Weather2
SKIP DynamicObjectCrossing_Town01_Route3_Weather3
SKIP DynamicObjectCrossing_Town01_Route4_Weather3
SKIP DynamicObjectCrossing_Town01_Route5_Weather2
SKIP DynamicObjectCrossing_Town01_Route6_Weather6
SKIP DynamicObjectCrossing_Town01_Route7_Weather7
SKIP DynamicObjectCrossing_Town01_Route8_Weather3
SKIP DynamicObjectCrossing_Town02_Route11_Weather11
SKIP DynamicObjectCrossing_Town02_Route12_Weather12
SKIP DynamicObjectCrossing_Town02_Route13_Weather6
SKIP DynamicObjectCrossing_Town02_Route14_Weather14
SKIP DynamicObjectCrossing_Town02_Route15_Weather15
SKIP DynamicObjectCrossing_Town02_Route9_Weather9
SKIP DynamicObjectCrossing_Town10HD_Route18_Weather18
SKIP DynamicObjectCrossing_Town10HD_Route19_Weather19
SKIP DynamicObjectCrossing_Town12_Route21_Weather21
SKIP DynamicObjectCrossing_Town11_Route20_Weather20
SKIP DynamicObjectCrossing_Town12_Route22_Weather22
SKIP DynamicObjectCrossing_Town12_Route23_Weather23
SKIP DynamicObjectCrossing_Town13_Route24_Weather23
SKIP DynamicObjectCrossing_Town13_Route25_Weather25
SKIP DynamicObjectCrossing_Town13_Route26_Weather0
SKIP DynamicObjectCrossing_Town15_Route27_Weather1
SKIP DynamicObjectCrossing_Town15_Route28_Weather2
SKIP DynamicObjectCrossing_Town15_Route29_Weather3
SKIP EnterActorFlow_Town03_Route132_Weather2
SKIP EnterActorFlow_Town04_Route192_Weather10
SKIP EnterActorFlow_Town05_Route245_Weather9
SKIP EnterActorFlow_Town07_Route348_Weather10
SKIP EnterActorFlow_Town05_Route271_Weather11
SKIP EnterActorFlow_Town07_Route349_Weather11
SKIP EnterActorFlow_Town07_Route350_Weather12
SKIP EnterActorFlow_Town12_Route830_Weather23
SKIP EnterActorFlow_Town12_Route831_Weather25
SKIP EnterActorFlow_Town12_Route832_Weather0
SKIP EnterActorFlow_Town13_Route611_Weather13
SKIP EnterActorFlow_Town13_Route612_Weather14
SKIP EnterActorFlow_Town13_Route613_Weather15
SKIP EnterActorFlow_Town13_Route681_Weather5
SKIP HardBreakRoute_Town01_Route30_Weather3
SKIP EnterActorFlow_Town13_Route614_Weather8
SKIP HardBreakRoute_Town01_Route31_Weather5
SKIP HardBreakRoute_Town01_Route32_Weather6
SKIP HardBreakRoute_Town02_Route33_Weather7
SKIP HardBreakRoute_Town02_Route34_Weather8
SKIP HardBreakRoute_Town02_Route35_Weather9
SKIP HardBreakRoute_Town03_Route36_Weather10
SKIP HardBreakRoute_Town03_Route37_Weather11
SKIP HardBreakRoute_Town03_Route38_Weather12
SKIP HardBreakRoute_Town04_Route39_Weather13
SKIP HardBreakRoute_Town04_Route40_Weather14
SKIP HardBreakRoute_Town04_Route41_Weather15
SKIP HardBreakRoute_Town05_Route42_Weather8
SKIP HardBreakRoute_Town05_Route43_Weather9
SKIP HardBreakRoute_Town05_Route44_Weather18
SKIP HardBreakRoute_Town06_Route45_Weather19
SKIP HardBreakRoute_Town06_Route46_Weather20
SKIP HardBreakRoute_Town07_Route47_Weather21
SKIP HardBreakRoute_Town10HD_Route49_Weather23
SKIP HardBreakRoute_Town11_Route50_Weather23
SKIP HardBreakRoute_Town12_Route51_Weather25
SKIP HardBreakRoute_Town12_Route52_Weather0
SKIP HardBreakRoute_Town12_Route53_Weather1
SKIP HardBreakRoute_Town07_Route48_Weather22
SKIP HardBreakRoute_Town13_Route1337_Weather26
SKIP HardBreakRoute_Town13_Route1338_Weather26
SKIP HardBreakRoute_Town13_Route1339_Weather26
SKIP HardBreakRoute_Town13_Route1340_Weather26
SKIP HardBreakRoute_Town13_Route1341_Weather26
SKIP HardBreakRoute_Town13_Route54_Weather2
SKIP HardBreakRoute_Town13_Route56_Weather3
SKIP HardBreakRoute_Town13_Route55_Weather3
SKIP HardBreakRoute_Town15_Route57_Weather5
SKIP HardBreakRoute_Town15_Route58_Weather6
SKIP HardBreakRoute_Town15_Route59_Weather7
SKIP HazardAtSideLane_Town03_Route105_Weather22
SKIP HazardAtSideLane_Town03_Route106_Weather23
SKIP HazardAtSideLane_Town04_Route164_Weather8
SKIP HazardAtSideLane_Town05_Route222_Weather0
SKIP HazardAtSideLane_Town05_Route223_Weather15
SKIP HazardAtSideLane_Town05_Route263_Weather3
SKIP HazardAtSideLane_Town06_Route283_Weather23
SKIP HazardAtSideLane_Town06_Route329_Weather9
SKIP HazardAtSideLane_Town10HD_Route373_Weather9
SKIP HazardAtSideLane_Town12_Route1506_Weather0
SKIP HazardAtSideLane_Town12_Route1507_Weather1
SKIP HazardAtSideLane_Town12_Route1508_Weather2
SKIP HazardAtSideLane_Town12_Route1512_Weather7
SKIP HazardAtSideLane_Town12_Route1515_Weather12
SKIP HazardAtSideLane_Town12_Route1516_Weather13
SKIP HazardAtSideLane_Town12_Route1518_Weather15
SKIP HazardAtSideLane_Town12_Route1519_Weather8
SKIP HazardAtSideLane_Town12_Route1520_Weather9
SKIP HazardAtSideLane_Town12_Route1517_Weather14
SKIP HazardAtSideLane_Town12_Route1521_Weather18
SKIP HazardAtSideLane_Town12_Route1523_Weather20
SKIP HazardAtSideLane_Town12_Route1524_Weather21
SKIP HazardAtSideLane_Town12_Route1525_Weather22
SKIP HazardAtSideLane_Town12_Route1526_Weather23
SKIP HazardAtSideLane_Town12_Route1528_Weather0
SKIP HazardAtSideLane_Town12_Route1530_Weather2
SKIP HazardAtSideLane_Town12_Route1527_Weather25
SKIP HazardAtSideLane_Town12_Route1532_Weather5
SKIP HazardAtSideLane_Town12_Route1534_Weather7
SKIP HazardAtSideLane_Town12_Route1536_Weather11
SKIP HazardAtSideLane_Town12_Route1535_Weather10
SKIP HazardAtSideLane_Town12_Route1533_Weather6
SKIP HazardAtSideLane_Town12_Route1537_Weather12
SKIP HazardAtSideLane_Town12_Route1538_Weather13
SKIP HazardAtSideLane_Town12_Route775_Weather12
SKIP HazardAtSideLane_Town12_Route774_Weather20
SKIP HazardAtSideLane_Town12_Route777_Weather23
SKIP HazardAtSideLane_Town12_Route915_Weather7
SKIP HazardAtSideLane_Town12_Route960_Weather20
SKIP HazardAtSideLane_Town12_Route961_Weather25
SKIP HazardAtSideLane_Town15_Route420_Weather3
SKIP HazardAtSideLaneTwoWays_Town12_Route1128_Weather10
SKIP HazardAtSideLane_Town15_Route421_Weather5
SKIP HazardAtSideLaneTwoWays_Town12_Route1129_Weather11
SKIP HazardAtSideLaneTwoWays_Town12_Route1131_Weather13
SKIP HazardAtSideLaneTwoWays_Town12_Route1130_Weather12
SKIP HazardAtSideLane_Town13_Route558_Weather12
SKIP HazardAtSideLaneTwoWays_Town12_Route1132_Weather14
SKIP HazardAtSideLaneTwoWays_Town12_Route1133_Weather15
SKIP HazardAtSideLaneTwoWays_Town12_Route1134_Weather8
SKIP HazardAtSideLaneTwoWays_Town12_Route1135_Weather9
SKIP HazardAtSideLaneTwoWays_Town12_Route1136_Weather18
SKIP HazardAtSideLaneTwoWays_Town12_Route1137_Weather19
SKIP HazardAtSideLaneTwoWays_Town12_Route1138_Weather20
SKIP HazardAtSideLaneTwoWays_Town12_Route1139_Weather21
SKIP HazardAtSideLaneTwoWays_Town12_Route1140_Weather22
SKIP HazardAtSideLaneTwoWays_Town12_Route1141_Weather23
SKIP HazardAtSideLaneTwoWays_Town12_Route1142_Weather23
SKIP HazardAtSideLaneTwoWays_Town12_Route1143_Weather25
SKIP HazardAtSideLaneTwoWays_Town12_Route1145_Weather1
SKIP HazardAtSideLaneTwoWays_Town12_Route1144_Weather0
SKIP HazardAtSideLaneTwoWays_Town12_Route1147_Weather3
SKIP HazardAtSideLaneTwoWays_Town12_Route1146_Weather2
SKIP HazardAtSideLaneTwoWays_Town12_Route1151_Weather7
SKIP HazardAtSideLaneTwoWays_Town12_Route1152_Weather8
SKIP HazardAtSideLaneTwoWays_Town12_Route1153_Weather9
SKIP HazardAtSideLaneTwoWays_Town12_Route1154_Weather10
SKIP HazardAtSideLaneTwoWays_Town12_Route1155_Weather11
SKIP HazardAtSideLaneTwoWays_Town12_Route1156_Weather12
SKIP HazardAtSideLaneTwoWays_Town12_Route1157_Weather13
SKIP HighwayCutIn_Town06_Route298_Weather20
SKIP HighwayCutIn_Town06_Route299_Weather13
SKIP HighwayCutIn_Town06_Route320_Weather8
SKIP HighwayCutIn_Town06_Route300_Weather14
SKIP HighwayCutIn_Town06_Route321_Weather9
SKIP HighwayCutIn_Town06_Route322_Weather10
SKIP HighwayCutIn_Town12_Route1005_Weather9
SKIP HighwayCutIn_Town12_Route1029_Weather15
SKIP HighwayCutIn_Town12_Route1042_Weather2
SKIP HighwayCutIn_Town12_Route1006_Weather18
SKIP HighwayCutIn_Town12_Route1047_Weather7
SKIP HighwayCutIn_Town12_Route1052_Weather12
SKIP HighwayCutIn_Town12_Route849_Weather9
SKIP HighwayCutIn_Town12_Route850_Weather18
SKIP HighwayCutIn_Town12_Route851_Weather19
SKIP HighwayCutIn_Town12_Route974_Weather12
SKIP HighwayCutIn_Town13_Route628_Weather3
SKIP HighwayCutIn_Town13_Route629_Weather5
SKIP HighwayCutIn_Town12_Route940_Weather3
SKIP HighwayCutIn_Town13_Route630_Weather6
SKIP HighwayCutIn_Town13_Route685_Weather9
SKIP HighwayCutIn_Town13_Route631_Weather7
SKIP HighwayCutIn_Town13_Route713_Weather11
SKIP HighwayCutIn_Town13_Route745_Weather9
SKIP HighwayCutIn_Town13_Route750_Weather22
SKIP HighwayCutIn_Town13_Route734_Weather6
SKIP HighwayCutIn_Town13_Route751_Weather23
SKIP HighwayExit_Town06_Route291_Weather5
SKIP HighwayExit_Town06_Route292_Weather14
SKIP HighwayExit_Town06_Route293_Weather15
SKIP HighwayExit_Town06_Route311_Weather25
SKIP HighwayExit_Town06_Route312_Weather0
SKIP HighwayExit_Town06_Route313_Weather1
SKIP HighwayExit_Town12_Route1000_Weather12
SKIP HighwayExit_Town12_Route1028_Weather14
SKIP HighwayExit_Town12_Route1041_Weather1
SKIP HighwayExit_Town12_Route1046_Weather6
SKIP HighwayExit_Town12_Route1051_Weather11
SKIP HighwayExit_Town12_Route1324_Weather0
SKIP HighwayExit_Town12_Route1326_Weather2
SKIP HighwayExit_Town12_Route1327_Weather3
SKIP HighwayExit_Town12_Route1331_Weather10
SKIP HighwayExit_Town12_Route838_Weather6
SKIP HighwayExit_Town12_Route841_Weather9
SKIP HighwayExit_Town12_Route937_Weather1
SKIP HighwayExit_Town13_Route619_Weather21
SKIP HighwayExit_Town13_Route620_Weather22
SKIP HighwayExit_Town13_Route621_Weather23
SKIP HighwayExit_Town13_Route622_Weather23
SKIP HighwayExit_Town13_Route683_Weather7
SKIP HighwayExit_Town13_Route704_Weather2
SKIP HighwayExit_Town13_Route705_Weather3
SKIP HighwayExit_Town13_Route706_Weather3
SKIP HighwayExit_Town13_Route744_Weather8
SKIP HighwayExit_Town13_Route748_Weather20
SKIP HighwayExit_Town13_Route749_Weather21
SKIP InterurbanActorFlow_Town06_Route294_Weather8
SKIP InterurbanActorFlow_Town06_Route314_Weather2
SKIP InterurbanActorFlow_Town06_Route315_Weather3
SKIP InterurbanActorFlow_Town06_Route316_Weather3
SKIP InterurbanActorFlow_Town12_Route1291_Weather1
SKIP InterurbanActorFlow_Town12_Route1292_Weather2
SKIP InterurbanActorFlow_Town12_Route1296_Weather7
SKIP InterurbanActorFlow_Town12_Route842_Weather10
SKIP InterurbanActorFlow_Town12_Route843_Weather11
SKIP InterurbanActorFlow_Town12_Route938_Weather2
SKIP InterurbanActorFlow_Town13_Route623_Weather25
SKIP InterurbanActorFlow_Town13_Route708_Weather6
SKIP InterurbanActorFlow_Town13_Route707_Weather5
SKIP InterurbanAdvancedActorFlow_Town06_Route301_Weather15
SKIP InterurbanAdvancedActorFlow_Town06_Route303_Weather22
SKIP InterurbanAdvancedActorFlow_Town06_Route302_Weather21
SKIP InterurbanAdvancedActorFlow_Town06_Route324_Weather2
SKIP InterurbanAdvancedActorFlow_Town06_Route330_Weather18
SKIP InterurbanAdvancedActorFlow_Town06_Route325_Weather13
SKIP InterurbanAdvancedActorFlow_Town06_Route331_Weather19
SKIP InterurbanAdvancedActorFlow_Town12_Route1030_Weather8
SKIP InterurbanAdvancedActorFlow_Town12_Route1048_Weather8
SKIP InterurbanAdvancedActorFlow_Town12_Route854_Weather22
SKIP InterurbanAdvancedActorFlow_Town13_Route686_Weather10
SKIP InterurbanAdvancedActorFlow_Town13_Route735_Weather7
SKIP InterurbanAdvancedActorFlow_Town13_Route753_Weather25
SKIP InvadingTurn_Town02_Route95_Weather9
SKIP InterurbanAdvancedActorFlow_Town13_Route715_Weather13
SKIP InvadingTurn_Town02_Route99_Weather21
SKIP InvadingTurn_Town05_Route230_Weather22
SKIP InvadingTurn_Town04_Route217_Weather9
SKIP InterurbanAdvancedActorFlow_Town13_Route634_Weather10
SKIP InvadingTurn_Town05_Route231_Weather23
SKIP InvadingTurn_Town05_Route266_Weather6
SKIP InvadingTurn_Town12_Route796_Weather8
SKIP InvadingTurn_Town12_Route924_Weather14
SKIP InvadingTurn_Town12_Route925_Weather15
SKIP InvadingTurn_Town13_Route575_Weather3
SKIP InvadingTurn_Town13_Route578_Weather6
SKIP InvadingTurn_Town15_Route436_Weather20
SKIP InvadingTurn_Town15_Route434_Weather18
SKIP LaneChange_Town06_Route277_Weather9
SKIP LaneChange_Town06_Route326_Weather3
SKIP LaneChange_Town12_Route756_Weather2
SKIP LaneChange_Town06_Route307_Weather21
SKIP LaneChange_Town12_Route757_Weather10
SKIP LaneChange_Town12_Route892_Weather8
SKIP LaneChange_Town12_Route894_Weather10
SKIP LaneChange_Town12_Route983_Weather5
SKIP LaneChange_Town12_Route984_Weather22
SKIP LaneChange_Town13_Route664_Weather14
SKIP LaneChange_Town13_Route726_Weather21
SKIP LaneChange_Town13_Route725_Weather23
SKIP LaneChange_Town13_Route739_Weather25
SKIP LaneChange_Town13_Route740_Weather0
SKIP LaneChange_Town13_Route743_Weather3
SKIP MergerIntoSlowTraffic_Town06_Route317_Weather5
SKIP MergerIntoSlowTraffic_Town12_Route1003_Weather8
SKIP MergerIntoSlowTraffic_Town12_Route1004_Weather8
SKIP MergerIntoSlowTraffic_Town12_Route844_Weather12
SKIP MergerIntoSlowTraffic_Town12_Route845_Weather13
SKIP MergerIntoSlowTraffic_Town12_Route973_Weather11
SKIP MergerIntoSlowTraffic_Town13_Route626_Weather2
SKIP MergerIntoSlowTraffic_Town13_Route627_Weather3
SKIP MergerIntoSlowTrafficV2_Town12_Route1009_Weather21
SKIP MergerIntoSlowTrafficV2_Town12_Route1010_Weather22
SKIP MergerIntoSlowTrafficV2_Town12_Route1031_Weather9
SKIP MergerIntoSlowTrafficV2_Town12_Route1043_Weather3
SKIP MergerIntoSlowTrafficV2_Town12_Route1053_Weather13
SKIP MergerIntoSlowTrafficV2_Town12_Route1055_Weather15
SKIP MergerIntoSlowTrafficV2_Town12_Route1056_Weather8
SKIP MergerIntoSlowTrafficV2_Town12_Route1057_Weather9
SKIP MergerIntoSlowTrafficV2_Town12_Route1058_Weather18
SKIP MergerIntoSlowTrafficV2_Town12_Route1059_Weather19
SKIP MergerIntoSlowTrafficV2_Town12_Route1060_Weather20
SKIP MergerIntoSlowTrafficV2_Town12_Route856_Weather23
SKIP MergerIntoSlowTrafficV2_Town12_Route857_Weather25
SKIP MergerIntoSlowTrafficV2_Town12_Route858_Weather0
SKIP MergerIntoSlowTrafficV2_Town12_Route859_Weather1
SKIP MergerIntoSlowTrafficV2_Town12_Route941_Weather5
SKIP MergerIntoSlowTrafficV2_Town12_Route976_Weather14
SKIP MergerIntoSlowTrafficV2_Town15_Route525_Weather5
SKIP NonSignalizedJunctionLeftTurnEnterFlow_Town12_Route1022_Weather8
SKIP NonSignalizedJunctionLeftTurnEnterFlow_Town12_Route888_Weather3
SKIP NonSignalizedJunctionLeftTurnEnterFlow_Town12_Route1035_Weather21
SKIP NonSignalizedJunctionLeftTurnEnterFlow_Town12_Route891_Weather7
SKIP NonSignalizedJunctionLeftTurnEnterFlow_Town12_Route949_Weather13
SKIP NonSignalizedJunctionLeftTurnEnterFlow_Town13_Route660_Weather10
SKIP NonSignalizedJunctionLeftTurnEnterFlow_Town12_Route982_Weather20
SKIP NonSignalizedJunctionLeftTurnEnterFlow_Town13_Route661_Weather11
SKIP NonSignalizedJunctionLeftTurnEnterFlow_Town13_Route722_Weather20
SKIP NonSignalizedJunctionLeftTurnEnterFlow_Town13_Route723_Weather21
SKIP NonSignalizedJunctionLeftTurnEnterFlow_Town13_Route724_Weather22
SKIP NonSignalizedJunctionLeftTurnEnterFlow_Town15_Route460_Weather18
SKIP NonSignalizedJunctionLeftTurnEnterFlow_Town13_Route738_Weather10
SKIP NonSignalizedJunctionLeftTurnEnterFlow_Town15_Route499_Weather5
SKIP NonSignalizedJunctionLeftTurnEnterFlow_Town15_Route512_Weather18
SKIP NonSignalizedJunctionLeftTurnEnterFlow_Town15_Route533_Weather13
SKIP NonSignalizedJunctionLeftTurn_Town03_Route122_Weather26
SKIP NonSignalizedJunctionLeftTurnEnterFlow_Town15_Route537_Weather9
SKIP NonSignalizedJunctionLeftTurnEnterFlow_Town15_Route532_Weather12
SKIP NonSignalizedJunctionLeftTurn_Town03_Route123_Weather26
SKIP NonSignalizedJunctionLeftTurn_Town03_Route153_Weather26
SKIP NonSignalizedJunctionLeftTurn_Town03_Route124_Weather26
SKIP NonSignalizedJunctionLeftTurn_Town04_Route181_Weather15
SKIP NonSignalizedJunctionLeftTurn_Town04_Route182_Weather26
SKIP NonSignalizedJunctionLeftTurn_Town04_Route183_Weather1
SKIP NonSignalizedJunctionLeftTurn_Town04_Route212_Weather26
SKIP NonSignalizedJunctionLeftTurn_Town05_Route238_Weather26
SKIP NonSignalizedJunctionLeftTurn_Town05_Route239_Weather26
SKIP NonSignalizedJunctionLeftTurn_Town05_Route240_Weather26
SKIP NonSignalizedJunctionLeftTurn_Town07_Route342_Weather3
SKIP NonSignalizedJunctionLeftTurn_Town07_Route344_Weather6
SKIP NonSignalizedJunctionLeftTurn_Town07_Route369_Weather18
SKIP NonSignalizedJunctionLeftTurn_Town12_Route1350_Weather0
SKIP NonSignalizedJunctionLeftTurn_Town12_Route1351_Weather1
SKIP NonSignalizedJunctionLeftTurn_Town12_Route1352_Weather2
SKIP NonSignalizedJunctionLeftTurn_Town12_Route1353_Weather3
SKIP NonSignalizedJunctionLeftTurn_Town12_Route1355_Weather6
SKIP NonSignalizedJunctionLeftTurn_Town12_Route1356_Weather7
SKIP NonSignalizedJunctionLeftTurn_Town12_Route1358_Weather11
SKIP NonSignalizedJunctionLeftTurn_Town12_Route1357_Weather10
SKIP NonSignalizedJunctionLeftTurn_Town12_Route1359_Weather12
SKIP NonSignalizedJunctionLeftTurn_Town12_Route1361_Weather14
SKIP NonSignalizedJunctionLeftTurn_Town12_Route1362_Weather15
SKIP NonSignalizedJunctionLeftTurn_Town12_Route1363_Weather8
SKIP NonSignalizedJunctionLeftTurn_Town12_Route813_Weather26
SKIP NonSignalizedJunctionLeftTurn_Town12_Route812_Weather12
SKIP NonSignalizedJunctionLeftTurn_Town12_Route930_Weather20
SKIP NonSignalizedJunctionLeftTurn_Town12_Route810_Weather10
SKIP NonSignalizedJunctionLeftTurn_Town12_Route966_Weather3
SKIP NonSignalizedJunctionLeftTurn_Town13_Route592_Weather26
SKIP NonSignalizedJunctionLeftTurn_Town13_Route593_Weather26
SKIP NonSignalizedJunctionLeftTurn_Town13_Route594_Weather26
SKIP NonSignalizedJunctionRightTurn_Town03_Route126_Weather18
SKIP NonSignalizedJunctionRightTurn_Town04_Route184_Weather2
SKIP NonSignalizedJunctionRightTurn_Town04_Route185_Weather9
SKIP NonSignalizedJunctionRightTurn_Town07_Route345_Weather14
SKIP NonSignalizedJunctionRightTurn_Town07_Route346_Weather15
SKIP NonSignalizedJunctionRightTurn_Town12_Route1024_Weather10
SKIP NonSignalizedJunctionRightTurn_Town12_Route815_Weather9
SKIP NonSignalizedJunctionRightTurn_Town12_Route816_Weather15
SKIP NonSignalizedJunctionRightTurn_Town12_Route931_Weather21
SKIP NonSignalizedJunctionRightTurn_Town12_Route967_Weather25
SKIP NonSignalizedJunctionRightTurn_Town12_Route817_Weather11
SKIP NonSignalizedJunctionRightTurn_Town13_Route596_Weather23
SKIP NonSignalizedJunctionRightTurn_Town13_Route598_Weather0
SKIP NonSignalizedJunctionRightTurn_Town13_Route595_Weather11
SKIP OppositeVehicleRunningRedLight_Town03_Route119_Weather12
SKIP OppositeVehicleRunningRedLight_Town03_Route152_Weather22
SKIP OppositeVehicleRunningRedLight_Town03_Route121_Weather13
SKIP OppositeVehicleRunningRedLight_Town03_Route120_Weather8
SKIP OppositeVehicleRunningRedLight_Town04_Route178_Weather22
SKIP OppositeVehicleRunningRedLight_Town04_Route179_Weather14
SKIP OppositeVehicleRunningRedLight_Town04_Route180_Weather23
SKIP OppositeVehicleRunningRedLight_Town05_Route235_Weather1
SKIP OppositeVehicleRunningRedLight_Town05_Route236_Weather10
SKIP OppositeVehicleRunningRedLight_Town05_Route268_Weather8
SKIP OppositeVehicleRunningRedLight_Town07_Route368_Weather3
SKIP OppositeVehicleRunningRedLight_Town12_Route807_Weather1
SKIP OppositeVehicleRunningRedLight_Town12_Route809_Weather3
SKIP OppositeVehicleRunningRedLight_Town12_Route990_Weather2
SKIP OppositeVehicleRunningRedLight_Town12_Route929_Weather19
SKIP OppositeVehicleRunningRedLight_Town12_Route991_Weather3
SKIP OppositeVehicleRunningRedLight_Town13_Route587_Weather15
SKIP OppositeVehicleRunningRedLight_Town13_Route588_Weather8
SKIP OppositeVehicleRunningRedLight_Town13_Route590_Weather18
SKIP OppositeVehicleRunningRedLight_Town15_Route440_Weather23
SKIP OppositeVehicleRunningRedLight_Town15_Route475_Weather7
SKIP OppositeVehicleTakingPriority_Town03_Route128_Weather23
SKIP OppositeVehicleTakingPriority_Town03_Route155_Weather25
SKIP OppositeVehicleTakingPriority_Town04_Route187_Weather5
SKIP OppositeVehicleTakingPriority_Town04_Route188_Weather6
SKIP OppositeVehicleTakingPriority_Town04_Route214_Weather6
SKIP OppositeVehicleTakingPriority_Town05_Route241_Weather7
SKIP OppositeVehicleTakingPriority_Town04_Route189_Weather7
SKIP OppositeVehicleTakingPriority_Town05_Route242_Weather15
SKIP OppositeVehicleTakingPriority_Town05_Route243_Weather9
SKIP OppositeVehicleTakingPriority_Town05_Route270_Weather6
SKIP OppositeVehicleTakingPriority_Town12_Route1025_Weather11
SKIP OppositeVehicleTakingPriority_Town12_Route1038_Weather23
SKIP OppositeVehicleTakingPriority_Town12_Route818_Weather12
SKIP OppositeVehicleTakingPriority_Town12_Route820_Weather14
SKIP OppositeVehicleTakingPriority_Town12_Route932_Weather22
SKIP OppositeVehicleTakingPriority_Town12_Route968_Weather6
SKIP OppositeVehicleTakingPriority_Town12_Route994_Weather6
SKIP OppositeVehicleTakingPriority_Town12_Route995_Weather7
SKIP OppositeVehicleTakingPriority_Town13_Route600_Weather2
SKIP OppositeVehicleTakingPriority_Town13_Route601_Weather3
SKIP OppositeVehicleTakingPriority_Town15_Route477_Weather9
SKIP ParkedObstacle_Town03_Route103_Weather25
SKIP ParkedObstacle_Town03_Route147_Weather0
SKIP ParkedObstacle_Town03_Route157_Weather1
SKIP ParkedObstacle_Town04_Route162_Weather6
SKIP ParkedObstacle_Town05_Route220_Weather12
SKIP ParkedObstacle_Town05_Route221_Weather13
SKIP ParkedObstacle_Town05_Route262_Weather1
SKIP ParkedObstacle_Town05_Route273_Weather7
SKIP ParkedObstacle_Town06_Route281_Weather21
SKIP ParkedObstacle_Town06_Route282_Weather22
SKIP ParkedObstacle_Town06_Route309_Weather23
SKIP ParkedObstacle_Town06_Route328_Weather8
SKIP ParkedObstacle_Town10HD_Route371_Weather7
SKIP ParkedObstacle_Town10HD_Route372_Weather8
SKIP ParkedObstacle_Town11_Route395_Weather5
SKIP ParkedObstacle_Town12_Route770_Weather8
SKIP ParkedObstacle_Town12_Route771_Weather9
SKIP ParkedObstacle_Town12_Route772_Weather11
SKIP ParkedObstacle_Town12_Route773_Weather19
SKIP ParkedObstacle_Town12_Route958_Weather22
SKIP ParkedObstacle_Town12_Route959_Weather23
SKIP ParkedObstacle_Town13_Route553_Weather11
SKIP ParkedObstacle_Town13_Route554_Weather12
SKIP ParkedObstacle_Town13_Route555_Weather9
SKIP ParkedObstacle_Town13_Route556_Weather10
SKIP ParkedObstacle_Town15_Route415_Weather25
SKIP ParkedObstacle_Town15_Route418_Weather2
SKIP ParkedObstacleTwoWays_Town12_Route1158_Weather14
SKIP ParkedObstacle_Town15_Route417_Weather1
SKIP ParkedObstacleTwoWays_Town12_Route1159_Weather23
SKIP ParkedObstacleTwoWays_Town12_Route1161_Weather9
SKIP ParkedObstacleTwoWays_Town12_Route1163_Weather19
SKIP ParkedObstacleTwoWays_Town12_Route1164_Weather20
SKIP ParkedObstacleTwoWays_Town12_Route1165_Weather21
SKIP ParkedObstacleTwoWays_Town12_Route1166_Weather22
SKIP ParkedObstacleTwoWays_Town12_Route1168_Weather23
SKIP ParkedObstacleTwoWays_Town12_Route1167_Weather23
SKIP ParkedObstacleTwoWays_Town12_Route1169_Weather25
SKIP ParkedObstacleTwoWays_Town12_Route1171_Weather1
SKIP ParkedObstacleTwoWays_Town12_Route1172_Weather2
SKIP ParkedObstacleTwoWays_Town12_Route1173_Weather3
SKIP ParkedObstacleTwoWays_Town12_Route1174_Weather3
SKIP ParkedObstacleTwoWays_Town12_Route1178_Weather8
SKIP ParkedObstacleTwoWays_Town12_Route1175_Weather5
SKIP ParkedObstacleTwoWays_Town12_Route1181_Weather11
SKIP ParkedObstacleTwoWays_Town12_Route1183_Weather7
SKIP ParkedObstacleTwoWays_Town12_Route1182_Weather12
SKIP ParkedObstacleTwoWays_Town13_Route1333_Weather26
SKIP ParkedObstacleTwoWays_Town13_Route1334_Weather26
SKIP ParkedObstacleTwoWays_Town13_Route1335_Weather26
SKIP ParkedObstacleTwoWays_Town13_Route1336_Weather26
SKIP ParkingCrossingPedestrian_Town12_Route758_Weather3
SKIP ParkingCrossingPedestrian_Town12_Route759_Weather5
SKIP ParkingCrossingPedestrian_Town12_Route760_Weather6
SKIP ParkingCrossingPedestrian_Town12_Route761_Weather7
SKIP ParkingCrossingPedestrian_Town12_Route896_Weather12
SKIP ParkingCrossingPedestrian_Town12_Route897_Weather13
SKIP ParkingCrossingPedestrian_Town12_Route898_Weather14
SKIP ParkingCrossingPedestrian_Town12_Route899_Weather15
SKIP ParkingCrossingPedestrian_Town12_Route952_Weather8
SKIP ParkingCrossingPedestrian_Town12_Route953_Weather9
SKIP ParkingCrossingPedestrian_Town13_Route545_Weather25
SKIP ParkingCrossingPedestrian_Town13_Route668_Weather18
SKIP ParkingCrossingPedestrian_Town13_Route669_Weather19
SKIP ParkingCrossingPedestrian_Town13_Route727_Weather25
SKIP ParkingCrossingPedestrian_Town13_Route728_Weather0
SKIP ParkingCrossingPedestrian_Town15_Route403_Weather13
SKIP ParkingCrossingPedestrian_Town15_Route405_Weather15
SKIP ParkingCrossingPedestrian_Town15_Route462_Weather20
SKIP ParkingCrossingPedestrian_Town15_Route514_Weather0
SKIP ParkingCrossingPedestrian_Town15_Route513_Weather19
SKIP ParkingCutIn_Town12_Route1300_Weather13
SKIP ParkingCutIn_Town12_Route1301_Weather14
SKIP ParkingCutIn_Town12_Route1302_Weather15
SKIP ParkingCutIn_Town12_Route1303_Weather8
SKIP ParkingCutIn_Town12_Route1304_Weather9
SKIP ParkingCutIn_Town12_Route1310_Weather0
SKIP ParkingCutIn_Town12_Route1311_Weather1
SKIP ParkingCutIn_Town12_Route1312_Weather2
SKIP ParkingCutIn_Town12_Route1313_Weather3
SKIP ParkingCutIn_Town12_Route1314_Weather5
SKIP ParkingCutIn_Town12_Route1315_Weather6
SKIP ParkingCutIn_Town12_Route762_Weather8
SKIP ParkingCutIn_Town12_Route764_Weather10
SKIP ParkingCutIn_Town12_Route763_Weather9
SKIP ParkingCutIn_Town12_Route765_Weather11
SKIP ParkingCutIn_Town12_Route900_Weather19
SKIP ParkingCutIn_Town12_Route902_Weather18
SKIP ParkingCutIn_Town12_Route901_Weather9
SKIP ParkingCutIn_Town12_Route903_Weather20
SKIP ParkingCutIn_Town12_Route954_Weather18
SKIP ParkingCutIn_Town12_Route955_Weather19
SKIP ParkingCutIn_Town13_Route1342_Weather0
SKIP ParkingCutIn_Town13_Route1343_Weather1
SKIP ParkingCutIn_Town13_Route1344_Weather2
SKIP ParkingCutIn_Town13_Route1345_Weather3
SKIP ParkingCutIn_Town13_Route1346_Weather5
SKIP ParkingCutIn_Town13_Route1347_Weather6
SKIP ParkingCutIn_Town13_Route1348_Weather7
SKIP ParkingCutIn_Town13_Route546_Weather0
SKIP ParkingCutIn_Town13_Route1349_Weather10
SKIP ParkingCutIn_Town13_Route547_Weather1
SKIP ParkingCutIn_Town13_Route548_Weather2
SKIP ParkingCutIn_Town13_Route549_Weather3
SKIP ParkingCutIn_Town13_Route670_Weather20
SKIP ParkingCutIn_Town13_Route671_Weather21
SKIP ParkingCutIn_Town13_Route672_Weather22
SKIP ParkingCutIn_Town13_Route696_Weather20
SKIP ParkingCutIn_Town13_Route729_Weather1
SKIP ParkingExit_Town12_Route1305_Weather18
SKIP ParkingExit_Town12_Route1307_Weather20
SKIP ParkingExit_Town12_Route1308_Weather21
SKIP ParkingExit_Town12_Route1309_Weather22
SKIP ParkingExit_Town12_Route1316_Weather0
SKIP ParkingExit_Town12_Route1318_Weather2
SKIP ParkingExit_Town12_Route1320_Weather5
SKIP ParkingExit_Town12_Route1319_Weather3
SKIP ParkingExit_Town12_Route1321_Weather6
SKIP ParkingExit_Town12_Route1322_Weather7
SKIP ParkingExit_Town12_Route787_Weather7
SKIP ParkingExit_Town12_Route786_Weather6
SKIP ParkingExit_Town12_Route788_Weather8
SKIP ParkingExit_Town12_Route789_Weather9
SKIP ParkingExit_Town12_Route920_Weather10
SKIP ParkingExit_Town12_Route922_Weather12
SKIP ParkingExit_Town12_Route923_Weather13
SKIP ParkingExit_Town13_Route567_Weather21
SKIP ParkingExit_Town13_Route568_Weather22
SKIP ParkingExit_Town13_Route569_Weather23
SKIP ParkingExit_Town13_Route570_Weather23
SKIP ParkingExit_Town13_Route676_Weather0
SKIP ParkingExit_Town13_Route678_Weather2
SKIP ParkingExit_Town13_Route677_Weather1
SKIP ParkingExit_Town13_Route731_Weather3
SKIP ParkingExit_Town13_Route732_Weather3
SKIP ParkingExit_Town13_Route697_Weather21
SKIP PedestrianCrossing_Town12_Route1013_Weather25
SKIP PedestrianCrossing_Town12_Route1014_Weather0
SKIP PedestrianCrossing_Town12_Route1033_Weather20
SKIP PedestrianCrossing_Town12_Route1045_Weather5
SKIP PedestrianCrossing_Town12_Route864_Weather6
SKIP PedestrianCrossing_Town12_Route865_Weather7
SKIP PedestrianCrossing_Town12_Route866_Weather8
SKIP PedestrianCrossing_Town12_Route867_Weather9
SKIP PedestrianCrossing_Town12_Route943_Weather7
SKIP PedestrianCrossing_Town13_Route636_Weather12
SKIP PedestrianCrossing_Town13_Route637_Weather13
SKIP PedestrianCrossing_Town13_Route638_Weather14
SKIP PedestrianCrossing_Town13_Route687_Weather11
SKIP PedestrianCrossing_Town13_Route716_Weather14
SKIP PedestrianCrossing_Town13_Route718_Weather8
SKIP PedestrianCrossing_Town13_Route736_Weather8
SKIP PedestrianCrossing_Town13_Route747_Weather19
SKIP PedestrianCrossing_Town15_Route448_Weather6
SKIP PedestrianCrossing_Town15_Route506_Weather12
SKIP PedestrianCrossing_Town15_Route526_Weather6
SKIP SignalizedJunctionLeftTurnEnterFlow_Town12_Route1019_Weather5
SKIP SignalizedJunctionLeftTurnEnterFlow_Town12_Route1020_Weather6
SKIP SignalizedJunctionLeftTurnEnterFlow_Town12_Route1034_Weather20
SKIP SignalizedJunctionLeftTurnEnterFlow_Town12_Route884_Weather0
SKIP SignalizedJunctionLeftTurnEnterFlow_Town12_Route885_Weather14
SKIP SignalizedJunctionLeftTurnEnterFlow_Town12_Route887_Weather3
SKIP SignalizedJunctionLeftTurnEnterFlow_Town12_Route948_Weather9
SKIP SignalizedJunctionLeftTurnEnterFlow_Town12_Route981_Weather19
SKIP SignalizedJunctionLeftTurnEnterFlow_Town13_Route1629_Weather6
SKIP SignalizedJunctionLeftTurnEnterFlow_Town13_Route1627_Weather3
SKIP SignalizedJunctionLeftTurnEnterFlow_Town13_Route1631_Weather10
SKIP SignalizedJunctionLeftTurnEnterFlow_Town13_Route1630_Weather7
SKIP SignalizedJunctionLeftTurnEnterFlow_Town13_Route1633_Weather12
SKIP SignalizedJunctionLeftTurnEnterFlow_Town13_Route1636_Weather15
SKIP SignalizedJunctionLeftTurnEnterFlow_Town13_Route657_Weather2
SKIP SignalizedJunctionLeftTurnEnterFlow_Town13_Route659_Weather3
SKIP SignalizedJunctionLeftTurnEnterFlow_Town13_Route658_Weather8
SKIP SignalizedJunctionLeftTurnEnterFlow_Town13_Route692_Weather8
SKIP SignalizedJunctionLeftTurnEnterFlow_Town13_Route719_Weather18
SKIP SignalizedJunctionLeftTurnEnterFlow_Town13_Route720_Weather19
SKIP SignalizedJunctionLeftTurnEnterFlow_Town13_Route721_Weather19
SKIP SignalizedJunctionLeftTurnEnterFlow_Town13_Route737_Weather23
SKIP SignalizedJunctionLeftTurnEnterFlow_Town15_Route498_Weather23
SKIP SignalizedJunctionLeftTurnEnterFlow_Town15_Route511_Weather9
SKIP SignalizedJunctionLeftTurnEnterFlow_Town15_Route529_Weather9
SKIP SignalizedJunctionLeftTurnEnterFlow_Town15_Route531_Weather11
SKIP SignalizedJunctionLeftTurnEnterFlow_Town15_Route536_Weather8
SKIP SignalizedJunctionLeftTurn_Town03_Route113_Weather26
SKIP SignalizedJunctionLeftTurn_Town03_Route150_Weather26
SKIP SignalizedJunctionLeftTurn_Town03_Route114_Weather6
SKIP SignalizedJunctionLeftTurn_Town04_Route172_Weather8
SKIP SignalizedJunctionLeftTurn_Town04_Route173_Weather26
SKIP SignalizedJunctionLeftTurn_Town04_Route174_Weather18
SKIP SignalizedJunctionLeftTurn_Town05_Route232_Weather23
SKIP SignalizedJunctionLeftTurn_Town05_Route233_Weather6
SKIP SignalizedJunctionLeftTurn_Town05_Route234_Weather7
SKIP SignalizedJunctionLeftTurn_Town05_Route267_Weather3
SKIP SignalizedJunctionLeftTurn_Town07_Route334_Weather26
SKIP SignalizedJunctionLeftTurn_Town07_Route366_Weather2
SKIP SignalizedJunctionLeftTurn_Town07_Route336_Weather23
SKIP SignalizedJunctionLeftTurn_Town10HD_Route380_Weather21
SKIP SignalizedJunctionLeftTurn_Town12_Route1470_Weather5
SKIP SignalizedJunctionLeftTurn_Town10HD_Route381_Weather22
SKIP SignalizedJunctionLeftTurn_Town12_Route799_Weather0
SKIP SignalizedJunctionLeftTurn_Town13_Route580_Weather26
SKIP SignalizedJunctionLeftTurn_Town15_Route437_Weather26
SKIP SignalizedJunctionLeftTurn_Town13_Route581_Weather26
SKIP SignalizedJunctionLeftTurn_Town15_Route471_Weather26
SKIP SignalizedJunctionRightTurn_Town03_Route118_Weather14
SKIP SignalizedJunctionRightTurn_Town04_Route176_Weather20
SKIP SignalizedJunctionRightTurn_Town03_Route151_Weather2
SKIP SignalizedJunctionRightTurn_Town04_Route211_Weather3
SKIP SignalizedJunctionRightTurn_Town04_Route177_Weather13
SKIP SignalizedJunctionRightTurn_Town07_Route338_Weather10
SKIP SignalizedJunctionRightTurn_Town07_Route339_Weather1
SKIP SignalizedJunctionRightTurn_Town12_Route803_Weather23
SKIP SignalizedJunctionRightTurn_Town12_Route804_Weather5
SKIP SignalizedJunctionRightTurn_Town12_Route805_Weather25
SKIP SignalizedJunctionRightTurn_Town12_Route964_Weather2
SKIP SignalizedJunctionRightTurn_Town12_Route988_Weather0
SKIP SignalizedJunctionRightTurn_Town13_Route583_Weather11
SKIP SignalizedJunctionRightTurn_Town15_Route438_Weather7
SKIP SignalizedJunctionRightTurn_Town15_Route473_Weather5
SKIP StaticCutIn_Town03_Route109_Weather1
SKIP StaticCutIn_Town03_Route110_Weather6
SKIP StaticCutIn_Town03_Route149_Weather19
SKIP StaticCutIn_Town04_Route168_Weather12
SKIP StaticCutIn_Town03_Route158_Weather2
SKIP StaticCutIn_Town04_Route208_Weather0
SKIP StaticCutIn_Town04_Route216_Weather8
SKIP StaticCutIn_Town05_Route226_Weather18
SKIP StaticCutIn_Town05_Route227_Weather2
SKIP StaticCutIn_Town05_Route265_Weather5
SKIP StaticCutIn_Town05_Route275_Weather15
SKIP StaticCutIn_Town06_Route287_Weather1
SKIP StaticCutIn_Town12_Route782_Weather2
SKIP StaticCutIn_Town12_Route783_Weather3
SKIP StaticCutIn_Town12_Route785_Weather5
SKIP StaticCutIn_Town06_Route288_Weather2
SKIP StaticCutIn_Town13_Route563_Weather9
SKIP StaticCutIn_Town13_Route564_Weather18
SKIP StaticCutIn_Town13_Route565_Weather8
SKIP StaticCutIn_Town13_Route566_Weather20
SKIP StaticCutIn_Town15_Route427_Weather11
SKIP StaticCutIn_Town15_Route426_Weather10
SKIP StaticCutIn_Town15_Route428_Weather12
SKIP StaticCutIn_Town15_Route429_Weather13
SKIP TJunction_Town01_Route90_Weather12
SKIP TJunction_Town01_Route91_Weather13
SKIP TJunction_Town05_Route259_Weather0
SKIP TJunction_Town05_Route260_Weather0
SKIP TJunction_Town02_Route97_Weather19
SKIP TJunction_Town06_Route304_Weather18
SKIP TJunction_Town05_Route261_Weather1
SKIP TJunction_Town06_Route305_Weather19
SKIP TJunction_Town06_Route306_Weather20
SKIP TJunction_Town07_Route363_Weather25
SKIP TJunction_Town07_Route364_Weather0
SKIP TJunction_Town07_Route365_Weather1
SKIP TJunction_Town12_Route1017_Weather3
SKIP TJunction_Town12_Route1201_Weather5
SKIP TJunction_Town12_Route1018_Weather3
SKIP TJunction_Town12_Route880_Weather22
SKIP TJunction_Town12_Route881_Weather23
SKIP TJunction_Town12_Route882_Weather23
SKIP TJunction_Town12_Route883_Weather25
SKIP TJunction_Town12_Route926_Weather8
SKIP TJunction_Town12_Route927_Weather9
SKIP TJunction_Town12_Route947_Weather11
SKIP TJunction_Town12_Route980_Weather18
SKIP TJunction_Town13_Route652_Weather2
SKIP TJunction_Town13_Route654_Weather3
SKIP TJunction_Town13_Route655_Weather5
SKIP TJunction_Town15_Route456_Weather14
SKIP TJunction_Town15_Route457_Weather15
SKIP TJunction_Town15_Route495_Weather1
SKIP TJunction_Town13_Route691_Weather15
SKIP TJunction_Town15_Route496_Weather2
SKIP TJunction_Town15_Route510_Weather8
SKIP VanillaNonSignalizedTurnEncounterStopsign_Town03_Route144_Weather14
SKIP VanillaNonSignalizedTurnEncounterStopsign_Town03_Route143_Weather13
SKIP VanillaNonSignalizedTurnEncounterStopsign_Town03_Route145_Weather15
SKIP VanillaNonSignalizedTurnEncounterStopsign_Town04_Route202_Weather20
SKIP VanillaNonSignalizedTurnEncounterStopsign_Town04_Route203_Weather21
SKIP VanillaNonSignalizedTurnEncounterStopsign_Town05_Route256_Weather22
SKIP VanillaNonSignalizedTurnEncounterStopsign_Town05_Route257_Weather23
SKIP VanillaNonSignalizedTurnEncounterStopsign_Town05_Route258_Weather25
SKIP VanillaNonSignalizedTurnEncounterStopsign_Town07_Route360_Weather22
SKIP VanillaNonSignalizedTurnEncounterStopsign_Town07_Route361_Weather23
SKIP VanillaNonSignalizedTurnEncounterStopsign_Town07_Route362_Weather23
SKIP VanillaNonSignalizedTurnEncounterStopsign_Town12_Route1015_Weather1
SKIP VanillaNonSignalizedTurnEncounterStopsign_Town12_Route1016_Weather2
SKIP VanillaNonSignalizedTurnEncounterStopsign_Town12_Route876_Weather18
SKIP VanillaNonSignalizedTurnEncounterStopsign_Town12_Route877_Weather19
SKIP VanillaNonSignalizedTurnEncounterStopsign_Town12_Route878_Weather20
SKIP VanillaNonSignalizedTurnEncounterStopsign_Town12_Route946_Weather10
SKIP VanillaNonSignalizedTurnEncounterStopsign_Town12_Route879_Weather21
SKIP VanillaNonSignalizedTurnEncounterStopsign_Town12_Route979_Weather9
SKIP VanillaNonSignalizedTurnEncounterStopsign_Town13_Route648_Weather23
SKIP VanillaNonSignalizedTurnEncounterStopsign_Town13_Route651_Weather1
SKIP VanillaNonSignalizedTurnEncounterStopsign_Town13_Route690_Weather14
SKIP VanillaNonSignalizedTurnEncounterStopsign_Town15_Route454_Weather12
SKIP VanillaNonSignalizedTurnEncounterStopsign_Town13_Route650_Weather0
SKIP VanillaNonSignalizedTurnEncounterStopsign_Town15_Route455_Weather13
SKIP VanillaNonSignalizedTurnEncounterStopsign_Town15_Route493_Weather25
SKIP VanillaNonSignalizedTurnEncounterStopsign_Town15_Route494_Weather0
SKIP VanillaNonSignalizedTurnEncounterStopsign_Town15_Route509_Weather15
SKIP VanillaNonSignalizedTurnEncounterStopsign_Town15_Route530_Weather10
SKIP VanillaNonSignalizedTurnEncounterStopsign_Town15_Route535_Weather15
SKIP VanillaSignalizedTurnEncounterGreenLight_Town03_Route139_Weather9
SKIP VanillaSignalizedTurnEncounterGreenLight_Town03_Route137_Weather7
SKIP VanillaSignalizedTurnEncounterGreenLight_Town04_Route196_Weather14
SKIP VanillaSignalizedTurnEncounterGreenLight_Town04_Route197_Weather15
SKIP VanillaSignalizedTurnEncounterGreenLight_Town04_Route198_Weather8
SKIP VanillaSignalizedTurnEncounterGreenLight_Town05_Route250_Weather8
SKIP VanillaSignalizedTurnEncounterGreenLight_Town05_Route251_Weather9
SKIP VanillaSignalizedTurnEncounterGreenLight_Town05_Route252_Weather21
SKIP VanillaSignalizedTurnEncounterGreenLight_Town07_Route354_Weather8
SKIP VanillaSignalizedTurnEncounterGreenLight_Town07_Route355_Weather9
SKIP VanillaSignalizedTurnEncounterGreenLight_Town10HD_Route386_Weather22
SKIP VanillaSignalizedTurnEncounterGreenLight_Town07_Route356_Weather18
SKIP VanillaSignalizedTurnEncounterGreenLight_Town10HD_Route387_Weather23
SKIP VanillaSignalizedTurnEncounterGreenLight_Town12_Route868_Weather10
SKIP VanillaSignalizedTurnEncounterGreenLight_Town10HD_Route392_Weather2
SKIP VanillaSignalizedTurnEncounterGreenLight_Town12_Route869_Weather11
SKIP VanillaSignalizedTurnEncounterGreenLight_Town12_Route871_Weather13
SKIP VanillaSignalizedTurnEncounterGreenLight_Town12_Route870_Weather12
SKIP VanillaSignalizedTurnEncounterGreenLight_Town12_Route944_Weather8
SKIP VanillaSignalizedTurnEncounterGreenLight_Town13_Route640_Weather8
SKIP VanillaSignalizedTurnEncounterGreenLight_Town13_Route641_Weather9
SKIP VanillaSignalizedTurnEncounterGreenLight_Town13_Route642_Weather18
SKIP VanillaSignalizedTurnEncounterGreenLight_Town13_Route643_Weather19
SKIP VanillaSignalizedTurnEncounterGreenLight_Town15_Route451_Weather9
SKIP VanillaSignalizedTurnEncounterGreenLight_Town15_Route489_Weather21
SKIP VanillaSignalizedTurnEncounterGreenLight_Town15_Route490_Weather22
SKIP VanillaSignalizedTurnEncounterGreenLight_Town15_Route507_Weather13
SKIP VanillaSignalizedTurnEncounterRedLight_Town03_Route140_Weather10
SKIP VanillaSignalizedTurnEncounterRedLight_Town03_Route142_Weather12
SKIP VanillaSignalizedTurnEncounterRedLight_Town03_Route141_Weather11
SKIP VanillaSignalizedTurnEncounterRedLight_Town04_Route199_Weather9
SKIP VanillaSignalizedTurnEncounterRedLight_Town04_Route200_Weather18
SKIP VanillaSignalizedTurnEncounterRedLight_Town04_Route201_Weather19
SKIP VanillaSignalizedTurnEncounterRedLight_Town05_Route253_Weather19
SKIP VanillaSignalizedTurnEncounterRedLight_Town05_Route255_Weather21
SKIP VanillaSignalizedTurnEncounterRedLight_Town05_Route254_Weather20
SKIP VanillaSignalizedTurnEncounterRedLight_Town07_Route357_Weather19
SKIP VanillaSignalizedTurnEncounterRedLight_Town07_Route358_Weather20
SKIP VanillaSignalizedTurnEncounterRedLight_Town07_Route359_Weather21
SKIP VanillaSignalizedTurnEncounterRedLight_Town10HD_Route388_Weather23
SKIP VanillaSignalizedTurnEncounterRedLight_Town10HD_Route393_Weather3
SKIP VanillaSignalizedTurnEncounterRedLight_Town10HD_Route389_Weather25
SKIP VanillaSignalizedTurnEncounterRedLight_Town12_Route1054_Weather14
SKIP VanillaSignalizedTurnEncounterRedLight_Town12_Route872_Weather14
SKIP VanillaSignalizedTurnEncounterRedLight_Town12_Route874_Weather8
SKIP VanillaSignalizedTurnEncounterRedLight_Town12_Route875_Weather9
SKIP VanillaSignalizedTurnEncounterRedLight_Town12_Route945_Weather9
SKIP VanillaSignalizedTurnEncounterRedLight_Town12_Route969_Weather7
SKIP VanillaSignalizedTurnEncounterRedLight_Town13_Route603_Weather15
SKIP VanillaSignalizedTurnEncounterRedLight_Town13_Route644_Weather20
SKIP VanillaSignalizedTurnEncounterRedLight_Town13_Route645_Weather21
SKIP VanillaSignalizedTurnEncounterRedLight_Town13_Route647_Weather23
SKIP VanillaSignalizedTurnEncounterRedLight_Town13_Route689_Weather13
SKIP VanillaSignalizedTurnEncounterRedLight_Town15_Route452_Weather10
SKIP VanillaSignalizedTurnEncounterRedLight_Town13_Route646_Weather22
SKIP VanillaSignalizedTurnEncounterRedLight_Town15_Route492_Weather23
SKIP VehicleOpensDoorTwoWays_Town12_Route1196_Weather0
SKIP VehicleOpensDoorTwoWays_Town12_Route1197_Weather1
SKIP VehicleOpensDoorTwoWays_Town12_Route1203_Weather7
SKIP VehicleTurningRoutePedestrian_Town12_Route1027_Weather13
SKIP VehicleTurningRoutePedestrian_Town12_Route1040_Weather0
SKIP VehicleTurningRoutePedestrian_Town12_Route826_Weather20
SKIP VehicleTurningRoutePedestrian_Town12_Route827_Weather22
SKIP VehicleTurningRoutePedestrian_Town12_Route829_Weather25
OK   VehicleTurningRoutePedestrian_Town13_Route610_Weather12 2340 files -> extras.tar
OK   VehicleTurningRoutePedestrian_Town13_Route680_Weather10 2980 files -> extras.tar
OK   VehicleTurningRoutePedestrian_Town13_Route607_Weather19 3360 files -> extras.tar
OK   VehicleTurningRoutePedestrian_Town13_Route702_Weather14 4960 files -> extras.tar
OK   VehicleTurningRoutePedestrian_Town13_Route703_Weather1 2380 files -> extras.tar
OK   VehicleTurningRoutePedestrian_Town15_Route1387_Weather1 2620 files -> extras.tar
SKIP VehicleTurningRoutePedestrian_Town15_Route523_Weather2 (not extracted)
OK   VehicleTurningRoutePedestrian_Town15_Route481_Weather19 2420 files -> extras.tar
OK   VehicleTurningRoutePedestrian_Town13_Route609_Weather21 7700 files -> extras.tar
OK   VehicleTurningRoutePedestrian_Town12_Route999_Weather11 7400 files -> extras.tar
OK   VehicleTurningRoutePedestrian_Town15_Route445_Weather11 3860 files -> extras.tar
OK   VehicleTurningRoutePedestrian_Town15_Route482_Weather20 2360 files -> extras.tar
OK   VehicleTurningRoute_Town12_Route1026_Weather12 4920 files -> extras.tar
OK   VehicleTurningRoute_Town12_Route824_Weather20 3780 files -> extras.tar
OK   VehicleTurningRoute_Town12_Route933_Weather23 2780 files -> extras.tar
OK   VehicleTurningRoutePedestrian_Town12_Route970_Weather8 10420 files -> extras.tar
OK   VehicleTurningRoute_Town13_Route679_Weather3 2760 files -> extras.tar
OK   VehicleTurningRoute_Town12_Route822_Weather18 10720 files -> extras.tar
OK   VehicleTurningRoute_Town12_Route825_Weather21 10760 files -> extras.tar
OK   VehicleTurningRoute_Town13_Route698_Weather22 3040 files -> extras.tar
OK   VehicleTurningRoute_Town13_Route605_Weather9 7580 files -> extras.tar
OK   VehicleTurningRoute_Town13_Route699_Weather23 3280 files -> extras.tar
OK   VehicleTurningRoute_Town13_Route606_Weather18 7740 files -> extras.tar
OK   VehicleTurningRoute_Town12_Route997_Weather9 10820 files -> extras.tar
OK   VehicleTurningRoute_Town13_Route700_Weather23 4620 files -> extras.tar
OK   VehicleTurningRoute_Town15_Route1369_Weather6 2420 files -> extras.tar
OK   VehicleTurningRoute_Town15_Route1367_Weather3 3540 files -> extras.tar
OK   VehicleTurningRoute_Town15_Route1368_Weather5 3640 files -> extras.tar
OK   VanillaSignalizedTurnEncounterRedLight_Town15_Route491_Weather23 11820 files -> extras.tar
OK   VehicleTurningRoute_Town15_Route1376_Weather15 3300 files -> extras.tar
OK   VehicleTurningRoute_Town15_Route1377_Weather8 2340 files -> extras.tar
OK   VehicleTurningRoute_Town15_Route1370_Weather7 3080 files -> extras.tar
OK   VehicleTurningRoute_Town15_Route1374_Weather13 3600 files -> extras.tar
OK   VehicleTurningRoute_Town15_Route1379_Weather18 1960 files -> extras.tar
OK   VehicleTurningRoute_Town15_Route1378_Weather9 2000 files -> extras.tar
OK   VehicleTurningRoute_Town15_Route1380_Weather19 1880 files -> extras.tar
OK   YieldToEmergencyVehicle_Town03_Route148_Weather18 3360 files -> extras.tar
OK   VehicleTurningRoute_Town15_Route480_Weather18 2340 files -> extras.tar
OK   VehicleTurningRoute_Town15_Route479_Weather11 2660 files -> extras.tar
OK   YieldToEmergencyVehicle_Town04_Route165_Weather7 2980 files -> extras.tar
OK   VehicleTurningRoute_Town15_Route519_Weather25 3200 files -> extras.tar
OK   VehicleTurningRoute_Town15_Route504_Weather10 3520 files -> extras.tar
OK   VehicleTurningRoute_Town15_Route443_Weather1 4560 files -> extras.tar
OK   YieldToEmergencyVehicle_Town04_Route207_Weather25 3180 files -> extras.tar
OK   YieldToEmergencyVehicle_Town12_Route778_Weather14 3560 files -> extras.tar
OK   YieldToEmergencyVehicle_Town04_Route166_Weather10 6620 files -> extras.tar
OK   YieldToEmergencyVehicle_Town12_Route917_Weather7 3540 files -> extras.tar
OK   YieldToEmergencyVehicle_Town12_Route918_Weather8 3620 files -> extras.tar
OK   YieldToEmergencyVehicle_Town12_Route779_Weather25 5040 files -> extras.tar
OK   YieldToEmergencyVehicle_Town05_Route225_Weather9 6840 files -> extras.tar
OK   YieldToEmergencyVehicle_Town12_Route919_Weather11 3660 files -> extras.tar
OK   YieldToEmergencyVehicle_Town12_Route781_Weather8 4780 files -> extras.tar
OK   YieldToEmergencyVehicle_Town13_Route561_Weather14 4180 files -> extras.tar
OK   YieldToEmergencyVehicle_Town13_Route673_Weather23 4060 files -> extras.tar
OK   YieldToEmergencyVehicle_Town13_Route560_Weather14 3640 files -> extras.tar
OK   YieldToEmergencyVehicle_Town15_Route423_Weather7 2880 files -> extras.tar
OK   YieldToEmergencyVehicle_Town15_Route425_Weather9 2960 files -> extras.tar
OK   YieldToEmergencyVehicle_Town15_Route424_Weather8 2860 files -> extras.tar
OK   YieldToEmergencyVehicle_Town13_Route562_Weather15 3360 files -> extras.tar
OK   YieldToEmergencyVehicle_Town13_Route675_Weather25 4040 files -> extras.tar
REPACK PASS 2 DONE 2026-09-28T21:21:17+02:00
 /dev/nvme0n1p1    539G*   500G    750G   6days   2393k   5000k   7000k        
ALL DONE 2026-09-28T21:21:17+02:00: 999 repacked, 1 tarballs left
