2026-09-28 21:50:00,494 INFO 1000 done clips to build -> /bulk/users/vla/alpamayo2edge/b2d_cache (stride 20, ['camera_cross_left_120fov', 'camera_front_wide_120fov', 'camera_cross_right_120fov', 'camera_front_tele_30fov'], tokens=True)
2026-09-28 21:50:02,119 INFO AccidentTwoWays_Town12_Route1105_Weather13                0 windows (+7 cached)    0.10 s  [1/1000]
2026-09-28 21:50:02,180 INFO AccidentTwoWays_Town12_Route1102_Weather10                0 windows (+13 cached)    0.21 s  [2/1000]
2026-09-28 21:50:02,183 INFO AccidentTwoWays_Town12_Route1103_Weather11                0 windows (+17 cached)    0.19 s  [3/1000]
2026-09-28 21:50:02,194 INFO AccidentTwoWays_Town12_Route1104_Weather12                0 windows (+14 cached)    0.19 s  [4/1000]
2026-09-28 21:50:02,207 INFO AccidentTwoWays_Town12_Route1106_Weather14                0 windows (+14 cached)    0.18 s  [5/1000]
2026-09-28 21:50:02,231 INFO AccidentTwoWays_Town12_Route1107_Weather15                0 windows (+14 cached)    0.18 s  [6/1000]
2026-09-28 21:50:02,284 INFO AccidentTwoWays_Town12_Route1109_Weather9                 0 windows (+14 cached)    0.17 s  [7/1000]
2026-09-28 21:50:02,306 INFO AccidentTwoWays_Town12_Route1111_Weather19                0 windows (+12 cached)    0.16 s  [8/1000]
2026-09-28 21:50:02,327 INFO AccidentTwoWays_Town12_Route1112_Weather20                0 windows (+14 cached)    0.15 s  [9/1000]
2026-09-28 21:50:02,332 INFO AccidentTwoWays_Town12_Route1110_Weather18                0 windows (+20 cached)    0.21 s  [10/1000]
2026-09-28 21:50:02,370 INFO AccidentTwoWays_Town12_Route1116_Weather23                0 windows (+10 cached)    0.14 s  [11/1000]
2026-09-28 21:50:02,378 INFO AccidentTwoWays_Town12_Route1115_Weather23                0 windows (+13 cached)    0.17 s  [12/1000]
2026-09-28 21:50:02,384 INFO AccidentTwoWays_Town12_Route1113_Weather21                0 windows (+14 cached)    0.20 s  [13/1000]
2026-09-28 21:50:02,430 INFO AccidentTwoWays_Town12_Route1121_Weather3                 0 windows (+7 cached)    0.10 s  [14/1000]
2026-09-28 21:50:02,453 INFO AccidentTwoWays_Town12_Route1114_Weather22                0 windows (+20 cached)    0.26 s  [15/1000]
2026-09-28 21:50:02,478 INFO AccidentTwoWays_Town12_Route1117_Weather25                0 windows (+13 cached)    0.19 s  [16/1000]
2026-09-28 21:50:02,515 INFO AccidentTwoWays_Town12_Route1120_Weather2                 0 windows (+14 cached)    0.19 s  [17/1000]
2026-09-28 21:50:02,525 INFO AccidentTwoWays_Town12_Route1126_Weather8                 0 windows (+14 cached)    0.15 s  [18/1000]
2026-09-28 21:50:02,608 INFO AccidentTwoWays_Town12_Route1127_Weather9                 0 windows (+18 cached)    0.22 s  [19/1000]
2026-09-28 21:50:02,629 INFO AccidentTwoWays_Town12_Route1444_Weather0                 0 windows (+14 cached)    0.20 s  [20/1000]
2026-09-28 21:50:02,647 INFO AccidentTwoWays_Town12_Route1124_Weather18                0 windows (+36 cached)    0.28 s  [21/1000]
2026-09-28 21:50:02,670 INFO AccidentTwoWays_Town12_Route1446_Weather2                 0 windows (+14 cached)    0.19 s  [22/1000]
2026-09-28 21:50:02,688 INFO AccidentTwoWays_Town12_Route1448_Weather5                 0 windows (+14 cached)    0.17 s  [23/1000]
2026-09-28 21:50:02,704 INFO AccidentTwoWays_Town12_Route1119_Weather1                 0 windows (+29 cached)    0.40 s  [24/1000]
2026-09-28 21:50:02,715 INFO AccidentTwoWays_Town12_Route1445_Weather1                 0 windows (+20 cached)    0.26 s  [25/1000]
2026-09-28 21:50:02,770 INFO AccidentTwoWays_Town12_Route1453_Weather12                0 windows (+20 cached)    0.24 s  [26/1000]
2026-09-28 21:50:02,784 INFO AccidentTwoWays_Town12_Route1454_Weather13                0 windows (+14 cached)    0.18 s  [27/1000]
2026-09-28 21:50:02,797 INFO AccidentTwoWays_Town12_Route1455_Weather14                0 windows (+14 cached)    0.17 s  [28/1000]
2026-09-28 21:50:02,812 INFO AccidentTwoWays_Town12_Route1456_Weather15                0 windows (+14 cached)    0.16 s  [29/1000]
2026-09-28 21:50:02,840 INFO AccidentTwoWays_Town12_Route1458_Weather9                 0 windows (+14 cached)    0.17 s  [30/1000]
2026-09-28 21:50:02,858 INFO AccidentTwoWays_Town12_Route1459_Weather18                0 windows (+14 cached)    0.17 s  [31/1000]
2026-09-28 21:50:02,899 INFO AccidentTwoWays_Town12_Route1463_Weather22                0 windows (+14 cached)    0.18 s  [32/1000]
2026-09-28 21:50:02,917 INFO Accident_Town03_Route101_Weather23                        0 windows (+6 cached)    0.12 s  [33/1000]
2026-09-28 21:50:02,947 INFO Accident_Town03_Route102_Weather20                        0 windows (+7 cached)    0.13 s  [34/1000]
2026-09-28 21:50:02,961 INFO Accident_Town03_Route146_Weather8                         0 windows (+7 cached)    0.12 s  [35/1000]
2026-09-28 21:50:02,967 INFO AccidentTwoWays_Town12_Route1461_Weather20                0 windows (+20 cached)    0.26 s  [36/1000]
2026-09-28 21:50:02,970 INFO Accident_Town03_Route156_Weather0                         0 windows (+7 cached)    0.11 s  [37/1000]
2026-09-28 21:50:02,972 INFO AccidentTwoWays_Town12_Route1469_Weather3                 0 windows (+14 cached)    0.19 s  [38/1000]
2026-09-28 21:50:03,031 INFO AccidentTwoWays_Town12_Route1468_Weather2                 0 windows (+20 cached)    0.26 s  [39/1000]
2026-09-28 21:50:03,113 INFO Accident_Town05_Route219_Weather11                        0 windows (+8 cached)    0.15 s  [40/1000]
2026-09-28 21:50:03,122 INFO Accident_Town06_Route279_Weather19                        0 windows (+7 cached)    0.15 s  [41/1000]
2026-09-28 21:50:03,123 INFO Accident_Town05_Route218_Weather10                        0 windows (+7 cached)    0.16 s  [42/1000]
2026-09-28 21:50:03,127 INFO Accident_Town04_Route160_Weather3                         0 windows (+9 cached)    0.21 s  [43/1000]
2026-09-28 21:50:03,142 INFO Accident_Town06_Route280_Weather11                        0 windows (+8 cached)    0.17 s  [44/1000]
2026-09-28 21:50:03,153 INFO Accident_Town04_Route159_Weather3                         0 windows (+10 cached)    0.25 s  [45/1000]
2026-09-28 21:50:03,176 INFO Accident_Town06_Route308_Weather22                        0 windows (+7 cached)    0.15 s  [46/1000]
2026-09-28 21:50:03,176 INFO Accident_Town04_Route205_Weather23                        0 windows (+8 cached)    0.23 s  [47/1000]
2026-09-28 21:50:03,226 INFO Accident_Town12_Route1108_Weather8                        0 windows (+6 cached)    0.10 s  [48/1000]
2026-09-28 21:50:03,239 INFO Accident_Town12_Route1122_Weather3                        0 windows (+6 cached)    0.12 s  [49/1000]
2026-09-28 21:50:03,258 INFO Accident_Town12_Route767_Weather13                        0 windows (+8 cached)    0.12 s  [50/1000]
2026-09-28 21:50:03,258 INFO Accident_Town12_Route768_Weather14                        0 windows (+7 cached)    0.11 s  [51/1000]
2026-09-28 21:50:03,258 INFO Accident_Town06_Route327_Weather15                        0 windows (+7 cached)    0.14 s  [52/1000]
2026-09-28 21:50:03,260 INFO Accident_Town12_Route769_Weather15                        0 windows (+7 cached)    0.08 s  [53/1000]
2026-09-28 21:50:03,303 INFO Accident_Town12_Route766_Weather12                        0 windows (+13 cached)    0.18 s  [54/1000]
2026-09-28 21:50:03,333 INFO Accident_Town13_Route550_Weather3                         0 windows (+7 cached)    0.09 s  [55/1000]
2026-09-28 21:50:03,349 INFO Accident_Town15_Route411_Weather21                        0 windows (+7 cached)    0.09 s  [56/1000]
2026-09-28 21:50:03,358 INFO Accident_Town13_Route551_Weather5                         0 windows (+7 cached)    0.10 s  [57/1000]
2026-09-28 21:50:03,384 INFO Accident_Town12_Route957_Weather21                        0 windows (+8 cached)    0.16 s  [58/1000]
2026-09-28 21:50:03,406 INFO Accident_Town12_Route956_Weather20                        0 windows (+20 cached)    0.23 s  [59/1000]
2026-09-28 21:50:03,416 INFO Accident_Town15_Route413_Weather23                        0 windows (+7 cached)    0.11 s  [60/1000]
2026-09-28 21:50:03,439 INFO Accident_Town13_Route552_Weather6                         0 windows (+13 cached)    0.18 s  [61/1000]
2026-09-28 21:50:03,441 INFO Accident_Town15_Route412_Weather22                        0 windows (+14 cached)    0.18 s  [62/1000]
2026-09-28 21:50:03,454 INFO Accident_Town15_Route414_Weather23                        0 windows (+8 cached)    0.12 s  [63/1000]
2026-09-28 21:50:03,535 INFO BlockedIntersection_Town03_Route136_Weather6              0 windows (+9 cached)    0.15 s  [64/1000]
2026-09-28 21:50:03,543 INFO BlockedIntersection_Town04_Route194_Weather12             0 windows (+8 cached)    0.13 s  [65/1000]
2026-09-28 21:50:03,554 INFO BlockedIntersection_Town04_Route193_Weather11             0 windows (+12 cached)    0.15 s  [66/1000]
2026-09-28 21:50:03,604 INFO BlockedIntersection_Town04_Route195_Weather13             0 windows (+12 cached)    0.17 s  [67/1000]
2026-09-28 21:50:03,630 INFO BlockedIntersection_Town05_Route248_Weather14             0 windows (+9 cached)    0.18 s  [68/1000]
2026-09-28 21:50:03,677 INFO BlockedIntersection_Town03_Route135_Weather5              0 windows (+27 cached)    0.32 s  [69/1000]
2026-09-28 21:50:03,687 INFO BlockedIntersection_Town07_Route352_Weather14             0 windows (+9 cached)    0.13 s  [70/1000]
2026-09-28 21:50:03,704 INFO BlockedIntersection_Town03_Route134_Weather3              0 windows (+21 cached)    0.35 s  [71/1000]
2026-09-28 21:50:03,707 INFO BlockedIntersection_Town07_Route351_Weather13             0 windows (+10 cached)    0.16 s  [72/1000]
2026-09-28 21:50:03,727 INFO BlockedIntersection_Town05_Route247_Weather19             0 windows (+14 cached)    0.29 s  [73/1000]
2026-09-28 21:50:03,757 INFO BlockedIntersection_Town07_Route353_Weather15             0 windows (+6 cached)    0.15 s  [74/1000]
2026-09-28 21:50:03,825 INFO BlockedIntersection_Town12_Route835_Weather3              0 windows (+8 cached)    0.14 s  [75/1000]
2026-09-28 21:50:03,827 INFO BlockedIntersection_Town12_Route834_Weather2              0 windows (+9 cached)    0.15 s  [76/1000]
2026-09-28 21:50:03,857 INFO BlockedIntersection_Town10HD_Route391_Weather1            0 windows (+14 cached)    0.23 s  [77/1000]
2026-09-28 21:50:03,950 INFO BlockedIntersection_Town13_Route617_Weather19             0 windows (+8 cached)    0.12 s  [78/1000]
2026-09-28 21:50:03,951 INFO BlockedIntersection_Town15_Route485_Weather9              0 windows (+7 cached)    0.10 s  [79/1000]
2026-09-28 21:50:03,957 INFO BlockedIntersection_Town13_Route618_Weather20             0 windows (+8 cached)    0.13 s  [80/1000]
2026-09-28 21:50:03,983 INFO BlockedIntersection_Town13_Route615_Weather9              0 windows (+14 cached)    0.26 s  [81/1000]
2026-09-28 21:50:04,027 INFO BlockedIntersection_Town12_Route836_Weather3              0 windows (+28 cached)    0.32 s  [82/1000]
2026-09-28 21:50:04,039 INFO BlockedIntersection_Town13_Route616_Weather18             0 windows (+21 cached)    0.28 s  [83/1000]
2026-09-28 21:50:04,053 INFO ConstructionObstacleTwoWays_Town12_Route1080_Weather14    0 windows (+7 cached)    0.10 s  [84/1000]
2026-09-28 21:50:04,085 INFO BlockedIntersection_Town15_Route486_Weather18             0 windows (+12 cached)    0.14 s  [85/1000]
2026-09-28 21:50:04,133 INFO ConstructionObstacleTwoWays_Town12_Route1084_Weather5     0 windows (+12 cached)    0.15 s  [86/1000]
2026-09-28 21:50:04,143 INFO BlockedIntersection_Town05_Route272_Weather12             0 windows (+29 cached)    0.61 s  [87/1000]
2026-09-28 21:50:04,145 INFO ConstructionObstacleTwoWays_Town12_Route1083_Weather9     0 windows (+15 cached)    0.19 s  [88/1000]
2026-09-28 21:50:04,152 INFO ConstructionObstacleTwoWays_Town12_Route1086_Weather20    0 windows (+6 cached)    0.11 s  [89/1000]
2026-09-28 21:50:04,228 INFO BlockedIntersection_Town12_Route936_Weather0              0 windows (+28 cached)    0.52 s  [90/1000]
2026-09-28 21:50:04,229 INFO ConstructionObstacleTwoWays_Town12_Route1085_Weather6     0 windows (+16 cached)    0.20 s  [91/1000]
2026-09-28 21:50:04,234 INFO ConstructionObstacleTwoWays_Town12_Route1089_Weather23    0 windows (+15 cached)    0.18 s  [92/1000]
2026-09-28 21:50:04,268 INFO ConstructionObstacleTwoWays_Town12_Route1091_Weather12    0 windows (+15 cached)    0.18 s  [93/1000]
2026-09-28 21:50:04,292 INFO ConstructionObstacleTwoWays_Town12_Route1094_Weather2     0 windows (+11 cached)    0.15 s  [94/1000]
2026-09-28 21:50:04,314 INFO ConstructionObstacleTwoWays_Town12_Route1096_Weather3     0 windows (+14 cached)    0.16 s  [95/1000]
2026-09-28 21:50:04,314 INFO ConstructionObstacleTwoWays_Town12_Route1095_Weather3     0 windows (+14 cached)    0.17 s  [96/1000]
2026-09-28 21:50:04,325 INFO ConstructionObstacleTwoWays_Town12_Route1093_Weather1     0 windows (+15 cached)    0.19 s  [97/1000]
2026-09-28 21:50:04,365 INFO ConstructionObstacleTwoWays_Town12_Route1099_Weather7     0 windows (+8 cached)    0.13 s  [98/1000]
2026-09-28 21:50:04,392 INFO ConstructionObstacleTwoWays_Town12_Route1098_Weather6     0 windows (+14 cached)    0.16 s  [99/1000]
2026-09-28 21:50:04,405 INFO ConstructionObstacleTwoWays_Town12_Route1097_Weather5     0 windows (+14 cached)    0.18 s  [100/1000]
2026-09-28 21:50:04,478 INFO ConstructionObstacleTwoWays_Town12_Route1404_Weather26    0 windows (+15 cached)    0.19 s  [101/1000]
2026-09-28 21:50:04,488 INFO ConstructionObstacleTwoWays_Town12_Route1406_Weather26    0 windows (+14 cached)    0.17 s  [102/1000]
2026-09-28 21:50:04,514 INFO ConstructionObstacleTwoWays_Town12_Route1410_Weather26    0 windows (+14 cached)    0.20 s  [103/1000]
2026-09-28 21:50:04,520 INFO ConstructionObstacleTwoWays_Town12_Route1413_Weather26    0 windows (+14 cached)    0.19 s  [104/1000]
2026-09-28 21:50:04,576 INFO ConstructionObstacleTwoWays_Town12_Route1414_Weather26    0 windows (+14 cached)    0.21 s  [105/1000]
2026-09-28 21:50:04,576 INFO ConstructionObstacleTwoWays_Town12_Route1415_Weather26    0 windows (+14 cached)    0.18 s  [106/1000]
2026-09-28 21:50:04,600 INFO ConstructionObstacleTwoWays_Town12_Route1418_Weather26    0 windows (+14 cached)    0.20 s  [107/1000]
2026-09-28 21:50:04,613 INFO ConstructionObstacleTwoWays_Town12_Route1100_Weather14    0 windows (+26 cached)    0.35 s  [108/1000]
2026-09-28 21:50:04,668 INFO ConstructionObstacleTwoWays_Town12_Route1422_Weather26    0 windows (+14 cached)    0.15 s  [109/1000]
2026-09-28 21:50:04,684 INFO ConstructionObstacleTwoWays_Town12_Route1419_Weather26    0 windows (+15 cached)    0.21 s  [110/1000]
2026-09-28 21:50:04,686 INFO ConstructionObstacleTwoWays_Town12_Route1421_Weather26    0 windows (+15 cached)    0.20 s  [111/1000]
2026-09-28 21:50:04,700 INFO ConstructionObstacleTwoWays_Town12_Route1424_Weather26    0 windows (+14 cached)    0.18 s  [112/1000]
2026-09-28 21:50:04,718 INFO ConstructionObstacle_Town03_Route60_Weather8              0 windows (+8 cached)    0.14 s  [113/1000]
2026-09-28 21:50:04,723 INFO ConstructionObstacle_Town03_Route62_Weather10             0 windows (+6 cached)    0.11 s  [114/1000]
2026-09-28 21:50:04,734 INFO ConstructionObstacle_Town03_Route61_Weather9              0 windows (+7 cached)    0.13 s  [115/1000]
2026-09-28 21:50:04,837 INFO ConstructionObstacleTwoWays_Town12_Route1425_Weather26    0 windows (+14 cached)    0.26 s  [116/1000]
2026-09-28 21:50:04,844 INFO ConstructionObstacle_Town03_Route63_Weather11             0 windows (+8 cached)    0.18 s  [117/1000]
2026-09-28 21:50:04,869 INFO ConstructionObstacle_Town04_Route65_Weather13             0 windows (+7 cached)    0.18 s  [118/1000]
2026-09-28 21:50:04,877 INFO ConstructionObstacle_Town04_Route64_Weather12             0 windows (+7 cached)    0.19 s  [119/1000]
2026-09-28 21:50:04,885 INFO ConstructionObstacle_Town05_Route68_Weather8              0 windows (+7 cached)    0.16 s  [120/1000]
2026-09-28 21:50:04,886 INFO ConstructionObstacle_Town04_Route67_Weather15             0 windows (+5 cached)    0.17 s  [121/1000]
2026-09-28 21:50:04,893 INFO ConstructionObstacle_Town05_Route69_Weather9              0 windows (+6 cached)    0.16 s  [122/1000]
2026-09-28 21:50:04,916 INFO ConstructionObstacle_Town04_Route66_Weather14             0 windows (+8 cached)    0.22 s  [123/1000]
2026-09-28 21:50:04,997 INFO ConstructionObstacle_Town12_Route75_Weather23             0 windows (+7 cached)    0.11 s  [124/1000]
2026-09-28 21:50:05,002 INFO ConstructionObstacle_Town10HD_Route74_Weather22           0 windows (+6 cached)    0.12 s  [125/1000]
2026-09-28 21:50:05,007 INFO ConstructionObstacle_Town06_Route73_Weather21             0 windows (+5 cached)    0.13 s  [126/1000]
2026-09-28 21:50:05,017 INFO ConstructionObstacle_Town06_Route72_Weather20             0 windows (+8 cached)    0.15 s  [127/1000]
2026-09-28 21:50:05,023 INFO ConstructionObstacle_Town05_Route70_Weather18             0 windows (+7 cached)    0.19 s  [128/1000]
2026-09-28 21:50:05,025 INFO ConstructionObstacle_Town12_Route76_Weather23             0 windows (+7 cached)    0.13 s  [129/1000]
2026-09-28 21:50:05,027 INFO ConstructionObstacle_Town05_Route71_Weather19             0 windows (+6 cached)    0.18 s  [130/1000]
2026-09-28 21:50:05,042 INFO ConstructionObstacle_Town12_Route77_Weather25             0 windows (+7 cached)    0.13 s  [131/1000]
2026-09-28 21:50:05,127 INFO ConstructionObstacle_Town12_Route79_Weather1              0 windows (+7 cached)    0.12 s  [132/1000]
2026-09-28 21:50:05,129 INFO ConstructionObstacle_Town12_Route78_Weather0              0 windows (+7 cached)    0.13 s  [133/1000]
2026-09-28 21:50:05,134 INFO ConstructionObstacle_Town15_Route84_Weather6              0 windows (+5 cached)    0.11 s  [134/1000]
2026-09-28 21:50:05,135 INFO ConstructionObstacle_Town13_Route80_Weather2              0 windows (+6 cached)    0.13 s  [135/1000]
2026-09-28 21:50:05,136 INFO ConstructionObstacle_Town13_Route81_Weather3              0 windows (+7 cached)    0.12 s  [136/1000]
2026-09-28 21:50:05,141 INFO ConstructionObstacle_Town13_Route82_Weather3              0 windows (+7 cached)    0.12 s  [137/1000]
2026-09-28 21:50:05,149 INFO ConstructionObstacle_Town13_Route83_Weather5              0 windows (+7 cached)    0.12 s  [138/1000]
2026-09-28 21:50:05,164 INFO ConstructionObstacle_Town15_Route85_Weather7              0 windows (+6 cached)    0.12 s  [139/1000]
2026-09-28 21:50:05,237 INFO ConstructionObstacle_Town15_Route87_Weather9              0 windows (+5 cached)    0.11 s  [140/1000]
2026-09-28 21:50:05,241 INFO ControlLoss_Town10HD_Route377_Weather13                   0 windows (+5 cached)    0.10 s  [141/1000]
2026-09-28 21:50:05,265 INFO ControlLoss_Town10HD_Route378_Weather14                   0 windows (+7 cached)    0.12 s  [142/1000]
2026-09-28 21:50:05,310 INFO ControlLoss_Town07_Route333_Weather21                     0 windows (+9 cached)    0.17 s  [143/1000]
2026-09-28 21:50:05,340 INFO ControlLoss_Town11_Route401_Weather11                     0 windows (+14 cached)    0.18 s  [144/1000]
2026-09-28 21:50:05,353 INFO ControlLoss_Town07_Route332_Weather20                     0 windows (+14 cached)    0.22 s  [145/1000]
2026-09-28 21:50:05,357 INFO ControlLoss_Town11_Route402_Weather12                     0 windows (+8 cached)    0.12 s  [146/1000]
2026-09-28 21:50:05,360 INFO ControlLoss_Town13_Route574_Weather19                     0 windows (+8 cached)    0.12 s  [147/1000]
2026-09-28 21:50:05,405 INFO ControlLoss_Town15_Route430_Weather14                     0 windows (+9 cached)    0.14 s  [148/1000]
2026-09-28 21:50:05,438 INFO ControlLoss_Town15_Route431_Weather15                     0 windows (+11 cached)    0.13 s  [149/1000]
2026-09-28 21:50:05,447 INFO ControlLoss_Town15_Route432_Weather8                      0 windows (+9 cached)    0.11 s  [150/1000]
2026-09-28 21:50:05,457 INFO ControlLoss_Town04_Route170_Weather14                     0 windows (+14 cached)    0.32 s  [151/1000]
2026-09-28 21:50:05,489 INFO ControlLoss_Town15_Route433_Weather9                      0 windows (+11 cached)    0.14 s  [152/1000]
2026-09-28 21:50:05,519 INFO ControlLoss_Town04_Route169_Weather13                     0 windows (+18 cached)    0.39 s  [153/1000]
2026-09-28 21:50:05,614 INFO CrossingBicycleFlow_Town12_Route1011_Weather23            0 windows (+17 cached)    0.26 s  [154/1000]
2026-09-28 21:50:05,680 INFO CrossingBicycleFlow_Town12_Route1012_Weather23            0 windows (+18 cached)    0.32 s  [155/1000]
2026-09-28 21:50:05,709 INFO CrossingBicycleFlow_Town12_Route1032_Weather18            0 windows (+16 cached)    0.30 s  [156/1000]
2026-09-28 21:50:05,715 INFO CrossingBicycleFlow_Town12_Route1044_Weather3             0 windows (+16 cached)    0.28 s  [157/1000]
2026-09-28 21:50:05,791 INFO CrossingBicycleFlow_Town12_Route1061_Weather21            0 windows (+17 cached)    0.33 s  [158/1000]
2026-09-28 21:50:05,794 INFO CrossingBicycleFlow_Town12_Route1050_Weather10            0 windows (+17 cached)    0.35 s  [159/1000]
2026-09-28 21:50:05,802 INFO CrossingBicycleFlow_Town12_Route1067_Weather1             0 windows (+3 cached)    0.09 s  [160/1000]
2026-09-28 21:50:05,803 INFO CrossingBicycleFlow_Town12_Route1062_Weather22            0 windows (+20 cached)    0.31 s  [161/1000]
2026-09-28 21:50:05,843 INFO CrossingBicycleFlow_Town12_Route1063_Weather23            0 windows (+17 cached)    0.32 s  [162/1000]
2026-09-28 21:50:05,922 INFO CrossingBicycleFlow_Town12_Route1064_Weather23            0 windows (+16 cached)    0.31 s  [163/1000]
2026-09-28 21:50:06,003 INFO CrossingBicycleFlow_Town12_Route1066_Weather0             0 windows (+17 cached)    0.29 s  [164/1000]
2026-09-28 21:50:06,021 INFO CrossingBicycleFlow_Town12_Route1065_Weather25            0 windows (+18 cached)    0.34 s  [165/1000]
2026-09-28 21:50:06,067 INFO CrossingBicycleFlow_Town12_Route1068_Weather2             0 windows (+17 cached)    0.28 s  [166/1000]
2026-09-28 21:50:06,087 INFO CrossingBicycleFlow_Town12_Route1072_Weather6             0 windows (+18 cached)    0.28 s  [167/1000]
2026-09-28 21:50:06,120 INFO CrossingBicycleFlow_Town12_Route1071_Weather0             0 windows (+17 cached)    0.32 s  [168/1000]
2026-09-28 21:50:06,137 INFO CrossingBicycleFlow_Town12_Route1073_Weather7             0 windows (+17 cached)    0.29 s  [169/1000]
2026-09-28 21:50:06,148 INFO CrossingBicycleFlow_Town12_Route1070_Weather3             0 windows (+19 cached)    0.35 s  [170/1000]
2026-09-28 21:50:06,190 INFO CrossingBicycleFlow_Town12_Route1074_Weather8             0 windows (+17 cached)    0.27 s  [171/1000]
2026-09-28 21:50:06,310 INFO CrossingBicycleFlow_Town12_Route1075_Weather9             0 windows (+17 cached)    0.31 s  [172/1000]
2026-09-28 21:50:06,343 INFO CrossingBicycleFlow_Town12_Route1076_Weather10            0 windows (+17 cached)    0.32 s  [173/1000]
2026-09-28 21:50:06,351 INFO CrossingBicycleFlow_Town12_Route1077_Weather11            0 windows (+17 cached)    0.28 s  [174/1000]
2026-09-28 21:50:06,425 INFO CrossingBicycleFlow_Town12_Route863_Weather5              0 windows (+16 cached)    0.28 s  [175/1000]
2026-09-28 21:50:06,426 INFO DynamicObjectCrossing_Town01_Route1_Weather1              0 windows (+7 cached)    0.12 s  [176/1000]
2026-09-28 21:50:06,448 INFO CrossingBicycleFlow_Town12_Route977_Weather15             0 windows (+15 cached)    0.26 s  [177/1000]
2026-09-28 21:50:06,448 INFO CrossingBicycleFlow_Town12_Route862_Weather3              0 windows (+17 cached)    0.31 s  [178/1000]
2026-09-28 21:50:06,460 INFO DynamicObjectCrossing_Town01_Route3_Weather3              0 windows (+6 cached)    0.11 s  [179/1000]
2026-09-28 21:50:06,490 INFO CrossingBicycleFlow_Town12_Route860_Weather2              0 windows (+19 cached)    0.37 s  [180/1000]
2026-09-28 21:50:06,508 INFO DynamicObjectCrossing_Town01_Route4_Weather3              0 windows (+5 cached)    0.08 s  [181/1000]
2026-09-28 21:50:06,519 INFO DynamicObjectCrossing_Town01_Route5_Weather2              0 windows (+7 cached)    0.09 s  [182/1000]
2026-09-28 21:50:06,530 INFO DynamicObjectCrossing_Town01_Route7_Weather7              0 windows (+5 cached)    0.08 s  [183/1000]
2026-09-28 21:50:06,548 INFO DynamicObjectCrossing_Town01_Route8_Weather3              0 windows (+7 cached)    0.09 s  [184/1000]
2026-09-28 21:50:06,552 INFO DynamicObjectCrossing_Town01_Route6_Weather6              0 windows (+6 cached)    0.10 s  [185/1000]
2026-09-28 21:50:06,601 INFO DynamicObjectCrossing_Town01_Route2_Weather2              0 windows (+22 cached)    0.26 s  [186/1000]
2026-09-28 21:50:06,603 INFO DynamicObjectCrossing_Town02_Route11_Weather11            0 windows (+6 cached)    0.11 s  [187/1000]
2026-09-28 21:50:06,617 INFO DynamicObjectCrossing_Town02_Route12_Weather12            0 windows (+6 cached)    0.11 s  [188/1000]
2026-09-28 21:50:06,632 INFO DynamicObjectCrossing_Town02_Route14_Weather14            0 windows (+7 cached)    0.10 s  [189/1000]
2026-09-28 21:50:06,635 INFO DynamicObjectCrossing_Town02_Route13_Weather6             0 windows (+7 cached)    0.12 s  [190/1000]
2026-09-28 21:50:06,638 INFO DynamicObjectCrossing_Town02_Route15_Weather15            0 windows (+6 cached)    0.09 s  [191/1000]
2026-09-28 21:50:06,661 INFO DynamicObjectCrossing_Town02_Route9_Weather9              0 windows (+6 cached)    0.11 s  [192/1000]
2026-09-28 21:50:06,690 INFO DynamicObjectCrossing_Town10HD_Route18_Weather18          0 windows (+3 cached)    0.09 s  [193/1000]
2026-09-28 21:50:06,691 INFO DynamicObjectCrossing_Town10HD_Route19_Weather19          0 windows (+3 cached)    0.09 s  [194/1000]
2026-09-28 21:50:06,724 INFO DynamicObjectCrossing_Town11_Route20_Weather20            0 windows (+8 cached)    0.11 s  [195/1000]
2026-09-28 21:50:06,749 INFO DynamicObjectCrossing_Town12_Route21_Weather21            0 windows (+7 cached)    0.12 s  [196/1000]
2026-09-28 21:50:06,752 INFO DynamicObjectCrossing_Town13_Route24_Weather23            0 windows (+6 cached)    0.09 s  [197/1000]
2026-09-28 21:50:06,775 INFO DynamicObjectCrossing_Town12_Route23_Weather23            0 windows (+12 cached)    0.14 s  [198/1000]
2026-09-28 21:50:06,782 INFO DynamicObjectCrossing_Town12_Route22_Weather22            0 windows (+7 cached)    0.15 s  [199/1000]
2026-09-28 21:50:06,782 INFO DynamicObjectCrossing_Town13_Route25_Weather25            0 windows (+6 cached)    0.09 s  [200/1000]
2026-09-28 21:50:06,811 INFO DynamicObjectCrossing_Town15_Route27_Weather1             0 windows (+7 cached)    0.09 s  [201/1000]
2026-09-28 21:50:06,833 INFO DynamicObjectCrossing_Town15_Route29_Weather3             0 windows (+6 cached)    0.08 s  [202/1000]
2026-09-28 21:50:06,835 INFO DynamicObjectCrossing_Town13_Route26_Weather0             0 windows (+10 cached)    0.14 s  [203/1000]
2026-09-28 21:50:06,844 INFO CrossingBicycleFlow_Town12_Route1078_Weather12            0 windows (+43 cached)    0.76 s  [204/1000]
2026-09-28 21:50:06,854 INFO DynamicObjectCrossing_Town15_Route28_Weather2             0 windows (+6 cached)    0.10 s  [205/1000]
2026-09-28 21:50:06,897 INFO EnterActorFlow_Town04_Route192_Weather10                  0 windows (+8 cached)    0.12 s  [206/1000]
2026-09-28 21:50:06,899 INFO EnterActorFlow_Town07_Route349_Weather11                  0 windows (+3 cached)    0.06 s  [207/1000]
2026-09-28 21:50:06,910 INFO EnterActorFlow_Town07_Route348_Weather10                  0 windows (+4 cached)    0.08 s  [208/1000]
2026-09-28 21:50:06,934 INFO EnterActorFlow_Town12_Route830_Weather23                  0 windows (+2 cached)    0.08 s  [209/1000]
2026-09-28 21:50:06,959 INFO EnterActorFlow_Town12_Route831_Weather25                  0 windows (+3 cached)    0.06 s  [210/1000]
2026-09-28 21:50:06,964 INFO EnterActorFlow_Town13_Route611_Weather13                  0 windows (+2 cached)    0.05 s  [211/1000]
2026-09-28 21:50:07,004 INFO EnterActorFlow_Town13_Route613_Weather15                  0 windows (+2 cached)    0.05 s  [212/1000]
2026-09-28 21:50:07,033 INFO EnterActorFlow_Town05_Route245_Weather9                   0 windows (+15 cached)    0.25 s  [213/1000]
2026-09-28 21:50:07,063 INFO EnterActorFlow_Town03_Route132_Weather2                   0 windows (+23 cached)    0.29 s  [214/1000]
2026-09-28 21:50:07,111 INFO EnterActorFlow_Town07_Route350_Weather12                  0 windows (+23 cached)    0.27 s  [215/1000]
2026-09-28 21:50:07,153 INFO HardBreakRoute_Town01_Route30_Weather3                    0 windows (+11 cached)    0.12 s  [216/1000]
2026-09-28 21:50:07,168 INFO EnterActorFlow_Town13_Route614_Weather8                   0 windows (+8 cached)    0.20 s  [217/1000]
2026-09-28 21:50:07,200 INFO HardBreakRoute_Town01_Route31_Weather5                    0 windows (+11 cached)    0.14 s  [218/1000]
2026-09-28 21:50:07,222 INFO EnterActorFlow_Town12_Route832_Weather0                   0 windows (+22 cached)    0.32 s  [219/1000]
2026-09-28 21:50:07,236 INFO HardBreakRoute_Town01_Route32_Weather6                    0 windows (+11 cached)    0.12 s  [220/1000]
2026-09-28 21:50:07,247 INFO HardBreakRoute_Town02_Route34_Weather8                    0 windows (+4 cached)    0.08 s  [221/1000]
2026-09-28 21:50:07,259 INFO HardBreakRoute_Town02_Route33_Weather7                    0 windows (+5 cached)    0.11 s  [222/1000]
2026-09-28 21:50:07,263 INFO EnterActorFlow_Town13_Route612_Weather14                  0 windows (+23 cached)    0.33 s  [223/1000]
2026-09-28 21:50:07,268 INFO HardBreakRoute_Town02_Route35_Weather9                    0 windows (+4 cached)    0.07 s  [224/1000]
2026-09-28 21:50:07,298 INFO EnterActorFlow_Town13_Route681_Weather5                   0 windows (+23 cached)    0.29 s  [225/1000]
2026-09-28 21:50:07,370 INFO HardBreakRoute_Town03_Route36_Weather10                   0 windows (+12 cached)    0.15 s  [226/1000]
2026-09-28 21:50:07,405 INFO HardBreakRoute_Town03_Route37_Weather11                   0 windows (+11 cached)    0.17 s  [227/1000]
2026-09-28 21:50:07,449 INFO EnterActorFlow_Town05_Route271_Weather11                  0 windows (+35 cached)    0.64 s  [228/1000]
2026-09-28 21:50:07,496 INFO HardBreakRoute_Town05_Route43_Weather9                    0 windows (+12 cached)    0.13 s  [229/1000]
2026-09-28 21:50:07,516 INFO HardBreakRoute_Town03_Route38_Weather12                   0 windows (+21 cached)    0.27 s  [230/1000]
2026-09-28 21:50:07,516 INFO HardBreakRoute_Town04_Route39_Weather13                   0 windows (+11 cached)    0.26 s  [231/1000]
2026-09-28 21:50:07,519 INFO HardBreakRoute_Town04_Route41_Weather15                   0 windows (+11 cached)    0.25 s  [232/1000]
2026-09-28 21:50:07,526 INFO HardBreakRoute_Town04_Route40_Weather14                   0 windows (+10 cached)    0.26 s  [233/1000]
2026-09-28 21:50:07,583 INFO HardBreakRoute_Town05_Route44_Weather18                   0 windows (+11 cached)    0.18 s  [234/1000]
2026-09-28 21:50:07,610 INFO HardBreakRoute_Town06_Route45_Weather19                   0 windows (+12 cached)    0.16 s  [235/1000]
2026-09-28 21:50:07,631 INFO HardBreakRoute_Town11_Route50_Weather23                   0 windows (+12 cached)    0.10 s  [236/1000]
2026-09-28 21:50:07,654 INFO HardBreakRoute_Town07_Route48_Weather22                   0 windows (+12 cached)    0.14 s  [237/1000]
2026-09-28 21:50:07,675 INFO HardBreakRoute_Town10HD_Route49_Weather23                 0 windows (+9 cached)    0.16 s  [238/1000]
2026-09-28 21:50:07,680 INFO HardBreakRoute_Town07_Route47_Weather21                   0 windows (+12 cached)    0.16 s  [239/1000]
2026-09-28 21:50:07,681 INFO HardBreakRoute_Town05_Route42_Weather8                    0 windows (+28 cached)    0.39 s  [240/1000]
2026-09-28 21:50:07,737 INFO HardBreakRoute_Town12_Route52_Weather0                    0 windows (+11 cached)    0.13 s  [241/1000]
2026-09-28 21:50:07,756 INFO HardBreakRoute_Town12_Route51_Weather25                   0 windows (+13 cached)    0.17 s  [242/1000]
2026-09-28 21:50:07,768 INFO HardBreakRoute_Town13_Route1337_Weather26                 0 windows (+11 cached)    0.11 s  [243/1000]
2026-09-28 21:50:07,771 INFO HardBreakRoute_Town12_Route53_Weather1                    0 windows (+11 cached)    0.14 s  [244/1000]
2026-09-28 21:50:07,772 INFO HardBreakRoute_Town13_Route1340_Weather26                 0 windows (+11 cached)    0.09 s  [245/1000]
2026-09-28 21:50:07,776 INFO HardBreakRoute_Town13_Route1339_Weather26                 0 windows (+11 cached)    0.10 s  [246/1000]
2026-09-28 21:50:07,790 INFO HardBreakRoute_Town13_Route1338_Weather26                 0 windows (+11 cached)    0.12 s  [247/1000]
2026-09-28 21:50:07,839 INFO HardBreakRoute_Town06_Route46_Weather20                   0 windows (+22 cached)    0.34 s  [248/1000]
2026-09-28 21:50:07,876 INFO HardBreakRoute_Town13_Route55_Weather3                    0 windows (+11 cached)    0.11 s  [249/1000]
2026-09-28 21:50:07,878 INFO HardBreakRoute_Town13_Route1341_Weather26                 0 windows (+13 cached)    0.14 s  [250/1000]
2026-09-28 21:50:07,879 INFO HardBreakRoute_Town15_Route57_Weather5                    0 windows (+11 cached)    0.11 s  [251/1000]
2026-09-28 21:50:07,896 INFO HardBreakRoute_Town15_Route58_Weather6                    0 windows (+11 cached)    0.12 s  [252/1000]
2026-09-28 21:50:07,926 INFO HardBreakRoute_Town13_Route54_Weather2                    0 windows (+16 cached)    0.17 s  [253/1000]
2026-09-28 21:50:07,937 INFO HazardAtSideLaneTwoWays_Town12_Route1128_Weather10        0 windows (+9 cached)    0.10 s  [254/1000]
2026-09-28 21:50:07,939 INFO HardBreakRoute_Town13_Route56_Weather3                    0 windows (+16 cached)    0.17 s  [255/1000]
2026-09-28 21:50:07,964 INFO HazardAtSideLaneTwoWays_Town12_Route1129_Weather11        0 windows (+8 cached)    0.09 s  [256/1000]
2026-09-28 21:50:07,972 INFO HazardAtSideLaneTwoWays_Town12_Route1131_Weather13        0 windows (+9 cached)    0.09 s  [257/1000]
2026-09-28 21:50:07,988 INFO HazardAtSideLaneTwoWays_Town12_Route1132_Weather14        0 windows (+8 cached)    0.09 s  [258/1000]
2026-09-28 21:50:07,993 INFO HazardAtSideLaneTwoWays_Town12_Route1130_Weather12        0 windows (+10 cached)    0.12 s  [259/1000]
2026-09-28 21:50:08,036 INFO HazardAtSideLaneTwoWays_Town12_Route1133_Weather15        0 windows (+9 cached)    0.11 s  [260/1000]
2026-09-28 21:50:08,040 INFO HazardAtSideLaneTwoWays_Town12_Route1135_Weather9         0 windows (+9 cached)    0.10 s  [261/1000]
2026-09-28 21:50:08,042 INFO HazardAtSideLaneTwoWays_Town12_Route1134_Weather8         0 windows (+8 cached)    0.10 s  [262/1000]
2026-09-28 21:50:08,045 INFO HazardAtSideLaneTwoWays_Town12_Route1136_Weather18        0 windows (+8 cached)    0.08 s  [263/1000]
2026-09-28 21:50:08,054 INFO HazardAtSideLaneTwoWays_Town12_Route1137_Weather19        0 windows (+8 cached)    0.08 s  [264/1000]
2026-09-28 21:50:08,068 INFO HazardAtSideLaneTwoWays_Town12_Route1138_Weather20        0 windows (+7 cached)    0.08 s  [265/1000]
2026-09-28 21:50:08,077 INFO HazardAtSideLaneTwoWays_Town12_Route1139_Weather21        0 windows (+8 cached)    0.08 s  [266/1000]
2026-09-28 21:50:08,133 INFO HazardAtSideLaneTwoWays_Town12_Route1142_Weather23        0 windows (+8 cached)    0.09 s  [267/1000]
2026-09-28 21:50:08,134 INFO HazardAtSideLaneTwoWays_Town12_Route1141_Weather23        0 windows (+9 cached)    0.09 s  [268/1000]
2026-09-28 21:50:08,136 INFO HazardAtSideLaneTwoWays_Town12_Route1140_Weather22        0 windows (+9 cached)    0.10 s  [269/1000]
2026-09-28 21:50:08,140 INFO HazardAtSideLaneTwoWays_Town12_Route1144_Weather0         0 windows (+9 cached)    0.09 s  [270/1000]
2026-09-28 21:50:08,142 INFO HazardAtSideLaneTwoWays_Town12_Route1143_Weather25        0 windows (+9 cached)    0.10 s  [271/1000]
2026-09-28 21:50:08,172 INFO HazardAtSideLaneTwoWays_Town12_Route1145_Weather1         0 windows (+9 cached)    0.10 s  [272/1000]
2026-09-28 21:50:08,194 INFO HazardAtSideLaneTwoWays_Town12_Route1146_Weather2         0 windows (+9 cached)    0.12 s  [273/1000]
2026-09-28 21:50:08,209 INFO HardBreakRoute_Town15_Route59_Weather7                    0 windows (+37 cached)    0.42 s  [274/1000]
2026-09-28 21:50:08,222 INFO HazardAtSideLaneTwoWays_Town12_Route1153_Weather9         0 windows (+9 cached)    0.08 s  [275/1000]
2026-09-28 21:50:08,234 INFO HazardAtSideLaneTwoWays_Town12_Route1152_Weather8         0 windows (+8 cached)    0.10 s  [276/1000]
2026-09-28 21:50:08,240 INFO HazardAtSideLaneTwoWays_Town12_Route1151_Weather7         0 windows (+9 cached)    0.11 s  [277/1000]
2026-09-28 21:50:08,241 INFO HazardAtSideLaneTwoWays_Town12_Route1147_Weather3         0 windows (+10 cached)    0.11 s  [278/1000]
2026-09-28 21:50:08,260 INFO HazardAtSideLaneTwoWays_Town12_Route1154_Weather10        0 windows (+9 cached)    0.12 s  [279/1000]
2026-09-28 21:50:08,261 INFO HazardAtSideLaneTwoWays_Town12_Route1155_Weather11        0 windows (+8 cached)    0.09 s  [280/1000]
2026-09-28 21:50:08,305 INFO HazardAtSideLaneTwoWays_Town12_Route1156_Weather12        0 windows (+8 cached)    0.11 s  [281/1000]
2026-09-28 21:50:08,331 INFO HazardAtSideLane_Town03_Route106_Weather23                0 windows (+6 cached)    0.10 s  [282/1000]
2026-09-28 21:50:08,334 INFO HazardAtSideLane_Town03_Route105_Weather22                0 windows (+8 cached)    0.11 s  [283/1000]
2026-09-28 21:50:08,341 INFO HazardAtSideLaneTwoWays_Town12_Route1157_Weather13        0 windows (+9 cached)    0.13 s  [284/1000]
2026-09-28 21:50:08,375 INFO HazardAtSideLane_Town05_Route222_Weather0                 0 windows (+6 cached)    0.13 s  [285/1000]
2026-09-28 21:50:08,382 INFO HazardAtSideLane_Town04_Route164_Weather8                 0 windows (+5 cached)    0.14 s  [286/1000]
2026-09-28 21:50:08,392 INFO HazardAtSideLane_Town05_Route263_Weather3                 0 windows (+6 cached)    0.13 s  [287/1000]
2026-09-28 21:50:08,411 INFO HazardAtSideLane_Town05_Route223_Weather15                0 windows (+7 cached)    0.15 s  [288/1000]
2026-09-28 21:50:08,417 INFO HazardAtSideLane_Town10HD_Route373_Weather9               0 windows (+5 cached)    0.08 s  [289/1000]
2026-09-28 21:50:08,427 INFO HazardAtSideLane_Town12_Route1506_Weather0                0 windows (+6 cached)    0.09 s  [290/1000]
2026-09-28 21:50:08,453 INFO HazardAtSideLane_Town06_Route329_Weather9                 0 windows (+7 cached)    0.12 s  [291/1000]
2026-09-28 21:50:08,455 INFO HazardAtSideLane_Town06_Route283_Weather23                0 windows (+7 cached)    0.15 s  [292/1000]
2026-09-28 21:50:08,494 INFO HazardAtSideLane_Town12_Route1508_Weather2                0 windows (+8 cached)    0.11 s  [293/1000]
2026-09-28 21:50:08,514 INFO HazardAtSideLane_Town12_Route1516_Weather13               0 windows (+8 cached)    0.10 s  [294/1000]
2026-09-28 21:50:08,519 INFO HazardAtSideLane_Town12_Route1507_Weather1                0 windows (+8 cached)    0.14 s  [295/1000]
2026-09-28 21:50:08,522 INFO HazardAtSideLane_Town12_Route1512_Weather7                0 windows (+8 cached)    0.13 s  [296/1000]
2026-09-28 21:50:08,527 INFO HazardAtSideLane_Town12_Route1517_Weather14               0 windows (+8 cached)    0.10 s  [297/1000]
2026-09-28 21:50:08,531 INFO HazardAtSideLane_Town12_Route1515_Weather12               0 windows (+7 cached)    0.12 s  [298/1000]
2026-09-28 21:50:08,573 INFO HazardAtSideLane_Town12_Route1519_Weather8                0 windows (+8 cached)    0.12 s  [299/1000]
2026-09-28 21:50:08,583 INFO HazardAtSideLane_Town12_Route1518_Weather15               0 windows (+7 cached)    0.13 s  [300/1000]
2026-09-28 21:50:08,608 INFO HazardAtSideLane_Town12_Route1520_Weather9                0 windows (+8 cached)    0.11 s  [301/1000]
2026-09-28 21:50:08,619 INFO HazardAtSideLane_Town12_Route1521_Weather18               0 windows (+8 cached)    0.11 s  [302/1000]
2026-09-28 21:50:08,630 INFO HazardAtSideLane_Town12_Route1524_Weather21               0 windows (+7 cached)    0.11 s  [303/1000]
2026-09-28 21:50:08,636 INFO HazardAtSideLane_Town12_Route1525_Weather22               0 windows (+7 cached)    0.11 s  [304/1000]
2026-09-28 21:50:08,650 INFO HazardAtSideLane_Town12_Route1526_Weather23               0 windows (+8 cached)    0.12 s  [305/1000]
2026-09-28 21:50:08,657 INFO HazardAtSideLane_Town12_Route1523_Weather20               0 windows (+10 cached)    0.14 s  [306/1000]
2026-09-28 21:50:08,682 INFO HazardAtSideLane_Town12_Route1527_Weather25               0 windows (+8 cached)    0.11 s  [307/1000]
2026-09-28 21:50:08,705 INFO HazardAtSideLane_Town12_Route1532_Weather5                0 windows (+7 cached)    0.08 s  [308/1000]
2026-09-28 21:50:08,708 INFO HazardAtSideLane_Town12_Route1530_Weather2                0 windows (+7 cached)    0.10 s  [309/1000]
2026-09-28 21:50:08,725 INFO HazardAtSideLane_Town12_Route1528_Weather0                0 windows (+7 cached)    0.14 s  [310/1000]
2026-09-28 21:50:08,746 INFO HazardAtSideLane_Town12_Route1533_Weather6                0 windows (+7 cached)    0.12 s  [311/1000]
2026-09-28 21:50:08,765 INFO HazardAtSideLane_Town12_Route1534_Weather7                0 windows (+8 cached)    0.13 s  [312/1000]
2026-09-28 21:50:08,779 INFO HazardAtSideLane_Town12_Route1537_Weather12               0 windows (+7 cached)    0.10 s  [313/1000]
2026-09-28 21:50:08,802 INFO HazardAtSideLane_Town12_Route1538_Weather13               0 windows (+7 cached)    0.10 s  [314/1000]
2026-09-28 21:50:08,809 INFO HazardAtSideLane_Town12_Route1535_Weather10               0 windows (+9 cached)    0.16 s  [315/1000]
2026-09-28 21:50:08,856 INFO HazardAtSideLane_Town12_Route775_Weather12                0 windows (+7 cached)    0.13 s  [316/1000]
2026-09-28 21:50:08,873 INFO HazardAtSideLane_Town12_Route774_Weather20                0 windows (+8 cached)    0.17 s  [317/1000]
2026-09-28 21:50:08,876 INFO HazardAtSideLane_Town12_Route915_Weather7                 0 windows (+8 cached)    0.11 s  [318/1000]
2026-09-28 21:50:08,877 INFO HazardAtSideLane_Town12_Route777_Weather23                0 windows (+6 cached)    0.13 s  [319/1000]
2026-09-28 21:50:08,886 INFO HazardAtSideLane_Town12_Route961_Weather25                0 windows (+7 cached)    0.08 s  [320/1000]
2026-09-28 21:50:08,892 INFO HazardAtSideLane_Town12_Route960_Weather20                0 windows (+7 cached)    0.11 s  [321/1000]
2026-09-28 21:50:08,925 INFO HazardAtSideLane_Town12_Route1536_Weather11               0 windows (+20 cached)    0.27 s  [322/1000]
2026-09-28 21:50:08,942 INFO HighwayCutIn_Town06_Route300_Weather14                    0 windows (+3 cached)    0.06 s  [323/1000]
2026-09-28 21:50:08,951 INFO HighwayCutIn_Town06_Route298_Weather20                    0 windows (+4 cached)    0.08 s  [324/1000]
2026-09-28 21:50:08,963 INFO HighwayCutIn_Town06_Route320_Weather8                     0 windows (+4 cached)    0.07 s  [325/1000]
2026-09-28 21:50:08,970 INFO HighwayCutIn_Town06_Route299_Weather13                    0 windows (+4 cached)    0.09 s  [326/1000]
2026-09-28 21:50:08,975 INFO HazardAtSideLane_Town15_Route421_Weather5                 0 windows (+8 cached)    0.10 s  [327/1000]
2026-09-28 21:50:08,975 INFO HazardAtSideLane_Town15_Route420_Weather3                 0 windows (+7 cached)    0.12 s  [328/1000]
2026-09-28 21:50:09,009 INFO HighwayCutIn_Town06_Route321_Weather9                     0 windows (+4 cached)    0.08 s  [329/1000]
2026-09-28 21:50:09,010 INFO HighwayCutIn_Town12_Route1006_Weather18                   0 windows (+2 cached)    0.05 s  [330/1000]
2026-09-28 21:50:09,016 INFO HighwayCutIn_Town06_Route322_Weather10                    0 windows (+4 cached)    0.07 s  [331/1000]
2026-09-28 21:50:09,017 INFO HighwayCutIn_Town12_Route1005_Weather9                    0 windows (+4 cached)    0.07 s  [332/1000]
2026-09-28 21:50:09,021 INFO HighwayCutIn_Town12_Route1047_Weather7                    0 windows (+3 cached)    0.05 s  [333/1000]
2026-09-28 21:50:09,026 INFO HighwayCutIn_Town12_Route1042_Weather2                    0 windows (+3 cached)    0.05 s  [334/1000]
2026-09-28 21:50:09,040 INFO HighwayCutIn_Town12_Route1029_Weather15                   0 windows (+4 cached)    0.07 s  [335/1000]
2026-09-28 21:50:09,050 INFO HighwayCutIn_Town12_Route849_Weather9                     0 windows (+2 cached)    0.04 s  [336/1000]
2026-09-28 21:50:09,057 INFO HighwayCutIn_Town12_Route850_Weather18                    0 windows (+2 cached)    0.04 s  [337/1000]
2026-09-28 21:50:09,061 INFO HighwayCutIn_Town12_Route1052_Weather12                   0 windows (+2 cached)    0.05 s  [338/1000]
2026-09-28 21:50:09,069 INFO HighwayCutIn_Town12_Route974_Weather12                    0 windows (+3 cached)    0.04 s  [339/1000]
2026-09-28 21:50:09,080 INFO HighwayCutIn_Town12_Route851_Weather19                    0 windows (+3 cached)    0.06 s  [340/1000]
2026-09-28 21:50:09,097 INFO HighwayCutIn_Town13_Route628_Weather3                     0 windows (+4 cached)    0.06 s  [341/1000]
2026-09-28 21:50:09,100 INFO HighwayCutIn_Town13_Route630_Weather6                     0 windows (+3 cached)    0.04 s  [342/1000]
2026-09-28 21:50:09,104 INFO HighwayCutIn_Town12_Route940_Weather3                     0 windows (+5 cached)    0.08 s  [343/1000]
2026-09-28 21:50:09,114 INFO HighwayCutIn_Town13_Route631_Weather7                     0 windows (+4 cached)    0.05 s  [344/1000]
2026-09-28 21:50:09,115 INFO HighwayCutIn_Town13_Route629_Weather5                     0 windows (+5 cached)    0.07 s  [345/1000]
2026-09-28 21:50:09,131 INFO HighwayCutIn_Town13_Route713_Weather11                    0 windows (+4 cached)    0.05 s  [346/1000]
2026-09-28 21:50:09,136 INFO HighwayCutIn_Town13_Route685_Weather9                     0 windows (+5 cached)    0.07 s  [347/1000]
2026-09-28 21:50:09,137 INFO HighwayCutIn_Town13_Route745_Weather9                     0 windows (+2 cached)    0.04 s  [348/1000]
2026-09-28 21:50:09,143 INFO HazardAtSideLane_Town13_Route558_Weather12                0 windows (+22 cached)    0.33 s  [349/1000]
2026-09-28 21:50:09,155 INFO HighwayCutIn_Town13_Route750_Weather22                    0 windows (+4 cached)    0.05 s  [350/1000]
2026-09-28 21:50:09,161 INFO HighwayCutIn_Town13_Route734_Weather6                     0 windows (+3 cached)    0.06 s  [351/1000]
2026-09-28 21:50:09,167 INFO HighwayCutIn_Town13_Route751_Weather23                    0 windows (+4 cached)    0.05 s  [352/1000]
2026-09-28 21:50:09,174 INFO HighwayExit_Town06_Route291_Weather5                      0 windows (+3 cached)    0.06 s  [353/1000]
2026-09-28 21:50:09,195 INFO HighwayExit_Town06_Route292_Weather14                     0 windows (+4 cached)    0.06 s  [354/1000]
2026-09-28 21:50:09,211 INFO HighwayExit_Town06_Route293_Weather15                     0 windows (+4 cached)    0.07 s  [355/1000]
2026-09-28 21:50:09,219 INFO HighwayExit_Town06_Route311_Weather25                     0 windows (+5 cached)    0.08 s  [356/1000]
2026-09-28 21:50:09,231 INFO HighwayExit_Town06_Route312_Weather0                      0 windows (+4 cached)    0.09 s  [357/1000]
2026-09-28 21:50:09,242 INFO HighwayExit_Town06_Route313_Weather1                      0 windows (+5 cached)    0.09 s  [358/1000]
2026-09-28 21:50:09,249 INFO HighwayExit_Town12_Route1000_Weather12                    0 windows (+5 cached)    0.09 s  [359/1000]
2026-09-28 21:50:09,249 INFO HighwayExit_Town12_Route1028_Weather14                    0 windows (+5 cached)    0.08 s  [360/1000]
2026-09-28 21:50:09,254 INFO HighwayExit_Town12_Route1041_Weather1                     0 windows (+5 cached)    0.08 s  [361/1000]
2026-09-28 21:50:09,264 INFO HighwayExit_Town12_Route1046_Weather6                     0 windows (+3 cached)    0.07 s  [362/1000]
2026-09-28 21:50:09,288 INFO HighwayExit_Town12_Route1324_Weather0                     0 windows (+3 cached)    0.07 s  [363/1000]
2026-09-28 21:50:09,291 INFO HighwayExit_Town12_Route1051_Weather11                    0 windows (+5 cached)    0.08 s  [364/1000]
2026-09-28 21:50:09,293 INFO HighwayExit_Town12_Route1326_Weather2                     0 windows (+4 cached)    0.06 s  [365/1000]
2026-09-28 21:50:09,306 INFO HighwayExit_Town12_Route841_Weather9                      0 windows (+3 cached)    0.05 s  [366/1000]
2026-09-28 21:50:09,312 INFO HighwayExit_Town12_Route838_Weather6                      0 windows (+3 cached)    0.06 s  [367/1000]
2026-09-28 21:50:09,329 INFO HighwayExit_Town12_Route1331_Weather10                    0 windows (+6 cached)    0.08 s  [368/1000]
2026-09-28 21:50:09,331 INFO HighwayExit_Town12_Route1327_Weather3                     0 windows (+4 cached)    0.09 s  [369/1000]
2026-09-28 21:50:09,342 INFO HighwayExit_Town12_Route937_Weather1                      0 windows (+4 cached)    0.08 s  [370/1000]
2026-09-28 21:50:09,367 INFO HighwayExit_Town13_Route620_Weather22                     0 windows (+5 cached)    0.08 s  [371/1000]
2026-09-28 21:50:09,369 INFO HighwayExit_Town13_Route619_Weather21                     0 windows (+5 cached)    0.08 s  [372/1000]
2026-09-28 21:50:09,373 INFO HighwayExit_Town13_Route622_Weather23                     0 windows (+4 cached)    0.07 s  [373/1000]
2026-09-28 21:50:09,381 INFO HighwayExit_Town13_Route621_Weather23                     0 windows (+5 cached)    0.09 s  [374/1000]
2026-09-28 21:50:09,390 INFO HighwayExit_Town13_Route683_Weather7                      0 windows (+5 cached)    0.08 s  [375/1000]
2026-09-28 21:50:09,415 INFO HighwayExit_Town13_Route704_Weather2                      0 windows (+5 cached)    0.09 s  [376/1000]
2026-09-28 21:50:09,422 INFO HighwayExit_Town13_Route705_Weather3                      0 windows (+5 cached)    0.09 s  [377/1000]
2026-09-28 21:50:09,435 INFO HighwayExit_Town13_Route706_Weather3                      0 windows (+5 cached)    0.09 s  [378/1000]
2026-09-28 21:50:09,440 INFO HighwayExit_Town13_Route744_Weather8                      0 windows (+5 cached)    0.07 s  [379/1000]
2026-09-28 21:50:09,445 INFO HighwayExit_Town13_Route749_Weather21                     0 windows (+5 cached)    0.07 s  [380/1000]
2026-09-28 21:50:09,448 INFO HighwayExit_Town13_Route748_Weather20                     0 windows (+4 cached)    0.08 s  [381/1000]
2026-09-28 21:50:09,451 INFO InterurbanActorFlow_Town06_Route314_Weather2              0 windows (+4 cached)    0.06 s  [382/1000]
2026-09-28 21:50:09,459 INFO InterurbanActorFlow_Town06_Route294_Weather8              0 windows (+3 cached)    0.08 s  [383/1000]
2026-09-28 21:50:09,472 INFO InterurbanActorFlow_Town12_Route1291_Weather1             0 windows (+3 cached)    0.04 s  [384/1000]
2026-09-28 21:50:09,483 INFO InterurbanActorFlow_Town12_Route1296_Weather7             0 windows (+4 cached)    0.04 s  [385/1000]
2026-09-28 21:50:09,484 INFO InterurbanActorFlow_Town12_Route1292_Weather2             0 windows (+4 cached)    0.04 s  [386/1000]
2026-09-28 21:50:09,488 INFO InterurbanActorFlow_Town06_Route315_Weather3              0 windows (+6 cached)    0.07 s  [387/1000]
2026-09-28 21:50:09,503 INFO InterurbanActorFlow_Town12_Route843_Weather11             0 windows (+4 cached)    0.05 s  [388/1000]
2026-09-28 21:50:09,513 INFO InterurbanActorFlow_Town06_Route316_Weather3              0 windows (+5 cached)    0.09 s  [389/1000]
2026-09-28 21:50:09,517 INFO InterurbanActorFlow_Town12_Route842_Weather10             0 windows (+4 cached)    0.07 s  [390/1000]
2026-09-28 21:50:09,520 INFO InterurbanActorFlow_Town13_Route707_Weather5              0 windows (+2 cached)    0.04 s  [391/1000]
2026-09-28 21:50:09,525 INFO InterurbanActorFlow_Town13_Route623_Weather25             0 windows (+4 cached)    0.05 s  [392/1000]
2026-09-28 21:50:09,530 INFO InterurbanActorFlow_Town13_Route708_Weather6              0 windows (+2 cached)    0.05 s  [393/1000]
2026-09-28 21:50:09,544 INFO InterurbanAdvancedActorFlow_Town06_Route301_Weather15     0 windows (+4 cached)    0.06 s  [394/1000]
2026-09-28 21:50:09,558 INFO InterurbanActorFlow_Town12_Route938_Weather2              0 windows (+8 cached)    0.10 s  [395/1000]
2026-09-28 21:50:09,569 INFO InterurbanAdvancedActorFlow_Town06_Route325_Weather13     0 windows (+2 cached)    0.05 s  [396/1000]
2026-09-28 21:50:09,572 INFO InterurbanAdvancedActorFlow_Town06_Route324_Weather2      0 windows (+4 cached)    0.06 s  [397/1000]
2026-09-28 21:50:09,577 INFO InterurbanAdvancedActorFlow_Town06_Route302_Weather21     0 windows (+5 cached)    0.07 s  [398/1000]
2026-09-28 21:50:09,587 INFO InterurbanAdvancedActorFlow_Town06_Route303_Weather22     0 windows (+4 cached)    0.07 s  [399/1000]
2026-09-28 21:50:09,588 INFO InterurbanAdvancedActorFlow_Town06_Route331_Weather19     0 windows (+3 cached)    0.06 s  [400/1000]
2026-09-28 21:50:09,596 INFO InterurbanAdvancedActorFlow_Town12_Route1030_Weather8     0 windows (+3 cached)    0.05 s  [401/1000]
2026-09-28 21:50:09,596 INFO InterurbanAdvancedActorFlow_Town06_Route330_Weather18     0 windows (+3 cached)    0.07 s  [402/1000]
2026-09-28 21:50:09,603 INFO InterurbanAdvancedActorFlow_Town12_Route1048_Weather8     0 windows (+3 cached)    0.04 s  [403/1000]
2026-09-28 21:50:09,622 INFO InterurbanAdvancedActorFlow_Town12_Route854_Weather22     0 windows (+3 cached)    0.05 s  [404/1000]
2026-09-28 21:50:09,629 INFO InterurbanAdvancedActorFlow_Town13_Route634_Weather10     0 windows (+5 cached)    0.06 s  [405/1000]
2026-09-28 21:50:09,643 INFO InterurbanAdvancedActorFlow_Town13_Route735_Weather7      0 windows (+4 cached)    0.05 s  [406/1000]
2026-09-28 21:50:09,644 INFO InterurbanAdvancedActorFlow_Town13_Route715_Weather13     0 windows (+4 cached)    0.06 s  [407/1000]
2026-09-28 21:50:09,646 INFO InterurbanAdvancedActorFlow_Town13_Route686_Weather10     0 windows (+5 cached)    0.07 s  [408/1000]
2026-09-28 21:50:09,663 INFO InterurbanAdvancedActorFlow_Town13_Route753_Weather25     0 windows (+4 cached)    0.07 s  [409/1000]
2026-09-28 21:50:09,664 INFO InvadingTurn_Town02_Route95_Weather9                      0 windows (+3 cached)    0.07 s  [410/1000]
2026-09-28 21:50:09,668 INFO InvadingTurn_Town02_Route99_Weather21                     0 windows (+4 cached)    0.07 s  [411/1000]
2026-09-28 21:50:09,718 INFO InvadingTurn_Town12_Route796_Weather8                     0 windows (+6 cached)    0.07 s  [412/1000]
2026-09-28 21:50:09,722 INFO InvadingTurn_Town05_Route230_Weather22                    0 windows (+5 cached)    0.09 s  [413/1000]
2026-09-28 21:50:09,727 INFO InvadingTurn_Town05_Route266_Weather6                     0 windows (+5 cached)    0.08 s  [414/1000]
2026-09-28 21:50:09,736 INFO InvadingTurn_Town12_Route925_Weather15                    0 windows (+5 cached)    0.07 s  [415/1000]
2026-09-28 21:50:09,738 INFO InvadingTurn_Town12_Route924_Weather14                    0 windows (+5 cached)    0.07 s  [416/1000]
2026-09-28 21:50:09,750 INFO InvadingTurn_Town04_Route217_Weather9                     0 windows (+4 cached)    0.13 s  [417/1000]
2026-09-28 21:50:09,752 INFO InvadingTurn_Town13_Route575_Weather3                     0 windows (+6 cached)    0.08 s  [418/1000]
2026-09-28 21:50:09,776 INFO InvadingTurn_Town05_Route231_Weather23                    0 windows (+12 cached)    0.13 s  [419/1000]
2026-09-28 21:50:09,777 INFO InvadingTurn_Town13_Route578_Weather6                     0 windows (+4 cached)    0.06 s  [420/1000]
2026-09-28 21:50:09,826 INFO LaneChange_Town06_Route307_Weather21                      0 windows (+3 cached)    0.09 s  [421/1000]
2026-09-28 21:50:09,834 INFO LaneChange_Town06_Route277_Weather9                       0 windows (+4 cached)    0.10 s  [422/1000]
2026-09-28 21:50:09,838 INFO InvadingTurn_Town15_Route436_Weather20                    0 windows (+7 cached)    0.11 s  [423/1000]
2026-09-28 21:50:09,845 INFO LaneChange_Town12_Route892_Weather8                       0 windows (+4 cached)    0.07 s  [424/1000]
2026-09-28 21:50:09,850 INFO InvadingTurn_Town15_Route434_Weather18                    0 windows (+8 cached)    0.13 s  [425/1000]
2026-09-28 21:50:09,852 INFO LaneChange_Town06_Route326_Weather3                       0 windows (+4 cached)    0.10 s  [426/1000]
2026-09-28 21:50:09,864 INFO LaneChange_Town12_Route756_Weather2                       0 windows (+5 cached)    0.11 s  [427/1000]
2026-09-28 21:50:09,891 INFO LaneChange_Town12_Route757_Weather10                      0 windows (+5 cached)    0.11 s  [428/1000]
2026-09-28 21:50:09,921 INFO LaneChange_Town13_Route726_Weather21                      0 windows (+5 cached)    0.07 s  [429/1000]
2026-09-28 21:50:09,929 INFO LaneChange_Town12_Route984_Weather22                      0 windows (+3 cached)    0.09 s  [430/1000]
2026-09-28 21:50:09,941 INFO LaneChange_Town13_Route664_Weather14                      0 windows (+6 cached)    0.10 s  [431/1000]
2026-09-28 21:50:09,949 INFO LaneChange_Town13_Route725_Weather23                      0 windows (+6 cached)    0.10 s  [432/1000]
2026-09-28 21:50:09,954 INFO LaneChange_Town12_Route983_Weather5                       0 windows (+5 cached)    0.12 s  [433/1000]
2026-09-28 21:50:09,965 INFO LaneChange_Town12_Route894_Weather10                      0 windows (+6 cached)    0.14 s  [434/1000]
2026-09-28 21:50:09,988 INFO LaneChange_Town13_Route740_Weather0                       0 windows (+5 cached)    0.10 s  [435/1000]
2026-09-28 21:50:10,003 INFO MergerIntoSlowTrafficV2_Town12_Route1010_Weather22        0 windows (+4 cached)    0.06 s  [436/1000]
2026-09-28 21:50:10,015 INFO MergerIntoSlowTrafficV2_Town12_Route1009_Weather21        0 windows (+4 cached)    0.09 s  [437/1000]
2026-09-28 21:50:10,022 INFO MergerIntoSlowTrafficV2_Town12_Route1031_Weather9         0 windows (+4 cached)    0.07 s  [438/1000]
2026-09-28 21:50:10,031 INFO MergerIntoSlowTrafficV2_Town12_Route1053_Weather13        0 windows (+3 cached)    0.07 s  [439/1000]
2026-09-28 21:50:10,032 INFO MergerIntoSlowTrafficV2_Town12_Route1043_Weather3         0 windows (+4 cached)    0.08 s  [440/1000]
2026-09-28 21:50:10,035 INFO LaneChange_Town13_Route743_Weather3                       0 windows (+7 cached)    0.11 s  [441/1000]
2026-09-28 21:50:10,046 INFO LaneChange_Town13_Route739_Weather25                      0 windows (+10 cached)    0.18 s  [442/1000]
2026-09-28 21:50:10,055 INFO MergerIntoSlowTrafficV2_Town12_Route1056_Weather8         0 windows (+4 cached)    0.05 s  [443/1000]
2026-09-28 21:50:10,066 INFO MergerIntoSlowTrafficV2_Town12_Route1055_Weather15        0 windows (+4 cached)    0.08 s  [444/1000]
2026-09-28 21:50:10,087 INFO MergerIntoSlowTrafficV2_Town12_Route1059_Weather19        0 windows (+4 cached)    0.06 s  [445/1000]
2026-09-28 21:50:10,091 INFO MergerIntoSlowTrafficV2_Town12_Route1057_Weather9         0 windows (+4 cached)    0.08 s  [446/1000]
2026-09-28 21:50:10,101 INFO MergerIntoSlowTrafficV2_Town12_Route1060_Weather20        0 windows (+3 cached)    0.07 s  [447/1000]
2026-09-28 21:50:10,101 INFO MergerIntoSlowTrafficV2_Town12_Route1058_Weather18        0 windows (+4 cached)    0.08 s  [448/1000]
2026-09-28 21:50:10,108 INFO MergerIntoSlowTrafficV2_Town12_Route856_Weather23         0 windows (+4 cached)    0.07 s  [449/1000]
2026-09-28 21:50:10,120 INFO MergerIntoSlowTrafficV2_Town12_Route857_Weather25         0 windows (+4 cached)    0.07 s  [450/1000]
2026-09-28 21:50:10,125 INFO MergerIntoSlowTrafficV2_Town12_Route858_Weather0          0 windows (+4 cached)    0.07 s  [451/1000]
2026-09-28 21:50:10,135 INFO MergerIntoSlowTrafficV2_Town12_Route859_Weather1          0 windows (+4 cached)    0.07 s  [452/1000]
2026-09-28 21:50:10,147 INFO MergerIntoSlowTrafficV2_Town12_Route941_Weather5          0 windows (+4 cached)    0.06 s  [453/1000]
2026-09-28 21:50:10,155 INFO MergerIntoSlowTrafficV2_Town12_Route976_Weather14         0 windows (+4 cached)    0.06 s  [454/1000]
2026-09-28 21:50:10,178 INFO MergerIntoSlowTraffic_Town12_Route1003_Weather8           0 windows (+5 cached)    0.07 s  [455/1000]
2026-09-28 21:50:10,181 INFO MergerIntoSlowTraffic_Town12_Route844_Weather12           0 windows (+4 cached)    0.06 s  [456/1000]
2026-09-28 21:50:10,190 INFO MergerIntoSlowTraffic_Town06_Route317_Weather5            0 windows (+5 cached)    0.09 s  [457/1000]
2026-09-28 21:50:10,193 INFO MergerIntoSlowTraffic_Town12_Route1004_Weather8           0 windows (+4 cached)    0.07 s  [458/1000]
2026-09-28 21:50:10,199 INFO MergerIntoSlowTraffic_Town12_Route845_Weather13           0 windows (+3 cached)    0.06 s  [459/1000]
2026-09-28 21:50:10,200 INFO MergerIntoSlowTraffic_Town12_Route973_Weather11           0 windows (+4 cached)    0.05 s  [460/1000]
2026-09-28 21:50:10,200 ERROR NonSignalizedJunctionLeftTurnEnterFlow_Town12_Route949_Weather13 FAILED: ValueError: NonSignalizedJunctionLeftTurnEnterFlow_Town12_Route949_Weather13: 67 frames, need >= 80
2026-09-28 21:50:10,206 INFO MergerIntoSlowTrafficV2_Town15_Route525_Weather5          0 windows (+8 cached)    0.11 s  [462/1000]
2026-09-28 21:50:10,212 INFO MergerIntoSlowTraffic_Town13_Route627_Weather3            0 windows (+2 cached)    0.03 s  [463/1000]
2026-09-28 21:50:10,234 INFO NonSignalizedJunctionLeftTurnEnterFlow_Town12_Route1022_Weather8   0 windows (+3 cached)    0.05 s  [464/1000]
2026-09-28 21:50:10,247 INFO MergerIntoSlowTraffic_Town13_Route626_Weather2            0 windows (+6 cached)    0.09 s  [465/1000]
2026-09-28 21:50:10,256 INFO NonSignalizedJunctionLeftTurnEnterFlow_Town12_Route982_Weather20   0 windows (+4 cached)    0.06 s  [466/1000]
2026-09-28 21:50:10,257 INFO NonSignalizedJunctionLeftTurnEnterFlow_Town12_Route1035_Weather21   0 windows (+3 cached)    0.07 s  [467/1000]
2026-09-28 21:50:10,260 INFO NonSignalizedJunctionLeftTurnEnterFlow_Town12_Route891_Weather7   0 windows (+3 cached)    0.06 s  [468/1000]
2026-09-28 21:50:10,265 INFO NonSignalizedJunctionLeftTurnEnterFlow_Town12_Route888_Weather3   0 windows (+3 cached)    0.07 s  [469/1000]
2026-09-28 21:50:10,271 INFO NonSignalizedJunctionLeftTurnEnterFlow_Town13_Route660_Weather10   0 windows (+4 cached)    0.06 s  [470/1000]
2026-09-28 21:50:10,292 INFO NonSignalizedJunctionLeftTurnEnterFlow_Town13_Route661_Weather11   0 windows (+6 cached)    0.08 s  [471/1000]
2026-09-28 21:50:10,301 INFO NonSignalizedJunctionLeftTurnEnterFlow_Town15_Route499_Weather5   0 windows (+1 cached)    0.04 s  [472/1000]
2026-09-28 21:50:10,303 INFO NonSignalizedJunctionLeftTurnEnterFlow_Town13_Route722_Weather20   0 windows (+4 cached)    0.07 s  [473/1000]
2026-09-28 21:50:10,303 INFO NonSignalizedJunctionLeftTurnEnterFlow_Town13_Route723_Weather21   0 windows (+3 cached)    0.06 s  [474/1000]
2026-09-28 21:50:10,308 INFO NonSignalizedJunctionLeftTurnEnterFlow_Town15_Route512_Weather18   0 windows (+2 cached)    0.04 s  [475/1000]
2026-09-28 21:50:10,313 INFO NonSignalizedJunctionLeftTurnEnterFlow_Town13_Route724_Weather22   0 windows (+3 cached)    0.06 s  [476/1000]
2026-09-28 21:50:10,314 INFO NonSignalizedJunctionLeftTurnEnterFlow_Town15_Route460_Weather18   0 windows (+3 cached)    0.05 s  [477/1000]
2026-09-28 21:50:10,319 INFO NonSignalizedJunctionLeftTurnEnterFlow_Town13_Route738_Weather10   0 windows (+4 cached)    0.06 s  [478/1000]
2026-09-28 21:50:10,325 INFO NonSignalizedJunctionLeftTurnEnterFlow_Town15_Route532_Weather12   0 windows (+2 cached)    0.03 s  [479/1000]
2026-09-28 21:50:10,334 INFO NonSignalizedJunctionLeftTurnEnterFlow_Town15_Route533_Weather13   0 windows (+2 cached)    0.03 s  [480/1000]
2026-09-28 21:50:10,353 INFO NonSignalizedJunctionLeftTurnEnterFlow_Town15_Route537_Weather9   0 windows (+2 cached)    0.05 s  [481/1000]
2026-09-28 21:50:10,400 INFO NonSignalizedJunctionLeftTurn_Town03_Route122_Weather26   0 windows (+5 cached)    0.10 s  [482/1000]
2026-09-28 21:50:10,415 INFO NonSignalizedJunctionLeftTurn_Town03_Route123_Weather26   0 windows (+5 cached)    0.11 s  [483/1000]
2026-09-28 21:50:10,419 INFO NonSignalizedJunctionLeftTurn_Town03_Route124_Weather26   0 windows (+5 cached)    0.11 s  [484/1000]
2026-09-28 21:50:10,439 INFO NonSignalizedJunctionLeftTurn_Town03_Route153_Weather26   0 windows (+8 cached)    0.12 s  [485/1000]
2026-09-28 21:50:10,463 INFO NonSignalizedJunctionLeftTurn_Town04_Route212_Weather26   0 windows (+8 cached)    0.11 s  [486/1000]
2026-09-28 21:50:10,484 INFO NonSignalizedJunctionLeftTurn_Town04_Route182_Weather26   0 windows (+12 cached)    0.16 s  [487/1000]
2026-09-28 21:50:10,510 INFO NonSignalizedJunctionLeftTurn_Town07_Route342_Weather3    0 windows (+2 cached)    0.07 s  [488/1000]
2026-09-28 21:50:10,529 INFO NonSignalizedJunctionLeftTurn_Town05_Route238_Weather26   0 windows (+5 cached)    0.13 s  [489/1000]
2026-09-28 21:50:10,549 INFO NonSignalizedJunctionLeftTurn_Town07_Route344_Weather6    0 windows (+3 cached)    0.09 s  [490/1000]
2026-09-28 21:50:10,583 INFO NonSignalizedJunctionLeftTurn_Town12_Route1350_Weather0   0 windows (+4 cached)    0.07 s  [491/1000]
2026-09-28 21:50:10,607 INFO NonSignalizedJunctionLeftTurn_Town12_Route1351_Weather1   0 windows (+4 cached)    0.08 s  [492/1000]
2026-09-28 21:50:10,626 INFO NonSignalizedJunctionLeftTurn_Town05_Route240_Weather26   0 windows (+9 cached)    0.21 s  [493/1000]
2026-09-28 21:50:10,633 INFO NonSignalizedJunctionLeftTurn_Town07_Route369_Weather18   0 windows (+7 cached)    0.15 s  [494/1000]
2026-09-28 21:50:10,643 INFO NonSignalizedJunctionLeftTurn_Town04_Route183_Weather1    0 windows (+27 cached)    0.31 s  [495/1000]
2026-09-28 21:50:10,646 INFO NonSignalizedJunctionLeftTurn_Town12_Route1352_Weather2   0 windows (+4 cached)    0.10 s  [496/1000]
2026-09-28 21:50:10,689 INFO NonSignalizedJunctionLeftTurn_Town12_Route1355_Weather6   0 windows (+4 cached)    0.08 s  [497/1000]
2026-09-28 21:50:10,700 INFO NonSignalizedJunctionLeftTurn_Town12_Route1356_Weather7   0 windows (+4 cached)    0.07 s  [498/1000]
2026-09-28 21:50:10,711 INFO NonSignalizedJunctionLeftTurn_Town12_Route1359_Weather12   0 windows (+3 cached)    0.06 s  [499/1000]
2026-09-28 21:50:10,717 INFO NonSignalizedJunctionLeftTurn_Town12_Route1357_Weather10   0 windows (+4 cached)    0.09 s  [500/1000]
2026-09-28 21:50:10,719 INFO NonSignalizedJunctionLeftTurn_Town05_Route239_Weather26   0 windows (+20 cached)    0.30 s  [501/1000]
2026-09-28 21:50:10,727 INFO NonSignalizedJunctionLeftTurn_Town12_Route1358_Weather11   0 windows (+4 cached)    0.09 s  [502/1000]
2026-09-28 21:50:10,762 INFO NonSignalizedJunctionLeftTurn_Town12_Route1363_Weather8   0 windows (+4 cached)    0.05 s  [503/1000]
2026-09-28 21:50:10,764 INFO NonSignalizedJunctionLeftTurn_Town12_Route1361_Weather14   0 windows (+3 cached)    0.07 s  [504/1000]
2026-09-28 21:50:10,782 INFO NonSignalizedJunctionLeftTurn_Town12_Route812_Weather12   0 windows (+4 cached)    0.06 s  [505/1000]
2026-09-28 21:50:10,790 INFO NonSignalizedJunctionLeftTurn_Town12_Route810_Weather10   0 windows (+4 cached)    0.07 s  [506/1000]
2026-09-28 21:50:10,808 INFO NonSignalizedJunctionLeftTurn_Town12_Route813_Weather26   0 windows (+4 cached)    0.08 s  [507/1000]
2026-09-28 21:50:10,817 INFO NonSignalizedJunctionLeftTurn_Town12_Route1362_Weather15   0 windows (+6 cached)    0.12 s  [508/1000]
2026-09-28 21:50:10,818 INFO NonSignalizedJunctionLeftTurn_Town12_Route966_Weather3    0 windows (+3 cached)    0.05 s  [509/1000]
2026-09-28 21:50:10,818 INFO NonSignalizedJunctionLeftTurn_Town12_Route930_Weather20   0 windows (+3 cached)    0.06 s  [510/1000]
2026-09-28 21:50:10,843 INFO NonSignalizedJunctionLeftTurn_Town12_Route1353_Weather3   0 windows (+19 cached)    0.26 s  [511/1000]
2026-09-28 21:50:10,857 INFO NonSignalizedJunctionLeftTurn_Town13_Route592_Weather26   0 windows (+4 cached)    0.08 s  [512/1000]
2026-09-28 21:50:10,884 INFO NonSignalizedJunctionLeftTurn_Town13_Route594_Weather26   0 windows (+3 cached)    0.08 s  [513/1000]
2026-09-28 21:50:10,896 INFO NonSignalizedJunctionRightTurn_Town04_Route184_Weather2   0 windows (+4 cached)    0.08 s  [514/1000]
2026-09-28 21:50:10,903 INFO NonSignalizedJunctionLeftTurn_Town13_Route593_Weather26   0 windows (+6 cached)    0.11 s  [515/1000]
2026-09-28 21:50:10,913 INFO NonSignalizedJunctionLeftTurn_Town04_Route181_Weather15   0 windows (+48 cached)    0.59 s  [516/1000]
2026-09-28 21:50:10,931 INFO NonSignalizedJunctionRightTurn_Town03_Route126_Weather18   0 windows (+5 cached)    0.11 s  [517/1000]
2026-09-28 21:50:10,933 INFO NonSignalizedJunctionRightTurn_Town04_Route185_Weather9   0 windows (+8 cached)    0.11 s  [518/1000]
2026-09-28 21:50:10,947 INFO NonSignalizedJunctionRightTurn_Town07_Route345_Weather14   0 windows (+4 cached)    0.10 s  [519/1000]
2026-09-28 21:50:10,949 INFO NonSignalizedJunctionRightTurn_Town12_Route1024_Weather10   0 windows (+3 cached)    0.06 s  [520/1000]
2026-09-28 21:50:10,971 INFO NonSignalizedJunctionRightTurn_Town12_Route815_Weather9   0 windows (+3 cached)    0.08 s  [521/1000]
2026-09-28 21:50:10,983 INFO NonSignalizedJunctionRightTurn_Town12_Route817_Weather11   0 windows (+4 cached)    0.07 s  [522/1000]
2026-09-28 21:50:10,987 INFO NonSignalizedJunctionRightTurn_Town12_Route931_Weather21   0 windows (+3 cached)    0.06 s  [523/1000]
2026-09-28 21:50:10,991 INFO NonSignalizedJunctionRightTurn_Town07_Route346_Weather15   0 windows (+6 cached)    0.13 s  [524/1000]
2026-09-28 21:50:11,004 INFO NonSignalizedJunctionRightTurn_Town12_Route816_Weather15   0 windows (+6 cached)    0.10 s  [525/1000]
2026-09-28 21:50:11,012 INFO NonSignalizedJunctionRightTurn_Town12_Route967_Weather25   0 windows (+4 cached)    0.08 s  [526/1000]
2026-09-28 21:50:11,015 INFO NonSignalizedJunctionRightTurn_Town13_Route598_Weather0   0 windows (+2 cached)    0.04 s  [527/1000]
2026-09-28 21:50:11,022 INFO NonSignalizedJunctionRightTurn_Town13_Route596_Weather23   0 windows (+3 cached)    0.07 s  [528/1000]
2026-09-28 21:50:11,041 INFO NonSignalizedJunctionRightTurn_Town13_Route595_Weather11   0 windows (+4 cached)    0.09 s  [529/1000]
2026-09-28 21:50:11,051 INFO OppositeVehicleRunningRedLight_Town03_Route119_Weather12   0 windows (+3 cached)    0.07 s  [530/1000]
2026-09-28 21:50:11,071 INFO OppositeVehicleRunningRedLight_Town03_Route120_Weather8   0 windows (+3 cached)    0.08 s  [531/1000]
2026-09-28 21:50:11,084 INFO OppositeVehicleRunningRedLight_Town03_Route152_Weather22   0 windows (+5 cached)    0.08 s  [532/1000]
2026-09-28 21:50:11,091 INFO OppositeVehicleRunningRedLight_Town04_Route178_Weather22   0 windows (+6 cached)    0.08 s  [533/1000]
2026-09-28 21:50:11,096 INFO OppositeVehicleRunningRedLight_Town04_Route179_Weather14   0 windows (+4 cached)    0.08 s  [534/1000]
2026-09-28 21:50:11,106 INFO OppositeVehicleRunningRedLight_Town04_Route180_Weather23   0 windows (+4 cached)    0.08 s  [535/1000]
2026-09-28 21:50:11,140 INFO OppositeVehicleRunningRedLight_Town12_Route807_Weather1   0 windows (+3 cached)    0.05 s  [536/1000]
2026-09-28 21:50:11,158 INFO OppositeVehicleRunningRedLight_Town12_Route809_Weather3   0 windows (+4 cached)    0.06 s  [537/1000]
2026-09-28 21:50:11,160 INFO OppositeVehicleRunningRedLight_Town03_Route121_Weather13   0 windows (+12 cached)    0.17 s  [538/1000]
2026-09-28 21:50:11,162 INFO OppositeVehicleRunningRedLight_Town05_Route236_Weather10   0 windows (+4 cached)    0.11 s  [539/1000]
2026-09-28 21:50:11,167 INFO OppositeVehicleRunningRedLight_Town07_Route368_Weather3   0 windows (+3 cached)    0.08 s  [540/1000]
2026-09-28 21:50:11,181 INFO OppositeVehicleRunningRedLight_Town05_Route268_Weather8   0 windows (+5 cached)    0.11 s  [541/1000]
2026-09-28 21:50:11,194 INFO OppositeVehicleRunningRedLight_Town12_Route929_Weather19   0 windows (+4 cached)    0.09 s  [542/1000]
2026-09-28 21:50:11,205 INFO OppositeVehicleRunningRedLight_Town12_Route990_Weather2   0 windows (+4 cached)    0.06 s  [543/1000]
2026-09-28 21:50:11,218 INFO OppositeVehicleRunningRedLight_Town13_Route587_Weather15   0 windows (+3 cached)    0.06 s  [544/1000]
2026-09-28 21:50:11,218 INFO OppositeVehicleRunningRedLight_Town12_Route991_Weather3   0 windows (+4 cached)    0.06 s  [545/1000]
2026-09-28 21:50:11,238 INFO OppositeVehicleRunningRedLight_Town13_Route588_Weather8   0 windows (+4 cached)    0.08 s  [546/1000]
2026-09-28 21:50:11,239 INFO OppositeVehicleRunningRedLight_Town13_Route590_Weather18   0 windows (+3 cached)    0.07 s  [547/1000]
2026-09-28 21:50:11,256 INFO OppositeVehicleRunningRedLight_Town05_Route235_Weather1   0 windows (+14 cached)    0.22 s  [548/1000]
2026-09-28 21:50:11,273 INFO OppositeVehicleRunningRedLight_Town15_Route475_Weather7   0 windows (+4 cached)    0.08 s  [549/1000]
2026-09-28 21:50:11,277 INFO OppositeVehicleTakingPriority_Town03_Route128_Weather23   0 windows (+5 cached)    0.07 s  [550/1000]
2026-09-28 21:50:11,281 INFO OppositeVehicleRunningRedLight_Town15_Route440_Weather23   0 windows (+4 cached)    0.10 s  [551/1000]
2026-09-28 21:50:11,322 INFO OppositeVehicleTakingPriority_Town04_Route214_Weather6    0 windows (+3 cached)    0.07 s  [552/1000]
2026-09-28 21:50:11,327 INFO OppositeVehicleTakingPriority_Town04_Route189_Weather7    0 windows (+5 cached)    0.09 s  [553/1000]
2026-09-28 21:50:11,347 INFO OppositeVehicleTakingPriority_Town03_Route155_Weather25   0 windows (+7 cached)    0.13 s  [554/1000]
2026-09-28 21:50:11,379 INFO OppositeVehicleTakingPriority_Town05_Route242_Weather15   0 windows (+5 cached)    0.10 s  [555/1000]
2026-09-28 21:50:11,395 INFO OppositeVehicleTakingPriority_Town05_Route243_Weather9    0 windows (+5 cached)    0.11 s  [556/1000]
2026-09-28 21:50:11,415 INFO OppositeVehicleTakingPriority_Town12_Route1038_Weather23   0 windows (+4 cached)    0.07 s  [557/1000]
2026-09-28 21:50:11,416 INFO OppositeVehicleTakingPriority_Town05_Route241_Weather7    0 windows (+7 cached)    0.14 s  [558/1000]
2026-09-28 21:50:11,419 INFO OppositeVehicleTakingPriority_Town12_Route1025_Weather11   0 windows (+3 cached)    0.09 s  [559/1000]
2026-09-28 21:50:11,450 INFO OppositeVehicleTakingPriority_Town05_Route270_Weather6    0 windows (+7 cached)    0.13 s  [560/1000]
2026-09-28 21:50:11,462 INFO OppositeVehicleTakingPriority_Town12_Route818_Weather12   0 windows (+4 cached)    0.08 s  [561/1000]
2026-09-28 21:50:11,480 INFO OppositeVehicleTakingPriority_Town12_Route820_Weather14   0 windows (+4 cached)    0.08 s  [562/1000]
2026-09-28 21:50:11,492 INFO OppositeVehicleTakingPriority_Town12_Route932_Weather22   0 windows (+4 cached)    0.08 s  [563/1000]
2026-09-28 21:50:11,502 INFO OppositeVehicleTakingPriority_Town12_Route968_Weather6    0 windows (+4 cached)    0.09 s  [564/1000]
2026-09-28 21:50:11,505 INFO OppositeVehicleTakingPriority_Town12_Route994_Weather6    0 windows (+4 cached)    0.09 s  [565/1000]
2026-09-28 21:50:11,507 INFO OppositeVehicleTakingPriority_Town04_Route188_Weather6    0 windows (+28 cached)    0.27 s  [566/1000]
2026-09-28 21:50:11,513 INFO OppositeVehicleTakingPriority_Town04_Route187_Weather5    0 windows (+28 cached)    0.29 s  [567/1000]
2026-09-28 21:50:11,541 INFO OppositeVehicleTakingPriority_Town12_Route995_Weather7    0 windows (+4 cached)    0.09 s  [568/1000]
2026-09-28 21:50:11,548 INFO OppositeVehicleTakingPriority_Town13_Route600_Weather2    0 windows (+3 cached)    0.09 s  [569/1000]
2026-09-28 21:50:11,549 INFO OppositeVehicleTakingPriority_Town13_Route601_Weather3    0 windows (+4 cached)    0.07 s  [570/1000]
2026-09-28 21:50:11,570 INFO OppositeVehicleTakingPriority_Town15_Route477_Weather9    0 windows (+6 cached)    0.08 s  [571/1000]
2026-09-28 21:50:11,676 INFO ParkedObstacleTwoWays_Town12_Route1158_Weather14          0 windows (+14 cached)    0.17 s  [572/1000]
2026-09-28 21:50:11,680 INFO ParkedObstacleTwoWays_Town12_Route1163_Weather19          0 windows (+14 cached)    0.17 s  [573/1000]
2026-09-28 21:50:11,691 INFO ParkedObstacleTwoWays_Town12_Route1159_Weather23          0 windows (+14 cached)    0.19 s  [574/1000]
2026-09-28 21:50:11,696 INFO ParkedObstacleTwoWays_Town12_Route1164_Weather20          0 windows (+14 cached)    0.16 s  [575/1000]
2026-09-28 21:50:11,700 INFO ParkedObstacleTwoWays_Town12_Route1165_Weather21          0 windows (+13 cached)    0.15 s  [576/1000]
2026-09-28 21:50:11,704 INFO ParkedObstacleTwoWays_Town12_Route1166_Weather22          0 windows (+14 cached)    0.15 s  [577/1000]
2026-09-28 21:50:11,706 INFO ParkedObstacleTwoWays_Town12_Route1161_Weather9           0 windows (+14 cached)    0.20 s  [578/1000]
2026-09-28 21:50:11,769 INFO ParkedObstacleTwoWays_Town12_Route1167_Weather23          0 windows (+16 cached)    0.20 s  [579/1000]
2026-09-28 21:50:11,802 INFO ParkedObstacleTwoWays_Town12_Route1169_Weather25          0 windows (+10 cached)    0.12 s  [580/1000]
2026-09-28 21:50:11,833 INFO ParkedObstacleTwoWays_Town12_Route1168_Weather23          0 windows (+13 cached)    0.16 s  [581/1000]
2026-09-28 21:50:11,837 INFO ParkedObstacleTwoWays_Town12_Route1173_Weather3           0 windows (+14 cached)    0.14 s  [582/1000]
2026-09-28 21:50:11,859 INFO ParkedObstacleTwoWays_Town12_Route1174_Weather3           0 windows (+14 cached)    0.15 s  [583/1000]
2026-09-28 21:50:11,879 INFO ParkedObstacleTwoWays_Town12_Route1172_Weather2           0 windows (+14 cached)    0.18 s  [584/1000]
2026-09-28 21:50:11,880 INFO ParkedObstacleTwoWays_Town12_Route1175_Weather5           0 windows (+14 cached)    0.17 s  [585/1000]
2026-09-28 21:50:11,890 INFO ParkedObstacleTwoWays_Town12_Route1171_Weather1           0 windows (+16 cached)    0.20 s  [586/1000]
2026-09-28 21:50:11,958 INFO ParkedObstacleTwoWays_Town12_Route1178_Weather8           0 windows (+15 cached)    0.19 s  [587/1000]
2026-09-28 21:50:11,979 INFO ParkedObstacleTwoWays_Town12_Route1182_Weather12          0 windows (+14 cached)    0.15 s  [588/1000]
2026-09-28 21:50:12,016 INFO ParkedObstacleTwoWays_Town13_Route1335_Weather26          0 windows (+13 cached)    0.14 s  [589/1000]
2026-09-28 21:50:12,043 INFO ParkedObstacleTwoWays_Town12_Route1183_Weather7           0 windows (+21 cached)    0.21 s  [590/1000]
2026-09-28 21:50:12,044 INFO ParkedObstacleTwoWays_Town12_Route1181_Weather11          0 windows (+23 cached)    0.24 s  [591/1000]
2026-09-28 21:50:12,075 INFO ParkedObstacleTwoWays_Town13_Route1334_Weather26          0 windows (+15 cached)    0.20 s  [592/1000]
2026-09-28 21:50:12,081 INFO ParkedObstacle_Town03_Route103_Weather25                  0 windows (+7 cached)    0.12 s  [593/1000]
2026-09-28 21:50:12,086 INFO ParkedObstacle_Town03_Route147_Weather0                   0 windows (+7 cached)    0.11 s  [594/1000]
2026-09-28 21:50:12,123 INFO ParkedObstacle_Town03_Route157_Weather1                   0 windows (+7 cached)    0.11 s  [595/1000]
2026-09-28 21:50:12,126 INFO ParkedObstacleTwoWays_Town13_Route1333_Weather26          0 windows (+14 cached)    0.27 s  [596/1000]
2026-09-28 21:50:12,160 INFO ParkedObstacleTwoWays_Town13_Route1336_Weather26          0 windows (+21 cached)    0.27 s  [597/1000]
2026-09-28 21:50:12,191 INFO ParkedObstacle_Town04_Route162_Weather6                   0 windows (+7 cached)    0.15 s  [598/1000]
2026-09-28 21:50:12,225 INFO ParkedObstacle_Town05_Route273_Weather7                   0 windows (+7 cached)    0.14 s  [599/1000]
2026-09-28 21:50:12,244 INFO ParkedObstacle_Town05_Route262_Weather1                   0 windows (+7 cached)    0.16 s  [600/1000]
2026-09-28 21:50:12,255 INFO ParkedObstacle_Town05_Route221_Weather13                  0 windows (+8 cached)    0.18 s  [601/1000]
2026-09-28 21:50:12,257 INFO ParkedObstacle_Town06_Route282_Weather22                  0 windows (+7 cached)    0.13 s  [602/1000]
2026-09-28 21:50:12,276 INFO ParkedObstacle_Town06_Route328_Weather8                   0 windows (+6 cached)    0.09 s  [603/1000]
2026-09-28 21:50:12,302 INFO ParkedObstacle_Town10HD_Route371_Weather7                 0 windows (+5 cached)    0.08 s  [604/1000]
2026-09-28 21:50:12,315 INFO ParkedObstacle_Town06_Route281_Weather21                  0 windows (+9 cached)    0.19 s  [605/1000]
2026-09-28 21:50:12,326 INFO ParkedObstacle_Town06_Route309_Weather23                  0 windows (+7 cached)    0.17 s  [606/1000]
2026-09-28 21:50:12,352 INFO ParkedObstacle_Town11_Route395_Weather5                   0 windows (+7 cached)    0.10 s  [607/1000]
2026-09-28 21:50:12,355 INFO ParkedObstacle_Town10HD_Route372_Weather8                 0 windows (+5 cached)    0.11 s  [608/1000]
2026-09-28 21:50:12,381 INFO ParkedObstacle_Town12_Route770_Weather8                   0 windows (+9 cached)    0.12 s  [609/1000]
2026-09-28 21:50:12,388 INFO ParkedObstacle_Town05_Route220_Weather12                  0 windows (+21 cached)    0.34 s  [610/1000]
2026-09-28 21:50:12,397 INFO ParkedObstacle_Town12_Route771_Weather9                   0 windows (+8 cached)    0.12 s  [611/1000]
2026-09-28 21:50:12,426 INFO ParkedObstacle_Town12_Route772_Weather11                  0 windows (+7 cached)    0.12 s  [612/1000]
2026-09-28 21:50:12,453 INFO ParkedObstacle_Town12_Route773_Weather19                  0 windows (+8 cached)    0.14 s  [613/1000]
2026-09-28 21:50:12,470 INFO ParkedObstacle_Town12_Route959_Weather23                  0 windows (+8 cached)    0.12 s  [614/1000]
2026-09-28 21:50:12,503 INFO ParkedObstacle_Town12_Route958_Weather22                  0 windows (+13 cached)    0.18 s  [615/1000]
2026-09-28 21:50:12,513 INFO ParkedObstacle_Town13_Route556_Weather10                  0 windows (+7 cached)    0.12 s  [616/1000]
2026-09-28 21:50:12,514 INFO ParkedObstacle_Town13_Route554_Weather12                  0 windows (+8 cached)    0.13 s  [617/1000]
2026-09-28 21:50:12,519 INFO ParkedObstacle_Town15_Route415_Weather25                  0 windows (+7 cached)    0.09 s  [618/1000]
2026-09-28 21:50:12,565 INFO ParkedObstacle_Town15_Route417_Weather1                   0 windows (+7 cached)    0.11 s  [619/1000]
2026-09-28 21:50:12,575 INFO ParkedObstacle_Town15_Route418_Weather2                   0 windows (+7 cached)    0.11 s  [620/1000]
2026-09-28 21:50:12,605 INFO ParkedObstacle_Town13_Route553_Weather11                  0 windows (+21 cached)    0.25 s  [621/1000]
2026-09-28 21:50:12,630 INFO ParkingCrossingPedestrian_Town12_Route759_Weather5        0 windows (+7 cached)    0.12 s  [622/1000]
2026-09-28 21:50:12,639 INFO ParkingCrossingPedestrian_Town12_Route761_Weather7        0 windows (+7 cached)    0.12 s  [623/1000]
2026-09-28 21:50:12,649 INFO ParkingCrossingPedestrian_Town12_Route760_Weather6        0 windows (+6 cached)    0.13 s  [624/1000]
2026-09-28 21:50:12,680 INFO ParkingCrossingPedestrian_Town12_Route896_Weather12       0 windows (+7 cached)    0.11 s  [625/1000]
2026-09-28 21:50:12,698 INFO ParkingCrossingPedestrian_Town12_Route898_Weather14       0 windows (+7 cached)    0.09 s  [626/1000]
2026-09-28 21:50:12,702 INFO ParkedObstacle_Town13_Route555_Weather9                   0 windows (+30 cached)    0.31 s  [627/1000]
2026-09-28 21:50:12,736 INFO ParkingCrossingPedestrian_Town12_Route899_Weather15       0 windows (+8 cached)    0.11 s  [628/1000]
2026-09-28 21:50:12,741 INFO ParkingCrossingPedestrian_Town12_Route952_Weather8        0 windows (+7 cached)    0.10 s  [629/1000]
2026-09-28 21:50:12,751 INFO ParkingCrossingPedestrian_Town12_Route953_Weather9        0 windows (+7 cached)    0.10 s  [630/1000]
2026-09-28 21:50:12,759 INFO ParkingCrossingPedestrian_Town12_Route758_Weather3        0 windows (+21 cached)    0.26 s  [631/1000]
2026-09-28 21:50:12,786 INFO ParkingCrossingPedestrian_Town13_Route545_Weather25       0 windows (+7 cached)    0.11 s  [632/1000]
2026-09-28 21:50:12,843 INFO ParkingCrossingPedestrian_Town13_Route728_Weather0        0 windows (+7 cached)    0.10 s  [633/1000]
2026-09-28 21:50:12,844 INFO ParkingCrossingPedestrian_Town13_Route668_Weather18       0 windows (+11 cached)    0.15 s  [634/1000]
2026-09-28 21:50:12,848 INFO ParkingCrossingPedestrian_Town13_Route727_Weather25       0 windows (+8 cached)    0.11 s  [635/1000]
2026-09-28 21:50:12,874 INFO ParkingCrossingPedestrian_Town15_Route403_Weather13       0 windows (+8 cached)    0.12 s  [636/1000]
2026-09-28 21:50:12,878 INFO ParkingCrossingPedestrian_Town15_Route405_Weather15       0 windows (+7 cached)    0.12 s  [637/1000]
2026-09-28 21:50:12,959 INFO ParkingCrossingPedestrian_Town15_Route462_Weather20       0 windows (+12 cached)    0.17 s  [638/1000]
2026-09-28 21:50:12,963 INFO ParkingCutIn_Town12_Route1300_Weather13                   0 windows (+7 cached)    0.11 s  [639/1000]
2026-09-28 21:50:12,976 INFO ParkingCrossingPedestrian_Town15_Route514_Weather0        0 windows (+8 cached)    0.13 s  [640/1000]
2026-09-28 21:50:12,992 INFO ParkingCrossingPedestrian_Town12_Route897_Weather13       0 windows (+29 cached)    0.42 s  [641/1000]
2026-09-28 21:50:13,008 INFO ParkingCrossingPedestrian_Town13_Route669_Weather19       0 windows (+21 cached)    0.31 s  [642/1000]
2026-09-28 21:50:13,030 INFO ParkingCutIn_Town12_Route1301_Weather14                   0 windows (+8 cached)    0.16 s  [643/1000]
2026-09-28 21:50:13,039 INFO ParkingCutIn_Town12_Route1302_Weather15                   0 windows (+8 cached)    0.16 s  [644/1000]
2026-09-28 21:50:13,049 INFO ParkingCutIn_Town12_Route1304_Weather9                    0 windows (+7 cached)    0.09 s  [645/1000]
2026-09-28 21:50:13,050 INFO ParkingCutIn_Town12_Route1303_Weather8                    0 windows (+7 cached)    0.09 s  [646/1000]
2026-09-28 21:50:13,097 INFO ParkingCutIn_Town12_Route1310_Weather0                    0 windows (+7 cached)    0.12 s  [647/1000]
2026-09-28 21:50:13,111 INFO ParkingCutIn_Town12_Route1314_Weather5                    0 windows (+7 cached)    0.07 s  [648/1000]
2026-09-28 21:50:13,126 INFO ParkingCutIn_Town12_Route1312_Weather2                    0 windows (+8 cached)    0.12 s  [649/1000]
2026-09-28 21:50:13,130 INFO ParkingCutIn_Town12_Route1313_Weather3                    0 windows (+7 cached)    0.10 s  [650/1000]
2026-09-28 21:50:13,139 INFO ParkingCutIn_Town12_Route1315_Weather6                    0 windows (+8 cached)    0.09 s  [651/1000]
2026-09-28 21:50:13,142 INFO ParkingCutIn_Town12_Route762_Weather8                     0 windows (+7 cached)    0.09 s  [652/1000]
2026-09-28 21:50:13,159 INFO ParkingCutIn_Town12_Route1311_Weather1                    0 windows (+8 cached)    0.17 s  [653/1000]
2026-09-28 21:50:13,186 INFO ParkingCutIn_Town12_Route764_Weather10                    0 windows (+8 cached)    0.08 s  [654/1000]
2026-09-28 21:50:13,212 INFO ParkingCutIn_Town12_Route901_Weather9                     0 windows (+7 cached)    0.07 s  [655/1000]
2026-09-28 21:50:13,231 INFO ParkingCutIn_Town12_Route765_Weather11                    0 windows (+7 cached)    0.10 s  [656/1000]
2026-09-28 21:50:13,244 INFO ParkingCutIn_Town12_Route902_Weather18                    0 windows (+8 cached)    0.10 s  [657/1000]
2026-09-28 21:50:13,287 INFO ParkingCutIn_Town12_Route955_Weather19                    0 windows (+7 cached)    0.08 s  [658/1000]
2026-09-28 21:50:13,316 INFO ParkingCutIn_Town12_Route763_Weather9                     0 windows (+22 cached)    0.22 s  [659/1000]
2026-09-28 21:50:13,320 INFO ParkingCutIn_Town12_Route903_Weather20                    0 windows (+8 cached)    0.16 s  [660/1000]
2026-09-28 21:50:13,360 INFO ParkingCutIn_Town13_Route1343_Weather1                    0 windows (+7 cached)    0.12 s  [661/1000]
2026-09-28 21:50:13,385 INFO ParkingCutIn_Town13_Route1344_Weather2                    0 windows (+7 cached)    0.10 s  [662/1000]
2026-09-28 21:50:13,395 INFO ParkingCutIn_Town12_Route954_Weather18                    0 windows (+22 cached)    0.21 s  [663/1000]
2026-09-28 21:50:13,421 INFO ParkingCutIn_Town13_Route1342_Weather0                    0 windows (+7 cached)    0.19 s  [664/1000]
2026-09-28 21:50:13,421 INFO ParkingCutIn_Town13_Route1345_Weather3                    0 windows (+8 cached)    0.11 s  [665/1000]
2026-09-28 21:50:13,446 INFO ParkingCutIn_Town13_Route1347_Weather6                    0 windows (+7 cached)    0.09 s  [666/1000]
2026-09-28 21:50:13,468 INFO ParkingCutIn_Town13_Route1348_Weather7                    0 windows (+7 cached)    0.08 s  [667/1000]
2026-09-28 21:50:13,470 INFO ParkingCutIn_Town13_Route1349_Weather10                   0 windows (+7 cached)    0.07 s  [668/1000]
2026-09-28 21:50:13,478 INFO ParkingCutIn_Town13_Route1346_Weather5                    0 windows (+14 cached)    0.16 s  [669/1000]
2026-09-28 21:50:13,481 INFO ParkingCutIn_Town12_Route900_Weather19                    0 windows (+22 cached)    0.35 s  [670/1000]
2026-09-28 21:50:13,497 INFO ParkingCrossingPedestrian_Town15_Route513_Weather19       0 windows (+53 cached)    0.65 s  [671/1000]
2026-09-28 21:50:13,503 INFO ParkingCutIn_Town13_Route546_Weather0                     0 windows (+7 cached)    0.08 s  [672/1000]
2026-09-28 21:50:13,511 INFO ParkingCutIn_Town13_Route547_Weather1                     0 windows (+7 cached)    0.09 s  [673/1000]
2026-09-28 21:50:13,562 INFO ParkingCutIn_Town13_Route672_Weather22                    0 windows (+7 cached)    0.08 s  [674/1000]
2026-09-28 21:50:13,564 INFO ParkingCutIn_Town13_Route670_Weather20                    0 windows (+7 cached)    0.09 s  [675/1000]
2026-09-28 21:50:13,571 INFO ParkingCutIn_Town13_Route696_Weather20                    0 windows (+7 cached)    0.07 s  [676/1000]
2026-09-28 21:50:13,584 INFO ParkingCutIn_Town13_Route729_Weather1                     0 windows (+7 cached)    0.08 s  [677/1000]
2026-09-28 21:50:13,617 INFO ParkingExit_Town12_Route1305_Weather18                    0 windows (+7 cached)    0.11 s  [678/1000]
2026-09-28 21:50:13,644 INFO ParkingExit_Town12_Route1307_Weather20                    0 windows (+7 cached)    0.08 s  [679/1000]
2026-09-28 21:50:13,668 INFO ParkingCutIn_Town13_Route548_Weather2                     0 windows (+12 cached)    0.22 s  [680/1000]
2026-09-28 21:50:13,672 INFO ParkingExit_Town12_Route1309_Weather22                    0 windows (+7 cached)    0.10 s  [681/1000]
2026-09-28 21:50:13,673 INFO ParkingExit_Town12_Route1316_Weather0                     0 windows (+7 cached)    0.09 s  [682/1000]
2026-09-28 21:50:13,685 INFO ParkingCutIn_Town13_Route671_Weather21                    0 windows (+14 cached)    0.21 s  [683/1000]
2026-09-28 21:50:13,711 INFO ParkingExit_Town12_Route1318_Weather2                     0 windows (+7 cached)    0.09 s  [684/1000]
2026-09-28 21:50:13,756 INFO ParkingExit_Town12_Route1322_Weather7                     0 windows (+7 cached)    0.08 s  [685/1000]
2026-09-28 21:50:13,761 INFO ParkingExit_Town12_Route1320_Weather5                     0 windows (+7 cached)    0.09 s  [686/1000]
2026-09-28 21:50:13,766 INFO ParkingExit_Town12_Route1321_Weather6                     0 windows (+7 cached)    0.09 s  [687/1000]
2026-09-28 21:50:13,775 INFO ParkingExit_Town12_Route786_Weather6                      0 windows (+7 cached)    0.09 s  [688/1000]
2026-09-28 21:50:13,805 INFO ParkingExit_Town12_Route1308_Weather21                    0 windows (+22 cached)    0.24 s  [689/1000]
2026-09-28 21:50:13,812 INFO ParkingExit_Town12_Route787_Weather7                      0 windows (+7 cached)    0.10 s  [690/1000]
2026-09-28 21:50:13,833 INFO ParkingCutIn_Town13_Route549_Weather3                     0 windows (+20 cached)    0.36 s  [691/1000]
2026-09-28 21:50:13,843 INFO ParkingExit_Town12_Route789_Weather9                      0 windows (+7 cached)    0.08 s  [692/1000]
2026-09-28 21:50:13,850 INFO ParkingExit_Town12_Route920_Weather10                     0 windows (+7 cached)    0.08 s  [693/1000]
2026-09-28 21:50:13,862 INFO ParkingExit_Town12_Route922_Weather12                     0 windows (+7 cached)    0.09 s  [694/1000]
2026-09-28 21:50:13,863 INFO ParkingExit_Town12_Route1319_Weather3                     0 windows (+22 cached)    0.22 s  [695/1000]
2026-09-28 21:50:13,891 INFO ParkingExit_Town12_Route923_Weather13                     0 windows (+7 cached)    0.09 s  [696/1000]
2026-09-28 21:50:13,906 INFO ParkingExit_Town13_Route567_Weather21                     0 windows (+8 cached)    0.09 s  [697/1000]
2026-09-28 21:50:13,922 INFO ParkingExit_Town13_Route568_Weather22                     0 windows (+7 cached)    0.09 s  [698/1000]
2026-09-28 21:50:13,938 INFO ParkingExit_Town13_Route676_Weather0                      0 windows (+7 cached)    0.08 s  [699/1000]
2026-09-28 21:50:13,946 INFO ParkingExit_Town13_Route569_Weather23                     0 windows (+7 cached)    0.10 s  [700/1000]
2026-09-28 21:50:13,962 INFO ParkingExit_Town13_Route570_Weather23                     0 windows (+7 cached)    0.11 s  [701/1000]
2026-09-28 21:50:13,970 INFO ParkingExit_Town13_Route678_Weather2                      0 windows (+7 cached)    0.08 s  [702/1000]
2026-09-28 21:50:13,998 INFO ParkingExit_Town13_Route731_Weather3                      0 windows (+7 cached)    0.08 s  [703/1000]
2026-09-28 21:50:14,007 INFO ParkingExit_Town13_Route697_Weather21                     0 windows (+7 cached)    0.10 s  [704/1000]
2026-09-28 21:50:14,008 INFO ParkingExit_Town12_Route788_Weather8                      0 windows (+22 cached)    0.25 s  [705/1000]
2026-09-28 21:50:14,081 INFO ParkingExit_Town13_Route732_Weather3                      0 windows (+14 cached)    0.14 s  [706/1000]
2026-09-28 21:50:14,094 INFO PedestrianCrossing_Town12_Route1033_Weather20             0 windows (+5 cached)    0.12 s  [707/1000]
2026-09-28 21:50:14,106 INFO PedestrianCrossing_Town12_Route1013_Weather25             0 windows (+7 cached)    0.16 s  [708/1000]
2026-09-28 21:50:14,106 INFO PedestrianCrossing_Town12_Route1014_Weather0              0 windows (+7 cached)    0.14 s  [709/1000]
2026-09-28 21:50:14,133 INFO PedestrianCrossing_Town12_Route1045_Weather5              0 windows (+6 cached)    0.13 s  [710/1000]
2026-09-28 21:50:14,170 INFO ParkingExit_Town13_Route677_Weather1                      0 windows (+29 cached)    0.31 s  [711/1000]
2026-09-28 21:50:14,187 INFO PedestrianCrossing_Town12_Route867_Weather9               0 windows (+2 cached)    0.09 s  [712/1000]
2026-09-28 21:50:14,236 INFO PedestrianCrossing_Town13_Route637_Weather13              0 windows (+5 cached)    0.10 s  [713/1000]
2026-09-28 21:50:14,247 INFO PedestrianCrossing_Town12_Route943_Weather7               0 windows (+6 cached)    0.14 s  [714/1000]
2026-09-28 21:50:14,285 INFO PedestrianCrossing_Town13_Route687_Weather11              0 windows (+3 cached)    0.10 s  [715/1000]
2026-09-28 21:50:14,402 INFO PedestrianCrossing_Town12_Route865_Weather7               0 windows (+22 cached)    0.39 s  [716/1000]
2026-09-28 21:50:14,402 INFO PedestrianCrossing_Town12_Route866_Weather8               0 windows (+21 cached)    0.32 s  [717/1000]
2026-09-28 21:50:14,457 INFO PedestrianCrossing_Town13_Route636_Weather12              0 windows (+23 cached)    0.35 s  [718/1000]
2026-09-28 21:50:14,469 INFO PedestrianCrossing_Town12_Route864_Weather6               0 windows (+29 cached)    0.46 s  [719/1000]
2026-09-28 21:50:14,537 INFO PedestrianCrossing_Town13_Route716_Weather14              0 windows (+22 cached)    0.30 s  [720/1000]
2026-09-28 21:50:14,561 INFO PedestrianCrossing_Town13_Route638_Weather14              0 windows (+22 cached)    0.39 s  [721/1000]
2026-09-28 21:50:14,608 INFO SignalizedJunctionLeftTurnEnterFlow_Town12_Route1019_Weather5   0 windows (+4 cached)    0.07 s  [722/1000]
2026-09-28 21:50:14,620 INFO PedestrianCrossing_Town13_Route736_Weather8               0 windows (+22 cached)    0.33 s  [723/1000]
2026-09-28 21:50:14,630 INFO SignalizedJunctionLeftTurnEnterFlow_Town12_Route1020_Weather6   0 windows (+5 cached)    0.07 s  [724/1000]
2026-09-28 21:50:14,642 INFO PedestrianCrossing_Town15_Route448_Weather6               0 windows (+15 cached)    0.24 s  [725/1000]
2026-09-28 21:50:14,672 INFO SignalizedJunctionLeftTurnEnterFlow_Town12_Route1034_Weather20   0 windows (+4 cached)    0.06 s  [726/1000]
2026-09-28 21:50:14,683 INFO SignalizedJunctionLeftTurnEnterFlow_Town12_Route884_Weather0   0 windows (+4 cached)    0.06 s  [727/1000]
2026-09-28 21:50:14,704 INFO SignalizedJunctionLeftTurnEnterFlow_Town12_Route887_Weather3   0 windows (+4 cached)    0.06 s  [728/1000]
2026-09-28 21:50:14,707 INFO SignalizedJunctionLeftTurnEnterFlow_Town12_Route885_Weather14   0 windows (+4 cached)    0.08 s  [729/1000]
2026-09-28 21:50:14,746 INFO PedestrianCrossing_Town15_Route506_Weather12              0 windows (+16 cached)    0.29 s  [730/1000]
2026-09-28 21:50:14,751 INFO SignalizedJunctionLeftTurnEnterFlow_Town12_Route981_Weather19   0 windows (+4 cached)    0.07 s  [731/1000]
2026-09-28 21:50:14,760 INFO PedestrianCrossing_Town15_Route526_Weather6               0 windows (+15 cached)    0.29 s  [732/1000]
2026-09-28 21:50:14,776 INFO PedestrianCrossing_Town13_Route747_Weather19              0 windows (+22 cached)    0.37 s  [733/1000]
2026-09-28 21:50:14,778 INFO SignalizedJunctionLeftTurnEnterFlow_Town13_Route1627_Weather3   0 windows (+4 cached)    0.07 s  [734/1000]
2026-09-28 21:50:14,781 INFO SignalizedJunctionLeftTurnEnterFlow_Town12_Route948_Weather9   0 windows (+4 cached)    0.11 s  [735/1000]
2026-09-28 21:50:14,785 INFO SignalizedJunctionLeftTurnEnterFlow_Town13_Route1629_Weather6   0 windows (+4 cached)    0.08 s  [736/1000]
2026-09-28 21:50:14,800 INFO PedestrianCrossing_Town13_Route718_Weather8               0 windows (+22 cached)    0.55 s  [737/1000]
2026-09-28 21:50:14,808 INFO SignalizedJunctionLeftTurnEnterFlow_Town13_Route1631_Weather10   0 windows (+4 cached)    0.06 s  [738/1000]
2026-09-28 21:50:14,817 INFO SignalizedJunctionLeftTurnEnterFlow_Town13_Route1630_Weather7   0 windows (+4 cached)    0.07 s  [739/1000]
2026-09-28 21:50:14,817 INFO SignalizedJunctionLeftTurnEnterFlow_Town13_Route1633_Weather12   0 windows (+4 cached)    0.06 s  [740/1000]
2026-09-28 21:50:14,846 INFO SignalizedJunctionLeftTurnEnterFlow_Town13_Route1636_Weather15   0 windows (+4 cached)    0.07 s  [741/1000]
2026-09-28 21:50:14,856 INFO SignalizedJunctionLeftTurnEnterFlow_Town13_Route658_Weather8   0 windows (+4 cached)    0.07 s  [742/1000]
2026-09-28 21:50:14,866 INFO SignalizedJunctionLeftTurnEnterFlow_Town13_Route659_Weather3   0 windows (+4 cached)    0.08 s  [743/1000]
2026-09-28 21:50:14,873 INFO SignalizedJunctionLeftTurnEnterFlow_Town13_Route692_Weather8   0 windows (+5 cached)    0.07 s  [744/1000]
2026-09-28 21:50:14,882 INFO SignalizedJunctionLeftTurnEnterFlow_Town13_Route720_Weather19   0 windows (+5 cached)    0.07 s  [745/1000]
2026-09-28 21:50:14,894 INFO SignalizedJunctionLeftTurnEnterFlow_Town13_Route657_Weather2   0 windows (+3 cached)    0.12 s  [746/1000]
2026-09-28 21:50:14,903 INFO SignalizedJunctionLeftTurnEnterFlow_Town13_Route719_Weather18   0 windows (+4 cached)    0.09 s  [747/1000]
2026-09-28 21:50:14,927 INFO SignalizedJunctionLeftTurnEnterFlow_Town13_Route737_Weather23   0 windows (+7 cached)    0.08 s  [748/1000]
2026-09-28 21:50:14,944 INFO SignalizedJunctionLeftTurnEnterFlow_Town15_Route498_Weather23   0 windows (+4 cached)    0.09 s  [749/1000]
2026-09-28 21:50:14,953 INFO SignalizedJunctionLeftTurnEnterFlow_Town15_Route529_Weather9   0 windows (+5 cached)    0.08 s  [750/1000]
2026-09-28 21:50:14,954 INFO SignalizedJunctionLeftTurnEnterFlow_Town15_Route531_Weather11   0 windows (+4 cached)    0.07 s  [751/1000]
2026-09-28 21:50:14,964 INFO SignalizedJunctionLeftTurnEnterFlow_Town15_Route511_Weather9   0 windows (+6 cached)    0.10 s  [752/1000]
2026-09-28 21:50:14,971 INFO SignalizedJunctionLeftTurnEnterFlow_Town13_Route721_Weather19   0 windows (+5 cached)    0.15 s  [753/1000]
2026-09-28 21:50:14,980 INFO SignalizedJunctionLeftTurnEnterFlow_Town15_Route536_Weather8   0 windows (+6 cached)    0.09 s  [754/1000]
2026-09-28 21:50:14,991 INFO SignalizedJunctionLeftTurn_Town03_Route113_Weather26      0 windows (+5 cached)    0.09 s  [755/1000]
2026-09-28 21:50:14,995 INFO SignalizedJunctionLeftTurn_Town03_Route114_Weather6       0 windows (+4 cached)    0.07 s  [756/1000]
2026-09-28 21:50:15,032 INFO SignalizedJunctionLeftTurn_Town04_Route172_Weather8       0 windows (+5 cached)    0.08 s  [757/1000]
2026-09-28 21:50:15,032 INFO SignalizedJunctionLeftTurn_Town04_Route174_Weather18      0 windows (+5 cached)    0.07 s  [758/1000]
2026-09-28 21:50:15,057 INFO SignalizedJunctionLeftTurn_Town03_Route150_Weather26      0 windows (+4 cached)    0.11 s  [759/1000]
2026-09-28 21:50:15,072 INFO SignalizedJunctionLeftTurn_Town05_Route233_Weather6       0 windows (+4 cached)    0.09 s  [760/1000]
2026-09-28 21:50:15,083 INFO SignalizedJunctionLeftTurn_Town05_Route234_Weather7       0 windows (+4 cached)    0.09 s  [761/1000]
2026-09-28 21:50:15,090 INFO SignalizedJunctionLeftTurn_Town05_Route267_Weather3       0 windows (+4 cached)    0.09 s  [762/1000]
2026-09-28 21:50:15,100 INFO SignalizedJunctionLeftTurn_Town05_Route232_Weather23      0 windows (+5 cached)    0.13 s  [763/1000]
2026-09-28 21:50:15,130 INFO SignalizedJunctionLeftTurn_Town07_Route334_Weather26      0 windows (+5 cached)    0.10 s  [764/1000]
2026-09-28 21:50:15,148 INFO SignalizedJunctionLeftTurn_Town07_Route366_Weather2       0 windows (+5 cached)    0.09 s  [765/1000]
2026-09-28 21:50:15,150 INFO SignalizedJunctionLeftTurn_Town07_Route336_Weather23      0 windows (+5 cached)    0.12 s  [766/1000]
2026-09-28 21:50:15,155 INFO SignalizedJunctionLeftTurn_Town10HD_Route380_Weather21    0 windows (+5 cached)    0.08 s  [767/1000]
2026-09-28 21:50:15,177 INFO SignalizedJunctionLeftTurn_Town12_Route1470_Weather5      0 windows (+5 cached)    0.09 s  [768/1000]
2026-09-28 21:50:15,189 INFO SignalizedJunctionLeftTurn_Town10HD_Route381_Weather22    0 windows (+6 cached)    0.11 s  [769/1000]
2026-09-28 21:50:15,191 INFO SignalizedJunctionLeftTurn_Town12_Route799_Weather0       0 windows (+6 cached)    0.09 s  [770/1000]
2026-09-28 21:50:15,209 INFO SignalizedJunctionLeftTurn_Town13_Route580_Weather26      0 windows (+3 cached)    0.08 s  [771/1000]
2026-09-28 21:50:15,223 INFO SignalizedJunctionLeftTurn_Town15_Route437_Weather26      0 windows (+4 cached)    0.07 s  [772/1000]
2026-09-28 21:50:15,231 INFO SignalizedJunctionLeftTurn_Town15_Route471_Weather26      0 windows (+4 cached)    0.08 s  [773/1000]
2026-09-28 21:50:15,232 INFO SignalizedJunctionLeftTurn_Town13_Route581_Weather26      0 windows (+4 cached)    0.08 s  [774/1000]
2026-09-28 21:50:15,268 INFO SignalizedJunctionLeftTurn_Town04_Route173_Weather26      0 windows (+27 cached)    0.31 s  [775/1000]
2026-09-28 21:50:15,269 INFO SignalizedJunctionRightTurn_Town03_Route118_Weather14     0 windows (+4 cached)    0.09 s  [776/1000]
2026-09-28 21:50:15,275 INFO SignalizedJunctionRightTurn_Town04_Route176_Weather20     0 windows (+4 cached)    0.08 s  [777/1000]
2026-09-28 21:50:15,303 INFO SignalizedJunctionRightTurn_Town03_Route151_Weather2      0 windows (+7 cached)    0.11 s  [778/1000]
2026-09-28 21:50:15,313 INFO SignalizedJunctionRightTurn_Town04_Route211_Weather3      0 windows (+5 cached)    0.09 s  [779/1000]
2026-09-28 21:50:15,335 INFO SignalizedJunctionRightTurn_Town04_Route177_Weather13     0 windows (+9 cached)    0.13 s  [780/1000]
2026-09-28 21:50:15,335 INFO SignalizedJunctionRightTurn_Town07_Route338_Weather10     0 windows (+4 cached)    0.10 s  [781/1000]
2026-09-28 21:50:15,347 INFO SignalizedJunctionRightTurn_Town07_Route339_Weather1      0 windows (+5 cached)    0.11 s  [782/1000]
2026-09-28 21:50:15,361 INFO SignalizedJunctionRightTurn_Town12_Route805_Weather25     0 windows (+4 cached)    0.09 s  [783/1000]
2026-09-28 21:50:15,362 INFO SignalizedJunctionRightTurn_Town12_Route964_Weather2      0 windows (+3 cached)    0.06 s  [784/1000]
2026-09-28 21:50:15,379 INFO SignalizedJunctionRightTurn_Town12_Route988_Weather0      0 windows (+4 cached)    0.07 s  [785/1000]
2026-09-28 21:50:15,379 INFO SignalizedJunctionRightTurn_Town12_Route804_Weather5      0 windows (+4 cached)    0.11 s  [786/1000]
2026-09-28 21:50:15,389 INFO SignalizedJunctionRightTurn_Town12_Route803_Weather23     0 windows (+5 cached)    0.12 s  [787/1000]
2026-09-28 21:50:15,406 INFO SignalizedJunctionRightTurn_Town13_Route583_Weather11     0 windows (+4 cached)    0.07 s  [788/1000]
2026-09-28 21:50:15,429 INFO SignalizedJunctionRightTurn_Town15_Route438_Weather7      0 windows (+6 cached)    0.09 s  [789/1000]
2026-09-28 21:50:15,482 INFO SignalizedJunctionRightTurn_Town15_Route473_Weather5      0 windows (+8 cached)    0.13 s  [790/1000]
2026-09-28 21:50:15,495 INFO StaticCutIn_Town03_Route109_Weather1                      0 windows (+7 cached)    0.13 s  [791/1000]
2026-09-28 21:50:15,496 INFO StaticCutIn_Town03_Route110_Weather6                      0 windows (+7 cached)    0.13 s  [792/1000]
2026-09-28 21:50:15,511 INFO StaticCutIn_Town03_Route158_Weather2                      0 windows (+7 cached)    0.13 s  [793/1000]
2026-09-28 21:50:15,514 INFO StaticCutIn_Town03_Route149_Weather19                     0 windows (+7 cached)    0.14 s  [794/1000]
2026-09-28 21:50:15,515 INFO StaticCutIn_Town04_Route208_Weather0                      0 windows (+6 cached)    0.11 s  [795/1000]
2026-09-28 21:50:15,562 INFO StaticCutIn_Town04_Route168_Weather12                     0 windows (+7 cached)    0.17 s  [796/1000]
2026-09-28 21:50:15,612 INFO StaticCutIn_Town04_Route216_Weather8                      0 windows (+7 cached)    0.18 s  [797/1000]
2026-09-28 21:50:15,615 INFO StaticCutIn_Town05_Route227_Weather2                      0 windows (+5 cached)    0.12 s  [798/1000]
2026-09-28 21:50:15,628 INFO StaticCutIn_Town05_Route275_Weather15                     0 windows (+6 cached)    0.12 s  [799/1000]
2026-09-28 21:50:15,629 INFO StaticCutIn_Town05_Route226_Weather18                     0 windows (+7 cached)    0.15 s  [800/1000]
2026-09-28 21:50:15,649 INFO StaticCutIn_Town06_Route287_Weather1                      0 windows (+6 cached)    0.14 s  [801/1000]
2026-09-28 21:50:15,667 INFO StaticCutIn_Town05_Route265_Weather5                      0 windows (+9 cached)    0.17 s  [802/1000]
2026-09-28 21:50:15,670 INFO StaticCutIn_Town06_Route288_Weather2                      0 windows (+7 cached)    0.15 s  [803/1000]
2026-09-28 21:50:15,671 INFO StaticCutIn_Town12_Route782_Weather2                      0 windows (+7 cached)    0.11 s  [804/1000]
2026-09-28 21:50:15,713 INFO StaticCutIn_Town12_Route785_Weather5                      0 windows (+7 cached)    0.10 s  [805/1000]
2026-09-28 21:50:15,728 INFO StaticCutIn_Town12_Route783_Weather3                      0 windows (+8 cached)    0.12 s  [806/1000]
2026-09-28 21:50:15,739 INFO StaticCutIn_Town13_Route564_Weather18                     0 windows (+7 cached)    0.11 s  [807/1000]
2026-09-28 21:50:15,751 INFO StaticCutIn_Town13_Route563_Weather9                      0 windows (+7 cached)    0.12 s  [808/1000]
2026-09-28 21:50:15,758 INFO StaticCutIn_Town15_Route427_Weather11                     0 windows (+6 cached)    0.09 s  [809/1000]
2026-09-28 21:50:15,763 INFO StaticCutIn_Town13_Route565_Weather8                      0 windows (+6 cached)    0.11 s  [810/1000]
2026-09-28 21:50:15,769 INFO StaticCutIn_Town15_Route426_Weather10                     0 windows (+6 cached)    0.10 s  [811/1000]
2026-09-28 21:50:15,792 INFO StaticCutIn_Town13_Route566_Weather20                     0 windows (+7 cached)    0.13 s  [812/1000]
2026-09-28 21:50:15,798 INFO TJunction_Town01_Route91_Weather13                        0 windows (+2 cached)    0.05 s  [813/1000]
2026-09-28 21:50:15,807 INFO StaticCutIn_Town15_Route428_Weather12                     0 windows (+7 cached)    0.09 s  [814/1000]
2026-09-28 21:50:15,849 INFO StaticCutIn_Town15_Route429_Weather13                     0 windows (+6 cached)    0.12 s  [815/1000]
2026-09-28 21:50:15,877 INFO TJunction_Town02_Route97_Weather19                        0 windows (+8 cached)    0.12 s  [816/1000]
2026-09-28 21:50:15,975 INFO TJunction_Town05_Route261_Weather1                        0 windows (+13 cached)    0.18 s  [817/1000]
2026-09-28 21:50:16,011 INFO TJunction_Town01_Route90_Weather12                        0 windows (+25 cached)    0.27 s  [818/1000]
2026-09-28 21:50:16,049 INFO TJunction_Town07_Route364_Weather0                        0 windows (+4 cached)    0.07 s  [819/1000]
2026-09-28 21:50:16,105 INFO TJunction_Town07_Route363_Weather25                       0 windows (+14 cached)    0.23 s  [820/1000]
2026-09-28 21:50:16,232 INFO TJunction_Town12_Route1017_Weather3                       0 windows (+17 cached)    0.18 s  [821/1000]
2026-09-28 21:50:16,262 INFO TJunction_Town12_Route1018_Weather3                       0 windows (+13 cached)    0.16 s  [822/1000]
2026-09-28 21:50:16,300 INFO TJunction_Town05_Route260_Weather0                        0 windows (+24 cached)    0.53 s  [823/1000]
2026-09-28 21:50:16,313 INFO TJunction_Town07_Route365_Weather1                        0 windows (+25 cached)    0.30 s  [824/1000]
2026-09-28 21:50:16,331 INFO TJunction_Town05_Route259_Weather0                        0 windows (+25 cached)    0.57 s  [825/1000]
2026-09-28 21:50:16,341 INFO TJunction_Town12_Route1201_Weather5                       0 windows (+12 cached)    0.11 s  [826/1000]
2026-09-28 21:50:16,398 INFO TJunction_Town06_Route306_Weather20                       0 windows (+23 cached)    0.55 s  [827/1000]
2026-09-28 21:50:16,399 INFO TJunction_Town06_Route305_Weather19                       0 windows (+25 cached)    0.59 s  [828/1000]
2026-09-28 21:50:16,408 INFO TJunction_Town12_Route880_Weather22                       0 windows (+14 cached)    0.15 s  [829/1000]
2026-09-28 21:50:16,433 INFO TJunction_Town12_Route881_Weather23                       0 windows (+11 cached)    0.13 s  [830/1000]
2026-09-28 21:50:16,458 INFO TJunction_Town06_Route304_Weather18                       0 windows (+25 cached)    0.66 s  [831/1000]
2026-09-28 21:50:16,502 INFO TJunction_Town12_Route926_Weather8                        0 windows (+14 cached)    0.16 s  [832/1000]
2026-09-28 21:50:16,511 INFO TJunction_Town12_Route883_Weather25                       0 windows (+14 cached)    0.18 s  [833/1000]
2026-09-28 21:50:16,595 INFO TJunction_Town12_Route927_Weather9                        0 windows (+14 cached)    0.20 s  [834/1000]
2026-09-28 21:50:16,606 INFO TJunction_Town12_Route980_Weather18                       0 windows (+14 cached)    0.20 s  [835/1000]
2026-09-28 21:50:16,615 INFO TJunction_Town13_Route655_Weather5                        0 windows (+10 cached)    0.11 s  [836/1000]
2026-09-28 21:50:16,619 INFO TJunction_Town13_Route652_Weather2                        0 windows (+10 cached)    0.19 s  [837/1000]
2026-09-28 21:50:16,645 INFO TJunction_Town13_Route654_Weather3                        0 windows (+15 cached)    0.19 s  [838/1000]
2026-09-28 21:50:16,663 INFO TJunction_Town12_Route882_Weather23                       0 windows (+23 cached)    0.35 s  [839/1000]
2026-09-28 21:50:16,687 INFO TJunction_Town12_Route947_Weather11                       0 windows (+24 cached)    0.29 s  [840/1000]
2026-09-28 21:50:16,735 INFO TJunction_Town15_Route510_Weather8                        0 windows (+7 cached)    0.09 s  [841/1000]
2026-09-28 21:50:16,782 INFO TJunction_Town15_Route457_Weather15                       0 windows (+14 cached)    0.18 s  [842/1000]
2026-09-28 21:50:16,791 INFO TJunction_Town13_Route691_Weather15                       0 windows (+18 cached)    0.28 s  [843/1000]
2026-09-28 21:50:16,807 INFO VanillaNonSignalizedTurnEncounterStopsign_Town03_Route145_Weather15   0 windows (+3 cached)    0.07 s  [844/1000]
2026-09-28 21:50:16,858 INFO VanillaNonSignalizedTurnEncounterStopsign_Town04_Route203_Weather21   0 windows (+3 cached)    0.07 s  [845/1000]
2026-09-28 21:50:16,879 INFO TJunction_Town15_Route496_Weather2                        0 windows (+18 cached)    0.26 s  [846/1000]
2026-09-28 21:50:16,891 INFO VanillaNonSignalizedTurnEncounterStopsign_Town05_Route256_Weather22   0 windows (+3 cached)    0.08 s  [847/1000]
2026-09-28 21:50:16,897 INFO VanillaNonSignalizedTurnEncounterStopsign_Town03_Route144_Weather14   0 windows (+10 cached)    0.21 s  [848/1000]
2026-09-28 21:50:16,907 INFO TJunction_Town15_Route456_Weather14                       0 windows (+19 cached)    0.31 s  [849/1000]
2026-09-28 21:50:16,954 INFO VanillaNonSignalizedTurnEncounterStopsign_Town07_Route361_Weather23   0 windows (+1 cached)    0.06 s  [850/1000]
2026-09-28 21:50:16,954 INFO VanillaNonSignalizedTurnEncounterStopsign_Town03_Route143_Weather13   0 windows (+15 cached)    0.29 s  [851/1000]
2026-09-28 21:50:16,969 INFO VanillaNonSignalizedTurnEncounterStopsign_Town07_Route360_Weather22   0 windows (+2 cached)    0.08 s  [852/1000]
2026-09-28 21:50:16,971 INFO VanillaNonSignalizedTurnEncounterStopsign_Town04_Route202_Weather20   0 windows (+12 cached)    0.19 s  [853/1000]
2026-09-28 21:50:16,978 INFO VanillaNonSignalizedTurnEncounterStopsign_Town05_Route258_Weather25   0 windows (+3 cached)    0.10 s  [854/1000]
2026-09-28 21:50:16,982 INFO VanillaNonSignalizedTurnEncounterStopsign_Town07_Route362_Weather23   0 windows (+2 cached)    0.08 s  [855/1000]
2026-09-28 21:50:16,991 INFO VanillaNonSignalizedTurnEncounterStopsign_Town12_Route1016_Weather2   0 windows (+1 cached)    0.04 s  [856/1000]
2026-09-28 21:50:16,997 INFO VanillaNonSignalizedTurnEncounterStopsign_Town05_Route257_Weather23   0 windows (+6 cached)    0.14 s  [857/1000]
2026-09-28 21:50:17,000 INFO VanillaNonSignalizedTurnEncounterStopsign_Town12_Route1015_Weather1   0 windows (+1 cached)    0.05 s  [858/1000]
2026-09-28 21:50:17,013 INFO VanillaNonSignalizedTurnEncounterStopsign_Town12_Route877_Weather19   0 windows (+2 cached)    0.04 s  [859/1000]
2026-09-28 21:50:17,031 INFO TJunction_Town15_Route495_Weather1                        0 windows (+23 cached)    0.42 s  [860/1000]
2026-09-28 21:50:17,039 INFO VanillaNonSignalizedTurnEncounterStopsign_Town12_Route876_Weather18   0 windows (+3 cached)    0.07 s  [861/1000]
2026-09-28 21:50:17,043 INFO VanillaNonSignalizedTurnEncounterStopsign_Town12_Route979_Weather9   0 windows (+1 cached)    0.05 s  [862/1000]
2026-09-28 21:50:17,043 INFO VanillaNonSignalizedTurnEncounterStopsign_Town12_Route879_Weather21   0 windows (+2 cached)    0.06 s  [863/1000]
2026-09-28 21:50:17,044 INFO VanillaNonSignalizedTurnEncounterStopsign_Town12_Route946_Weather10   0 windows (+2 cached)    0.05 s  [864/1000]
2026-09-28 21:50:17,055 INFO VanillaNonSignalizedTurnEncounterStopsign_Town13_Route648_Weather23   0 windows (+2 cached)    0.05 s  [865/1000]
2026-09-28 21:50:17,056 INFO VanillaNonSignalizedTurnEncounterStopsign_Town13_Route650_Weather0   0 windows (+1 cached)    0.04 s  [866/1000]
2026-09-28 21:50:17,081 INFO VanillaNonSignalizedTurnEncounterStopsign_Town12_Route878_Weather20   0 windows (+3 cached)    0.10 s  [867/1000]
2026-09-28 21:50:17,082 INFO VanillaNonSignalizedTurnEncounterStopsign_Town15_Route454_Weather12   0 windows (+1 cached)    0.04 s  [868/1000]
2026-09-28 21:50:17,088 INFO VanillaNonSignalizedTurnEncounterStopsign_Town15_Route509_Weather15   0 windows (+1 cached)    0.03 s  [869/1000]
2026-09-28 21:50:17,089 INFO VanillaNonSignalizedTurnEncounterStopsign_Town13_Route651_Weather1   0 windows (+2 cached)    0.06 s  [870/1000]
2026-09-28 21:50:17,093 INFO VanillaNonSignalizedTurnEncounterStopsign_Town13_Route690_Weather14   0 windows (+2 cached)    0.05 s  [871/1000]
2026-09-28 21:50:17,097 INFO VanillaNonSignalizedTurnEncounterStopsign_Town15_Route493_Weather25   0 windows (+3 cached)    0.05 s  [872/1000]
2026-09-28 21:50:17,101 INFO VanillaNonSignalizedTurnEncounterStopsign_Town15_Route455_Weather13   0 windows (+3 cached)    0.06 s  [873/1000]
2026-09-28 21:50:17,105 INFO VanillaNonSignalizedTurnEncounterStopsign_Town15_Route494_Weather0   0 windows (+2 cached)    0.05 s  [874/1000]
2026-09-28 21:50:17,143 INFO VanillaNonSignalizedTurnEncounterStopsign_Town15_Route535_Weather15   0 windows (+3 cached)    0.06 s  [875/1000]
2026-09-28 21:50:17,154 INFO VanillaNonSignalizedTurnEncounterStopsign_Town15_Route530_Weather10   0 windows (+3 cached)    0.07 s  [876/1000]
2026-09-28 21:50:17,175 INFO VanillaSignalizedTurnEncounterGreenLight_Town05_Route250_Weather8   0 windows (+3 cached)    0.07 s  [877/1000]
2026-09-28 21:50:17,176 INFO VanillaSignalizedTurnEncounterGreenLight_Town04_Route196_Weather14   0 windows (+5 cached)    0.08 s  [878/1000]
2026-09-28 21:50:17,190 INFO VanillaSignalizedTurnEncounterGreenLight_Town04_Route198_Weather8   0 windows (+5 cached)    0.09 s  [879/1000]
2026-09-28 21:50:17,224 INFO VanillaSignalizedTurnEncounterGreenLight_Town05_Route251_Weather9   0 windows (+2 cached)    0.08 s  [880/1000]
2026-09-28 21:50:17,225 INFO VanillaSignalizedTurnEncounterGreenLight_Town05_Route252_Weather21   0 windows (+3 cached)    0.07 s  [881/1000]
2026-09-28 21:50:17,261 INFO VanillaSignalizedTurnEncounterGreenLight_Town07_Route356_Weather18   0 windows (+2 cached)    0.07 s  [882/1000]
2026-09-28 21:50:17,323 INFO VanillaSignalizedTurnEncounterGreenLight_Town04_Route197_Weather15   0 windows (+19 cached)    0.23 s  [883/1000]
2026-09-28 21:50:17,349 INFO VanillaSignalizedTurnEncounterGreenLight_Town07_Route355_Weather9   0 windows (+9 cached)    0.17 s  [884/1000]
2026-09-28 21:50:17,368 INFO VanillaSignalizedTurnEncounterGreenLight_Town10HD_Route386_Weather22   0 windows (+9 cached)    0.14 s  [885/1000]
2026-09-28 21:50:17,376 INFO VanillaSignalizedTurnEncounterGreenLight_Town07_Route354_Weather8   0 windows (+10 cached)    0.20 s  [886/1000]
2026-09-28 21:50:17,383 INFO VanillaSignalizedTurnEncounterGreenLight_Town03_Route137_Weather7   0 windows (+15 cached)    0.29 s  [887/1000]
2026-09-28 21:50:17,388 INFO VanillaSignalizedTurnEncounterGreenLight_Town10HD_Route387_Weather23   0 windows (+9 cached)    0.16 s  [888/1000]
2026-09-28 21:50:17,389 INFO VanillaSignalizedTurnEncounterGreenLight_Town03_Route139_Weather9   0 windows (+16 cached)    0.30 s  [889/1000]
2026-09-28 21:50:17,398 INFO VanillaSignalizedTurnEncounterGreenLight_Town12_Route869_Weather11   0 windows (+1 cached)    0.05 s  [890/1000]
2026-09-28 21:50:17,430 INFO VanillaSignalizedTurnEncounterGreenLight_Town10HD_Route392_Weather2   0 windows (+9 cached)    0.17 s  [891/1000]
2026-09-28 21:50:17,433 INFO VanillaSignalizedTurnEncounterGreenLight_Town13_Route642_Weather18   0 windows (+1 cached)    0.03 s  [892/1000]
2026-09-28 21:50:17,598 INFO VanillaSignalizedTurnEncounterGreenLight_Town12_Route870_Weather12   0 windows (+15 cached)    0.23 s  [893/1000]
2026-09-28 21:50:17,615 INFO VanillaSignalizedTurnEncounterGreenLight_Town13_Route643_Weather19   0 windows (+9 cached)    0.18 s  [894/1000]
2026-09-28 21:50:17,624 INFO VanillaSignalizedTurnEncounterGreenLight_Town15_Route451_Weather9   0 windows (+9 cached)    0.19 s  [895/1000]
2026-09-28 21:50:17,624 INFO VanillaSignalizedTurnEncounterGreenLight_Town13_Route641_Weather9   0 windows (+15 cached)    0.23 s  [896/1000]
2026-09-28 21:50:17,668 INFO VanillaSignalizedTurnEncounterGreenLight_Town15_Route489_Weather21   0 windows (+2 cached)    0.07 s  [897/1000]
2026-09-28 21:50:17,671 INFO VanillaSignalizedTurnEncounterGreenLight_Town13_Route640_Weather8   0 windows (+16 cached)    0.28 s  [898/1000]
2026-09-28 21:50:17,680 INFO VanillaSignalizedTurnEncounterGreenLight_Town12_Route871_Weather13   0 windows (+23 cached)    0.30 s  [899/1000]
2026-09-28 21:50:17,714 INFO VanillaSignalizedTurnEncounterRedLight_Town03_Route140_Weather10   0 windows (+5 cached)    0.09 s  [900/1000]
2026-09-28 21:50:17,756 INFO VanillaSignalizedTurnEncounterGreenLight_Town12_Route868_Weather10   0 windows (+23 cached)    0.43 s  [901/1000]
2026-09-28 21:50:17,778 INFO VanillaSignalizedTurnEncounterRedLight_Town03_Route141_Weather11   0 windows (+6 cached)    0.11 s  [902/1000]
2026-09-28 21:50:17,787 INFO VanillaSignalizedTurnEncounterRedLight_Town03_Route142_Weather12   0 windows (+7 cached)    0.12 s  [903/1000]
2026-09-28 21:50:17,827 INFO VanillaSignalizedTurnEncounterGreenLight_Town12_Route944_Weather8   0 windows (+22 cached)    0.44 s  [904/1000]
2026-09-28 21:50:17,865 INFO VanillaSignalizedTurnEncounterGreenLight_Town15_Route507_Weather13   0 windows (+11 cached)    0.24 s  [905/1000]
2026-09-28 21:50:17,877 INFO VanillaSignalizedTurnEncounterRedLight_Town04_Route200_Weather18   0 windows (+9 cached)    0.16 s  [906/1000]
2026-09-28 21:50:17,887 INFO VanillaSignalizedTurnEncounterRedLight_Town04_Route199_Weather9   0 windows (+12 cached)    0.21 s  [907/1000]
2026-09-28 21:50:17,898 INFO VanillaSignalizedTurnEncounterRedLight_Town05_Route253_Weather19   0 windows (+7 cached)    0.12 s  [908/1000]
2026-09-28 21:50:17,931 INFO VanillaSignalizedTurnEncounterRedLight_Town04_Route201_Weather19   0 windows (+13 cached)    0.17 s  [909/1000]
2026-09-28 21:50:17,958 INFO VanillaSignalizedTurnEncounterRedLight_Town05_Route255_Weather21   0 windows (+6 cached)    0.13 s  [910/1000]
2026-09-28 21:50:18,024 INFO VanillaSignalizedTurnEncounterRedLight_Town10HD_Route389_Weather25   0 windows (+6 cached)    0.09 s  [911/1000]
2026-09-28 21:50:18,045 INFO VanillaSignalizedTurnEncounterRedLight_Town10HD_Route388_Weather23   0 windows (+11 cached)    0.15 s  [912/1000]
2026-09-28 21:50:18,064 INFO VanillaSignalizedTurnEncounterRedLight_Town07_Route358_Weather20   0 windows (+13 cached)    0.19 s  [913/1000]
2026-09-28 21:50:18,079 INFO VanillaSignalizedTurnEncounterRedLight_Town07_Route359_Weather21   0 windows (+13 cached)    0.19 s  [914/1000]
2026-09-28 21:50:18,098 INFO VanillaSignalizedTurnEncounterRedLight_Town12_Route1054_Weather14   0 windows (+2 cached)    0.07 s  [915/1000]
2026-09-28 21:50:18,098 INFO VanillaSignalizedTurnEncounterRedLight_Town10HD_Route393_Weather3   0 windows (+11 cached)    0.14 s  [916/1000]
2026-09-28 21:50:18,136 INFO VanillaSignalizedTurnEncounterRedLight_Town07_Route357_Weather19   0 windows (+13 cached)    0.27 s  [917/1000]
2026-09-28 21:50:18,160 INFO VanillaSignalizedTurnEncounterGreenLight_Town15_Route490_Weather22   0 windows (+23 cached)    0.55 s  [918/1000]
2026-09-28 21:50:18,229 INFO VanillaSignalizedTurnEncounterRedLight_Town05_Route254_Weather20   0 windows (+26 cached)    0.44 s  [919/1000]
2026-09-28 21:50:18,251 INFO VanillaSignalizedTurnEncounterRedLight_Town13_Route644_Weather20   0 windows (+4 cached)    0.09 s  [920/1000]
2026-09-28 21:50:18,306 INFO VanillaSignalizedTurnEncounterRedLight_Town13_Route646_Weather22   0 windows (+3 cached)    0.05 s  [921/1000]
2026-09-28 21:50:18,346 INFO VanillaSignalizedTurnEncounterRedLight_Town12_Route872_Weather14   0 windows (+18 cached)    0.30 s  [922/1000]
2026-09-28 21:50:18,380 INFO VanillaSignalizedTurnEncounterRedLight_Town12_Route969_Weather7   0 windows (+23 cached)    0.28 s  [923/1000]
2026-09-28 21:50:18,409 INFO VanillaSignalizedTurnEncounterRedLight_Town12_Route945_Weather9   0 windows (+25 cached)    0.31 s  [924/1000]
2026-09-28 21:50:18,442 INFO VanillaSignalizedTurnEncounterRedLight_Town13_Route689_Weather13   0 windows (+4 cached)    0.10 s  [925/1000]
2026-09-28 21:50:18,484 INFO VanillaSignalizedTurnEncounterRedLight_Town12_Route874_Weather8   0 windows (+25 cached)    0.42 s  [926/1000]
2026-09-28 21:50:18,521 INFO VanillaSignalizedTurnEncounterRedLight_Town15_Route452_Weather10   0 windows (+6 cached)    0.14 s  [927/1000]
2026-09-28 21:50:18,558 INFO VanillaSignalizedTurnEncounterRedLight_Town12_Route875_Weather9   0 windows (+25 cached)    0.48 s  [928/1000]
2026-09-28 21:50:18,564 INFO VanillaSignalizedTurnEncounterRedLight_Town13_Route647_Weather23   0 windows (+19 cached)    0.26 s  [929/1000]
2026-09-28 21:50:18,570 INFO VanillaSignalizedTurnEncounterRedLight_Town13_Route603_Weather15   0 windows (+23 cached)    0.43 s  [930/1000]
2026-09-28 21:50:18,610 INFO VanillaSignalizedTurnEncounterRedLight_Town15_Route492_Weather23   0 windows (+7 cached)    0.17 s  [931/1000]
2026-09-28 21:50:18,611 INFO VehicleOpensDoorTwoWays_Town12_Route1196_Weather0         0 windows (+10 cached)    0.13 s  [932/1000]
2026-09-28 21:50:18,615 INFO VanillaSignalizedTurnEncounterRedLight_Town13_Route645_Weather21   0 windows (+25 cached)    0.39 s  [933/1000]
2026-09-28 21:50:18,702 INFO VehicleTurningRoutePedestrian_Town12_Route827_Weather22   0 windows (+5 cached)    0.09 s  [934/1000]
2026-09-28 21:50:18,705 INFO VehicleTurningRoutePedestrian_Town12_Route1027_Weather13   0 windows (+8 cached)    0.14 s  [935/1000]
2026-09-28 21:50:18,709 INFO VehicleOpensDoorTwoWays_Town12_Route1197_Weather1         0 windows (+14 cached)    0.19 s  [936/1000]
2026-09-28 21:50:18,753 INFO VehicleTurningRoutePedestrian_Town12_Route826_Weather20   0 windows (+7 cached)    0.14 s  [937/1000]
2026-09-28 21:50:18,766 INFO VehicleOpensDoorTwoWays_Town12_Route1203_Weather7         0 windows (+18 cached)    0.21 s  [938/1000]
2026-09-28 21:50:18,973 INFO VehicleTurningRoutePedestrian_Town12_Route829_Weather25   0 windows (+22 cached)    0.36 s  [939/1000]
2026-09-28 21:50:18,998 INFO VehicleTurningRoutePedestrian_Town12_Route1040_Weather0   0 windows (+22 cached)    0.42 s  [940/1000]
2026-09-28 21:50:19,266 INFO VehicleTurningRoutePedestrian_Town13_Route610_Weather12   2 windows (+0 cached)    0.50 s  [941/1000]
2026-09-28 21:50:19,803 INFO VehicleTurningRoutePedestrian_Town13_Route607_Weather19   5 windows (+0 cached)    1.09 s  [942/1000]
2026-09-28 21:50:20,006 INFO VehicleTurningRoutePedestrian_Town13_Route703_Weather1    2 windows (+0 cached)    0.74 s  [943/1000]
2026-09-28 21:50:20,323 INFO VehicleTurningRoutePedestrian_Town13_Route680_Weather10   4 windows (+0 cached)    1.35 s  [944/1000]
2026-09-28 21:50:20,325 INFO VehicleTurningRoutePedestrian_Town15_Route1387_Weather1   3 windows (+0 cached)    0.52 s  [945/1000]
2026-09-28 21:50:20,712 INFO VehicleTurningRoutePedestrian_Town15_Route482_Weather20   2 windows (+0 cached)    0.39 s  [946/1000]
2026-09-28 21:50:20,948 INFO VehicleTurningRoutePedestrian_Town15_Route481_Weather19   3 windows (+0 cached)    0.62 s  [947/1000]
2026-09-28 21:50:21,051 INFO VehicleTurningRoutePedestrian_Town13_Route702_Weather14   9 windows (+0 cached)    2.06 s  [948/1000]
2026-09-28 21:50:21,161 INFO VehicleTurningRoutePedestrian_Town15_Route445_Weather11   6 windows (+0 cached)    1.15 s  [949/1000]
2026-09-28 21:50:21,625 INFO VehicleTurningRoutePedestrian_Town15_Route523_Weather2    5 windows (+0 cached)    0.91 s  [950/1000]
2026-09-28 21:50:21,826 INFO VehicleTurningRoutePedestrian_Town12_Route999_Weather11  15 windows (+0 cached)    3.12 s  [951/1000]
2026-09-28 21:50:22,215 INFO VehicleTurningRoute_Town12_Route824_Weather20             6 windows (+0 cached)    1.05 s  [952/1000]
2026-09-28 21:50:22,292 INFO VehicleTurningRoute_Town12_Route933_Weather23             3 windows (+0 cached)    0.47 s  [953/1000]
2026-09-28 21:50:22,297 INFO VehicleTurningRoutePedestrian_Town13_Route609_Weather21  16 windows (+0 cached)    3.54 s  [954/1000]
2026-09-28 21:50:22,364 INFO VehicleTurningRoute_Town12_Route1026_Weather12            9 windows (+0 cached)    1.42 s  [955/1000]
2026-09-28 21:50:22,898 INFO VehicleTurningRoute_Town13_Route679_Weather3              3 windows (+0 cached)    0.53 s  [956/1000]
2026-09-28 21:50:23,125 INFO VanillaSignalizedTurnEncounterRedLight_Town15_Route491_Weather23  26 windows (+0 cached)    4.72 s  [957/1000]
2026-09-28 21:50:23,159 INFO VehicleTurningRoutePedestrian_Town12_Route970_Weather8   23 windows (+0 cached)    4.46 s  [958/1000]
2026-09-28 21:50:23,586 INFO VehicleTurningRoute_Town13_Route698_Weather22             4 windows (+0 cached)    0.69 s  [959/1000]
2026-09-28 21:50:24,076 INFO VehicleTurningRoute_Town13_Route699_Weather23             5 windows (+0 cached)    0.95 s  [960/1000]
2026-09-28 21:50:24,560 INFO VehicleTurningRoute_Town15_Route1367_Weather3             5 windows (+0 cached)    0.97 s  [961/1000]
2026-09-28 21:50:24,817 INFO VehicleTurningRoute_Town13_Route605_Weather9             15 windows (+0 cached)    2.52 s  [962/1000]
2026-09-28 21:50:24,823 INFO VehicleTurningRoute_Town13_Route700_Weather23             8 windows (+0 cached)    1.66 s  [963/1000]
2026-09-28 21:50:24,855 INFO VehicleTurningRoute_Town13_Route606_Weather18            16 windows (+0 cached)    2.56 s  [964/1000]
2026-09-28 21:50:25,038 INFO VehicleTurningRoute_Town12_Route822_Weather18            23 windows (+0 cached)    3.99 s  [965/1000]
2026-09-28 21:50:25,093 INFO VehicleTurningRoute_Town15_Route1368_Weather5             6 windows (+0 cached)    1.02 s  [966/1000]
2026-09-28 21:50:25,096 INFO VehicleTurningRoute_Town15_Route1369_Weather6             3 windows (+0 cached)    0.54 s  [967/1000]
2026-09-28 21:50:25,289 INFO VehicleTurningRoute_Town12_Route825_Weather21            23 windows (+0 cached)    3.66 s  [968/1000]
2026-09-28 21:50:25,358 INFO VehicleTurningRoute_Town15_Route1379_Weather18            1 windows (+0 cached)    0.26 s  [969/1000]
2026-09-28 21:50:25,368 INFO VehicleTurningRoute_Town15_Route1377_Weather8             2 windows (+0 cached)    0.33 s  [970/1000]
2026-09-28 21:50:25,386 INFO VehicleTurningRoute_Town15_Route1378_Weather9             2 windows (+0 cached)    0.29 s  [971/1000]
2026-09-28 21:50:25,504 INFO VehicleTurningRoute_Town15_Route1380_Weather19            1 windows (+0 cached)    0.21 s  [972/1000]
2026-09-28 21:50:25,529 INFO VehicleTurningRoute_Town15_Route1370_Weather7             4 windows (+0 cached)    0.71 s  [973/1000]
2026-09-28 21:50:25,745 INFO VehicleTurningRoute_Town15_Route480_Weather18             2 windows (+0 cached)    0.36 s  [974/1000]
2026-09-28 21:50:25,800 INFO VehicleTurningRoute_Town15_Route1374_Weather13            6 windows (+0 cached)    0.98 s  [975/1000]
2026-09-28 21:50:25,834 INFO VehicleTurningRoute_Town15_Route1376_Weather15            5 windows (+0 cached)    0.98 s  [976/1000]
2026-09-28 21:50:25,919 INFO VehicleTurningRoute_Town12_Route997_Weather9             24 windows (+0 cached)    3.70 s  [977/1000]
2026-09-28 21:50:25,921 INFO VehicleTurningRoute_Town15_Route479_Weather11             3 windows (+0 cached)    0.55 s  [978/1000]
2026-09-28 21:50:26,236 INFO VehicleTurningRoute_Town15_Route504_Weather10             5 windows (+0 cached)    0.73 s  [979/1000]
2026-09-28 21:50:26,334 INFO VehicleTurningRoute_Town15_Route519_Weather25             5 windows (+0 cached)    0.80 s  [980/1000]
2026-09-28 21:50:26,446 INFO YieldToEmergencyVehicle_Town04_Route165_Weather7          4 windows (+0 cached)    0.65 s  [981/1000]
2026-09-28 21:50:26,616 INFO YieldToEmergencyVehicle_Town04_Route207_Weather25         4 windows (+0 cached)    0.70 s  [982/1000]
2026-09-28 21:50:26,627 INFO YieldToEmergencyVehicle_Town03_Route148_Weather18         5 windows (+0 cached)    0.88 s  [983/1000]
2026-09-28 21:50:26,728 INFO VehicleTurningRoute_Town15_Route443_Weather1              8 windows (+0 cached)    1.37 s  [984/1000]
2026-09-28 21:50:27,053 INFO YieldToEmergencyVehicle_Town12_Route778_Weather14         5 windows (+0 cached)    0.82 s  [985/1000]
2026-09-28 21:50:27,487 INFO YieldToEmergencyVehicle_Town12_Route917_Weather7          5 windows (+0 cached)    0.87 s  [986/1000]
2026-09-28 21:50:27,729 INFO YieldToEmergencyVehicle_Town12_Route919_Weather11         6 windows (+0 cached)    1.00 s  [987/1000]
2026-09-28 21:50:27,827 INFO YieldToEmergencyVehicle_Town12_Route781_Weather8          8 windows (+0 cached)    1.38 s  [988/1000]
2026-09-28 21:50:27,879 INFO YieldToEmergencyVehicle_Town04_Route166_Weather10        13 windows (+0 cached)    2.04 s  [989/1000]
2026-09-28 21:50:27,884 INFO YieldToEmergencyVehicle_Town12_Route918_Weather8          6 windows (+0 cached)    1.26 s  [990/1000]
2026-09-28 21:50:27,890 INFO YieldToEmergencyVehicle_Town12_Route779_Weather25         9 windows (+0 cached)    1.56 s  [991/1000]
2026-09-28 21:50:28,039 INFO YieldToEmergencyVehicle_Town13_Route560_Weather14         6 windows (+0 cached)    0.99 s  [992/1000]
2026-09-28 21:50:28,285 INFO YieldToEmergencyVehicle_Town05_Route225_Weather9         14 windows (+0 cached)    2.36 s  [993/1000]
2026-09-28 21:50:28,497 INFO YieldToEmergencyVehicle_Town13_Route562_Weather15         5 windows (+0 cached)    0.77 s  [994/1000]
2026-09-28 21:50:28,504 INFO YieldToEmergencyVehicle_Town15_Route424_Weather8          4 windows (+0 cached)    0.61 s  [995/1000]
2026-09-28 21:50:28,569 INFO YieldToEmergencyVehicle_Town15_Route423_Weather7          4 windows (+0 cached)    0.68 s  [996/1000]
2026-09-28 21:50:28,570 INFO YieldToEmergencyVehicle_Town13_Route561_Weather14         7 windows (+0 cached)    1.08 s  [997/1000]
2026-09-28 21:50:28,663 INFO YieldToEmergencyVehicle_Town15_Route425_Weather9          4 windows (+0 cached)    0.62 s  [998/1000]
2026-09-28 21:50:28,800 INFO YieldToEmergencyVehicle_Town13_Route673_Weather23         7 windows (+0 cached)    0.97 s  [999/1000]
2026-09-28 21:50:28,941 INFO YieldToEmergencyVehicle_Town13_Route675_Weather25         7 windows (+0 cached)    1.06 s  [1000/1000]

built 441 windows on 999 clips (1 failed) in 28.5 s wall with 8 workers; per-clip build time mean 0.21 s (2.1 windows/s per worker)

== Bench2Drive cache /bulk/users/vla/alpamayo2edge/b2d_cache: 8903 windows, braking-window fraction 0.723 (any flagged future frame; mean flagged-frame fraction 0.435), route hint (command) == kinematic hint on 85.4%; action-space floor at 6.4 s p50 0.03 m / p90 0.56 m
   route commands: {'LANEFOLLOW': 6506, 'RIGHT': 476, 'LEFT': 990, 'STRAIGHT': 710, 'CHANGELANELEFT': 106, 'CHANGELANERIGHT': 115}

   scenario                                windows  braking   frames  floor50  floor90
   Accident                                    236    1.000    0.841     0.16     1.65
   AccidentTwoWays                             547    0.976    0.870     0.02     0.56
   BlockedIntersection                         323    0.520    0.285     0.03     0.46
   ConstructionObstacle                        179    1.000    0.724     0.23     1.55
   ConstructionObstacleTwoWays                 373    0.434    0.095     0.02     0.77
   ControlLoss                                 137    0.796    0.242     0.12     0.45
   CrossingBicycleFlow                         458    0.203    0.052     0.01     0.58
   DynamicObjectCrossing                       184    0.918    0.510     0.02     0.10
   EnterActorFlow                              196    0.204    0.065     0.01     0.12
   HardBreakRoute                              446    0.971    0.809     0.01     0.18
   HazardAtSideLane                            340    1.000    0.793     0.12     1.54
   HazardAtSideLaneTwoWays                     233    1.000    0.462     0.04     0.35
   HighwayCutIn                                 94    1.000    0.935     0.03     0.11
   HighwayExit                                 128    0.812    0.401     0.10     0.27
   InterurbanActorFlow                          53    0.717    0.171     0.16     0.38
   InterurbanAdvancedActorFlow                  56    0.875    0.276     0.29     0.76
   InvadingTurn                                 74    0.919    0.280     0.05     0.36
   LaneChange                                   78    1.000    0.750     0.09     0.35
   MergerIntoSlowTraffic                        33    0.970    0.631     0.16     0.35
   MergerIntoSlowTrafficV2                      74    0.932    0.569     0.21     0.35
   NonSignalizedJunctionLeftTurn               258    0.384    0.062     0.04     0.83
   NonSignalizedJunctionLeftTurnEnterFlow       52    0.942    0.303     0.27     0.68
   NonSignalizedJunctionRightTurn               59    0.966    0.277     0.21     0.51
   OppositeVehicleRunningRedLight              100    0.790    0.262     0.05     0.43
   OppositeVehicleTakingPriority               144    0.618    0.242     0.03     0.26
   ParkedObstacle                              257    1.000    0.802     0.13     1.37
   ParkedObstacleTwoWays                       344    0.980    0.807     0.03     0.64
   ParkingCrossingPedestrian                   248    0.798    0.568     0.01     0.09
   ParkingCutIn                                352    0.946    0.509     0.02     0.09
   ParkingExit                                 264    0.818    0.514     0.02     0.96
   PedestrianCrossing                          292    0.548    0.231     0.01     0.12
   SignalizedJunctionLeftTurn                  119    0.613    0.099     0.28     0.94
   SignalizedJunctionLeftTurnEnterFlow         119    0.773    0.251     0.44     0.93
   SignalizedJunctionRightTurn                  76    0.803    0.187     0.12     0.62
   StaticCutIn                                 162    1.000    0.853     0.05     0.26
   TJunction                                   517    0.702    0.371     0.01     0.27
   VanillaNonSignalizedTurnEncounterStopsign       98    0.582    0.174     0.30     0.58
   VanillaSignalizedTurnEncounterGreenLight      286    0.290    0.069     0.00     0.56
   VanillaSignalizedTurnEncounterRedLight      393    0.303    0.066     0.01     0.40
   VehicleOpensDoorTwoWays                      42    1.000    0.725     0.05     1.25
   VehicleTurningRoute                         197    0.513    0.192     0.04     0.47
   VehicleTurningRoutePedestrian               159    0.371    0.129     0.02     0.59
   YieldToEmergencyVehicle                     123    1.000    0.692     0.14     0.97

   town                                    windows  braking   frames
   Town01                                      125    0.904    0.661
   Town02                                       66    0.864    0.231
   Town03                                      412    0.631    0.394
   Town04                                      533    0.619    0.314
   Town05                                      538    0.673    0.386
   Town06                                      312    0.843    0.551
   Town07                                      259    0.656    0.296
   Town10HD                                    128    0.555    0.311
   Town11                                       49    0.939    0.580
   Town12                                     4200    0.728    0.457
   Town13                                     1531    0.759    0.451
   Town15                                      750    0.729    0.418

   splits: 894 train clips / 105 val clips (894 / 105 routes, seed 0, val fraction 0.1)
      Accident                               routes  28  val  3  clips  28  val   3
      AccidentTwoWays                        routes  35  val  4  clips  35  val   4
      BlockedIntersection                    routes  23  val  2  clips  23  val   2
      ConstructionObstacle                   routes  27  val  3  clips  27  val   3
      ConstructionObstacleTwoWays            routes  27  val  3  clips  27  val   3
      ControlLoss                            routes  13  val  1  clips  13  val   1
      CrossingBicycleFlow                    routes  26  val  3  clips  26  val   3
      DynamicObjectCrossing                  routes  26  val  3  clips  26  val   3
      EnterActorFlow                         routes  15  val  2  clips  15  val   2
      HardBreakRoute                         routes  35  val  4  clips  35  val   4
      HazardAtSideLane                       routes  43  val  4  clips  43  val   4
      HazardAtSideLaneTwoWays                routes  27  val  3  clips  27  val   3
      HighwayCutIn                           routes  27  val  3  clips  27  val   3
      HighwayExit                            routes  29  val  3  clips  29  val   3
      InterurbanActorFlow                    routes  13  val  1  clips  13  val   1
      InterurbanAdvancedActorFlow            routes  15  val  2  clips  15  val   2
      InvadingTurn                           routes  13  val  1  clips  13  val   1
      LaneChange                             routes  15  val  2  clips  15  val   2
      MergerIntoSlowTraffic                  routes   8  val  1  clips   8  val   1
      MergerIntoSlowTrafficV2                routes  18  val  2  clips  18  val   2
      NonSignalizedJunctionLeftTurn          routes  34  val  3  clips  34  val   3
      NonSignalizedJunctionLeftTurnEnterFlow routes  17  val  2  clips  17  val   2
      NonSignalizedJunctionRightTurn         routes  14  val  1  clips  14  val   1
      OppositeVehicleRunningRedLight         routes  21  val  2  clips  21  val   2
      OppositeVehicleTakingPriority          routes  21  val  2  clips  21  val   2
      ParkedObstacle                         routes  28  val  3  clips  28  val   3
      ParkedObstacleTwoWays                  routes  23  val  2  clips  23  val   2
      ParkingCrossingPedestrian              routes  20  val  2  clips  20  val   2
      ParkingCutIn                           routes  38  val  4  clips  38  val   4
      ParkingExit                            routes  27  val  3  clips  27  val   3
      PedestrianCrossing                     routes  20  val  2  clips  20  val   2
      SignalizedJunctionLeftTurn             routes  21  val  2  clips  21  val   2
      SignalizedJunctionLeftTurnEnterFlow    routes  27  val  3  clips  27  val   3
      SignalizedJunctionRightTurn            routes  15  val  2  clips  15  val   2
      StaticCutIn                            routes  24  val  2  clips  24  val   2
      TJunction                              routes  32  val  3  clips  32  val   3
      VanillaNonSignalizedTurnEncounterStopsign routes  30  val  3  clips  30  val   3
      VanillaSignalizedTurnEncounterGreenLight routes  27  val  3  clips  27  val   3
      VanillaSignalizedTurnEncounterRedLight routes  30  val  3  clips  30  val   3
      VehicleOpensDoorTwoWays                routes   3  val  1  clips   3  val   1
      VehicleTurningRoute                    routes  27  val  3  clips  27  val   3
      VehicleTurningRoutePedestrian          routes  18  val  2  clips  18  val   2
      YieldToEmergencyVehicle                routes  19  val  2  clips  19  val   2
