2026-09-28 21:20:11,607 INFO 940 done clips to build -> /bulk/users/vla/alpamayo2edge/b2d_cache (stride 20, ['camera_cross_left_120fov', 'camera_front_wide_120fov', 'camera_cross_right_120fov', 'camera_front_tele_30fov'], tokens=True)
2026-09-28 21:20:15,920 INFO AccidentTwoWays_Town12_Route1105_Weather13                7 windows (+0 cached)    1.90 s  [1/940]
2026-09-28 21:20:17,568 INFO AccidentTwoWays_Town12_Route1102_Weather10               13 windows (+0 cached)    3.71 s  [2/940]
2026-09-28 21:20:17,679 INFO AccidentTwoWays_Town12_Route1106_Weather14               14 windows (+0 cached)    3.64 s  [3/940]
2026-09-28 21:20:17,715 INFO AccidentTwoWays_Town12_Route1104_Weather12               14 windows (+0 cached)    3.84 s  [4/940]
2026-09-28 21:20:18,216 INFO AccidentTwoWays_Town12_Route1103_Weather11               17 windows (+0 cached)    4.36 s  [5/940]
2026-09-28 21:20:18,229 INFO AccidentTwoWays_Town12_Route1109_Weather9                14 windows (+0 cached)    4.08 s  [6/940]
2026-09-28 21:20:18,252 INFO AccidentTwoWays_Town12_Route1107_Weather15               14 windows (+0 cached)    4.13 s  [7/940]
2026-09-28 21:20:18,643 INFO AccidentTwoWays_Town12_Route1111_Weather19               12 windows (+0 cached)    2.72 s  [8/940]
2026-09-28 21:20:19,312 INFO AccidentTwoWays_Town12_Route1110_Weather18               20 windows (+0 cached)    5.12 s  [9/940]
2026-09-28 21:20:20,489 INFO AccidentTwoWays_Town12_Route1116_Weather23               10 windows (+0 cached)    2.26 s  [10/940]
2026-09-28 21:20:21,139 INFO AccidentTwoWays_Town12_Route1112_Weather20               14 windows (+0 cached)    3.57 s  [11/940]
2026-09-28 21:20:21,343 INFO AccidentTwoWays_Town12_Route1113_Weather21               14 windows (+0 cached)    3.66 s  [12/940]
2026-09-28 21:20:21,675 INFO AccidentTwoWays_Town12_Route1117_Weather25               13 windows (+0 cached)    3.42 s  [13/940]
2026-09-28 21:20:21,857 INFO AccidentTwoWays_Town12_Route1115_Weather23               13 windows (+0 cached)    3.64 s  [14/940]
2026-09-28 21:20:22,202 INFO AccidentTwoWays_Town12_Route1121_Weather3                 7 windows (+0 cached)    1.71 s  [15/940]
2026-09-28 21:20:22,481 INFO AccidentTwoWays_Town12_Route1114_Weather22               20 windows (+0 cached)    4.77 s  [16/940]
2026-09-28 21:20:22,933 INFO AccidentTwoWays_Town12_Route1120_Weather2                14 windows (+0 cached)    3.62 s  [17/940]
2026-09-28 21:20:25,006 INFO AccidentTwoWays_Town12_Route1126_Weather8                14 windows (+0 cached)    3.66 s  [18/940]
2026-09-28 21:20:25,227 INFO AccidentTwoWays_Town12_Route1444_Weather0                14 windows (+0 cached)    3.37 s  [19/940]
2026-09-28 21:20:25,341 INFO AccidentTwoWays_Town12_Route1446_Weather2                14 windows (+0 cached)    2.86 s  [20/940]
2026-09-28 21:20:25,407 INFO AccidentTwoWays_Town12_Route1119_Weather1                29 windows (+0 cached)    6.76 s  [21/940]
2026-09-28 21:20:26,271 INFO AccidentTwoWays_Town12_Route1127_Weather9                18 windows (+0 cached)    4.60 s  [22/940]
2026-09-28 21:20:26,730 INFO AccidentTwoWays_Town12_Route1448_Weather5                14 windows (+0 cached)    3.80 s  [23/940]
2026-09-28 21:20:27,320 INFO AccidentTwoWays_Town12_Route1445_Weather1                20 windows (+0 cached)    5.12 s  [24/940]
2026-09-28 21:20:28,302 INFO AccidentTwoWays_Town12_Route1456_Weather15               14 windows (+0 cached)    2.89 s  [25/940]
2026-09-28 21:20:28,754 INFO AccidentTwoWays_Town12_Route1124_Weather18               36 windows (+0 cached)    7.62 s  [26/940]
2026-09-28 21:20:29,299 INFO AccidentTwoWays_Town12_Route1454_Weather13               14 windows (+0 cached)    4.07 s  [27/940]
2026-09-28 21:20:29,438 INFO AccidentTwoWays_Town12_Route1455_Weather14               14 windows (+0 cached)    4.10 s  [28/940]
2026-09-28 21:20:30,473 INFO AccidentTwoWays_Town12_Route1458_Weather9                14 windows (+0 cached)    4.20 s  [29/940]
2026-09-28 21:20:30,535 INFO AccidentTwoWays_Town12_Route1453_Weather12               20 windows (+0 cached)    5.53 s  [30/940]
2026-09-28 21:20:30,606 INFO AccidentTwoWays_Town12_Route1459_Weather18               14 windows (+0 cached)    3.87 s  [31/940]
2026-09-28 21:20:31,014 INFO Accident_Town03_Route101_Weather23                        6 windows (+0 cached)    1.58 s  [32/940]
2026-09-28 21:20:31,330 INFO AccidentTwoWays_Town12_Route1463_Weather22               14 windows (+0 cached)    3.03 s  [33/940]
2026-09-28 21:20:31,341 INFO AccidentTwoWays_Town12_Route1461_Weather20               20 windows (+0 cached)    3.98 s  [34/940]
2026-09-28 21:20:32,206 INFO Accident_Town03_Route102_Weather20                        7 windows (+0 cached)    1.73 s  [35/940]
2026-09-28 21:20:32,432 INFO Accident_Town03_Route146_Weather8                         7 windows (+0 cached)    1.90 s  [36/940]
2026-09-28 21:20:32,538 INFO Accident_Town03_Route156_Weather0                         7 windows (+0 cached)    1.93 s  [37/940]
2026-09-28 21:20:32,687 INFO Accident_Town05_Route219_Weather11                        0 windows (+8 cached)    0.25 s  [38/940]
2026-09-28 21:20:33,091 INFO AccidentTwoWays_Town12_Route1468_Weather2                20 windows (+0 cached)    4.34 s  [39/940]
2026-09-28 21:20:33,230 INFO AccidentTwoWays_Town12_Route1469_Weather3                14 windows (+0 cached)    3.93 s  [40/940]
2026-09-28 21:20:33,262 INFO Accident_Town04_Route160_Weather3                         9 windows (+0 cached)    1.93 s  [41/940]
2026-09-28 21:20:33,619 INFO Accident_Town04_Route205_Weather23                        8 windows (+0 cached)    2.28 s  [42/940]
2026-09-28 21:20:33,771 INFO Accident_Town04_Route159_Weather3                        10 windows (+0 cached)    2.76 s  [43/940]
2026-09-28 21:20:34,428 INFO Accident_Town05_Route218_Weather10                        7 windows (+0 cached)    2.22 s  [44/940]
2026-09-28 21:20:34,501 INFO Accident_Town12_Route1108_Weather8                        6 windows (+0 cached)    1.24 s  [45/940]
2026-09-28 21:20:34,690 INFO Accident_Town06_Route279_Weather19                        7 windows (+0 cached)    2.15 s  [46/940]
2026-09-28 21:20:35,097 INFO Accident_Town06_Route308_Weather22                        7 windows (+0 cached)    2.00 s  [47/940]
2026-09-28 21:20:35,137 INFO Accident_Town06_Route280_Weather11                        8 windows (+0 cached)    2.45 s  [48/940]
2026-09-28 21:20:35,570 INFO Accident_Town06_Route327_Weather15                        7 windows (+0 cached)    2.34 s  [49/940]
2026-09-28 21:20:35,571 INFO Accident_Town12_Route1122_Weather3                        6 windows (+0 cached)    1.95 s  [50/940]
2026-09-28 21:20:35,930 INFO Accident_Town12_Route768_Weather14                        7 windows (+0 cached)    1.43 s  [51/940]
2026-09-28 21:20:36,404 INFO Accident_Town12_Route767_Weather13                        8 windows (+0 cached)    1.98 s  [52/940]
2026-09-28 21:20:36,452 INFO Accident_Town12_Route769_Weather15                        7 windows (+0 cached)    1.76 s  [53/940]
2026-09-28 21:20:36,963 INFO Accident_Town12_Route957_Weather21                        8 windows (+0 cached)    1.82 s  [54/940]
2026-09-28 21:20:37,163 INFO Accident_Town12_Route766_Weather12                       13 windows (+0 cached)    3.39 s  [55/940]
2026-09-28 21:20:37,166 INFO Accident_Town13_Route550_Weather3                         7 windows (+0 cached)    1.60 s  [56/940]
2026-09-28 21:20:37,965 INFO Accident_Town13_Route551_Weather5                         7 windows (+0 cached)    2.40 s  [57/940]
2026-09-28 21:20:38,114 INFO Accident_Town15_Route411_Weather21                        7 windows (+0 cached)    1.71 s  [58/940]
2026-09-28 21:20:38,688 INFO Accident_Town13_Route552_Weather6                        13 windows (+0 cached)    2.76 s  [59/940]
2026-09-28 21:20:39,006 INFO Accident_Town15_Route413_Weather23                        7 windows (+0 cached)    2.05 s  [60/940]
2026-09-28 21:20:39,299 INFO Accident_Town12_Route956_Weather20                       20 windows (+0 cached)    4.20 s  [61/940]
2026-09-28 21:20:39,483 INFO Accident_Town15_Route414_Weather23                        8 windows (+0 cached)    2.32 s  [62/940]
2026-09-28 21:20:40,686 INFO Accident_Town15_Route412_Weather22                       14 windows (+0 cached)    4.23 s  [63/940]
2026-09-28 21:20:40,867 INFO BlockedIntersection_Town03_Route136_Weather6              9 windows (+0 cached)    2.75 s  [64/940]
2026-09-28 21:20:41,067 INFO BlockedIntersection_Town04_Route193_Weather11            12 windows (+0 cached)    2.38 s  [65/940]
2026-09-28 21:20:41,546 INFO BlockedIntersection_Town04_Route194_Weather12             8 windows (+0 cached)    2.54 s  [66/940]
2026-09-28 21:20:41,695 INFO BlockedIntersection_Town04_Route195_Weather13            12 windows (+0 cached)    2.40 s  [67/940]
2026-09-28 21:20:42,671 INFO BlockedIntersection_Town03_Route134_Weather3             21 windows (+0 cached)    5.51 s  [68/940]
2026-09-28 21:20:42,956 INFO BlockedIntersection_Town05_Route248_Weather14             9 windows (+0 cached)    2.27 s  [69/940]
2026-09-28 21:20:43,138 INFO BlockedIntersection_Town07_Route353_Weather15             6 windows (+0 cached)    1.44 s  [70/940]
2026-09-28 21:20:43,157 INFO BlockedIntersection_Town07_Route351_Weather13            10 windows (+0 cached)    2.09 s  [71/940]
2026-09-28 21:20:43,338 INFO BlockedIntersection_Town05_Route247_Weather19            14 windows (+0 cached)    3.85 s  [72/940]
2026-09-28 21:20:43,881 INFO BlockedIntersection_Town07_Route352_Weather14             9 windows (+0 cached)    2.34 s  [73/940]
2026-09-28 21:20:44,811 INFO BlockedIntersection_Town12_Route835_Weather3              8 windows (+0 cached)    1.67 s  [74/940]
2026-09-28 21:20:45,162 INFO BlockedIntersection_Town12_Route834_Weather2              9 windows (+0 cached)    2.21 s  [75/940]
2026-09-28 21:20:45,258 INFO BlockedIntersection_Town03_Route135_Weather5             27 windows (+0 cached)    7.26 s  [76/940]
2026-09-28 21:20:46,377 INFO BlockedIntersection_Town10HD_Route391_Weather1           14 windows (+0 cached)    3.70 s  [77/940]
2026-09-28 21:20:47,825 INFO BlockedIntersection_Town13_Route617_Weather19             8 windows (+0 cached)    2.66 s  [78/940]
2026-09-28 21:20:48,008 INFO BlockedIntersection_Town13_Route615_Weather9             14 windows (+0 cached)    4.13 s  [79/940]
2026-09-28 21:20:48,094 INFO BlockedIntersection_Town13_Route618_Weather20             8 windows (+0 cached)    2.84 s  [80/940]
2026-09-28 21:20:48,489 INFO BlockedIntersection_Town15_Route485_Weather9              7 windows (+0 cached)    2.11 s  [81/940]
2026-09-28 21:20:48,573 INFO BlockedIntersection_Town05_Route272_Weather12            29 windows (+0 cached)    7.71 s  [82/940]
2026-09-28 21:20:48,915 INFO BlockedIntersection_Town12_Route836_Weather3             28 windows (+0 cached)    5.76 s  [83/940]
2026-09-28 21:20:49,609 INFO BlockedIntersection_Town13_Route616_Weather18            21 windows (+0 cached)    4.80 s  [84/940]
2026-09-28 21:20:49,677 INFO ConstructionObstacleTwoWays_Town12_Route1080_Weather14    7 windows (+0 cached)    1.67 s  [85/940]
2026-09-28 21:20:50,215 INFO ConstructionObstacleTwoWays_Town12_Route1086_Weather20    6 windows (+0 cached)    1.30 s  [86/940]
2026-09-28 21:20:50,973 INFO BlockedIntersection_Town12_Route936_Weather0             28 windows (+0 cached)    7.64 s  [87/940]
2026-09-28 21:20:51,138 INFO BlockedIntersection_Town15_Route486_Weather18            12 windows (+0 cached)    3.31 s  [88/940]
2026-09-28 21:20:51,619 INFO ConstructionObstacleTwoWays_Town12_Route1084_Weather5    12 windows (+0 cached)    3.13 s  [89/940]
2026-09-28 21:20:51,655 INFO ConstructionObstacleTwoWays_Town12_Route1083_Weather9    15 windows (+0 cached)    3.56 s  [90/940]
2026-09-28 21:20:51,852 INFO ConstructionObstacleTwoWays_Town12_Route1085_Weather6    16 windows (+0 cached)    3.28 s  [91/940]
2026-09-28 21:20:52,723 INFO ConstructionObstacleTwoWays_Town12_Route1089_Weather23   15 windows (+0 cached)    3.11 s  [92/940]
2026-09-28 21:20:53,253 INFO ConstructionObstacleTwoWays_Town12_Route1094_Weather2    11 windows (+0 cached)    2.28 s  [93/940]
2026-09-28 21:20:53,406 INFO ConstructionObstacleTwoWays_Town12_Route1093_Weather1    15 windows (+0 cached)    3.19 s  [94/940]
2026-09-28 21:20:53,476 INFO ConstructionObstacleTwoWays_Town12_Route1091_Weather12   15 windows (+0 cached)    3.80 s  [95/940]
2026-09-28 21:20:54,475 INFO ConstructionObstacleTwoWays_Town12_Route1095_Weather3    14 windows (+0 cached)    3.34 s  [96/940]
2026-09-28 21:20:54,546 INFO ConstructionObstacleTwoWays_Town12_Route1099_Weather7     8 windows (+0 cached)    1.82 s  [97/940]
2026-09-28 21:20:54,784 INFO ConstructionObstacleTwoWays_Town12_Route1096_Weather3    14 windows (+0 cached)    3.16 s  [98/940]
2026-09-28 21:20:54,859 INFO ConstructionObstacleTwoWays_Town12_Route1097_Weather5    14 windows (+0 cached)    3.20 s  [99/940]
2026-09-28 21:20:55,060 INFO ConstructionObstacleTwoWays_Town12_Route1098_Weather6    14 windows (+0 cached)    3.21 s  [100/940]
2026-09-28 21:20:56,518 INFO ConstructionObstacleTwoWays_Town12_Route1406_Weather26   14 windows (+0 cached)    3.04 s  [101/940]
2026-09-28 21:20:56,585 INFO ConstructionObstacleTwoWays_Town12_Route1404_Weather26   15 windows (+0 cached)    3.18 s  [102/940]
2026-09-28 21:20:57,507 INFO ConstructionObstacleTwoWays_Town12_Route1410_Weather26   14 windows (+0 cached)    3.03 s  [103/940]
2026-09-28 21:20:57,517 INFO ConstructionObstacleTwoWays_Town12_Route1413_Weather26   14 windows (+0 cached)    2.97 s  [104/940]
2026-09-28 21:20:57,754 INFO ConstructionObstacleTwoWays_Town12_Route1415_Weather26   14 windows (+0 cached)    2.89 s  [105/940]
2026-09-28 21:20:57,801 INFO ConstructionObstacleTwoWays_Town12_Route1414_Weather26   14 windows (+0 cached)    3.02 s  [106/940]
2026-09-28 21:20:58,139 INFO ConstructionObstacleTwoWays_Town12_Route1418_Weather26   14 windows (+0 cached)    3.08 s  [107/940]
2026-09-28 21:20:58,510 INFO ConstructionObstacleTwoWays_Town12_Route1100_Weather14   26 windows (+0 cached)    5.26 s  [108/940]
2026-09-28 21:20:59,593 INFO ConstructionObstacle_Town03_Route60_Weather8              8 windows (+0 cached)    1.79 s  [109/940]
2026-09-28 21:20:59,647 INFO ConstructionObstacle_Town03_Route61_Weather9              7 windows (+0 cached)    1.51 s  [110/940]
2026-09-28 21:20:59,755 INFO ConstructionObstacleTwoWays_Town12_Route1421_Weather26   15 windows (+0 cached)    3.17 s  [111/940]
2026-09-28 21:20:59,783 INFO ConstructionObstacleTwoWays_Town12_Route1419_Weather26   15 windows (+0 cached)    3.27 s  [112/940]
2026-09-28 21:20:59,840 INFO ConstructionObstacle_Town03_Route62_Weather10             6 windows (+0 cached)    1.33 s  [113/940]
2026-09-28 21:21:00,518 INFO ConstructionObstacleTwoWays_Town12_Route1422_Weather26   14 windows (+0 cached)    3.01 s  [114/940]
2026-09-28 21:21:00,524 INFO ConstructionObstacleTwoWays_Town12_Route1424_Weather26   14 windows (+0 cached)    3.01 s  [115/940]
2026-09-28 21:21:00,899 INFO ConstructionObstacleTwoWays_Town12_Route1425_Weather26   14 windows (+0 cached)    3.14 s  [116/940]
2026-09-28 21:21:01,025 INFO ConstructionObstacle_Town04_Route67_Weather15             5 windows (+0 cached)    1.19 s  [117/940]
2026-09-28 21:21:01,181 INFO ConstructionObstacle_Town04_Route64_Weather12             7 windows (+0 cached)    1.53 s  [118/940]
2026-09-28 21:21:01,245 INFO ConstructionObstacle_Town04_Route65_Weather13             7 windows (+0 cached)    1.49 s  [119/940]
2026-09-28 21:21:01,339 INFO ConstructionObstacle_Town03_Route63_Weather11             8 windows (+0 cached)    1.75 s  [120/940]
2026-09-28 21:21:01,570 INFO ConstructionObstacle_Town04_Route66_Weather14             8 windows (+0 cached)    1.79 s  [121/940]
2026-09-28 21:21:01,950 INFO ConstructionObstacle_Town05_Route69_Weather9              6 windows (+0 cached)    1.43 s  [122/940]
2026-09-28 21:21:02,174 INFO ConstructionObstacle_Town05_Route68_Weather8              7 windows (+0 cached)    1.66 s  [123/940]
2026-09-28 21:21:02,391 INFO ConstructionObstacle_Town05_Route71_Weather19             6 windows (+0 cached)    1.37 s  [124/940]
2026-09-28 21:21:02,393 INFO ConstructionObstacle_Town06_Route73_Weather21             5 windows (+0 cached)    1.15 s  [125/940]
2026-09-28 21:21:02,583 INFO ConstructionObstacle_Town05_Route70_Weather18             7 windows (+0 cached)    1.69 s  [126/940]
2026-09-28 21:21:02,765 INFO ConstructionObstacle_Town10HD_Route74_Weather22           6 windows (+0 cached)    1.43 s  [127/940]
2026-09-28 21:21:02,872 INFO ConstructionObstacle_Town06_Route72_Weather20             8 windows (+0 cached)    1.69 s  [128/940]
2026-09-28 21:21:03,086 INFO ConstructionObstacle_Town12_Route75_Weather23             7 windows (+0 cached)    1.51 s  [129/940]
2026-09-28 21:21:03,434 INFO ConstructionObstacle_Town12_Route76_Weather23             7 windows (+0 cached)    1.48 s  [130/940]
2026-09-28 21:21:03,686 INFO ConstructionObstacle_Town12_Route77_Weather25             7 windows (+0 cached)    1.51 s  [131/940]
2026-09-28 21:21:03,977 INFO ConstructionObstacle_Town12_Route78_Weather0              7 windows (+0 cached)    1.59 s  [132/940]
2026-09-28 21:21:03,977 INFO ConstructionObstacle_Town13_Route80_Weather2              6 windows (+0 cached)    1.39 s  [133/940]
2026-09-28 21:21:04,045 INFO ConstructionObstacle_Town12_Route79_Weather1              7 windows (+0 cached)    1.65 s  [134/940]
2026-09-28 21:21:04,334 INFO ConstructionObstacle_Town13_Route81_Weather3              7 windows (+0 cached)    1.57 s  [135/940]
2026-09-28 21:21:04,433 INFO ConstructionObstacle_Town13_Route82_Weather3              7 windows (+0 cached)    1.56 s  [136/940]
2026-09-28 21:21:04,578 INFO ConstructionObstacle_Town15_Route84_Weather6              5 windows (+0 cached)    1.14 s  [137/940]
2026-09-28 21:21:04,634 INFO ConstructionObstacle_Town13_Route83_Weather5              7 windows (+0 cached)    1.55 s  [138/940]
2026-09-28 21:21:05,039 INFO ConstructionObstacle_Town15_Route85_Weather7              6 windows (+0 cached)    1.35 s  [139/940]
2026-09-28 21:21:05,083 INFO ConstructionObstacle_Town15_Route87_Weather9              5 windows (+0 cached)    1.11 s  [140/940]
2026-09-28 21:21:05,618 INFO ControlLoss_Town10HD_Route377_Weather13                   5 windows (+0 cached)    1.04 s  [141/940]
2026-09-28 21:21:06,234 INFO ControlLoss_Town10HD_Route378_Weather14                   7 windows (+0 cached)    1.60 s  [142/940]
2026-09-28 21:21:06,289 INFO ControlLoss_Town07_Route333_Weather21                     9 windows (+0 cached)    1.86 s  [143/940]
2026-09-28 21:21:06,761 INFO ControlLoss_Town11_Route402_Weather12                     8 windows (+0 cached)    1.68 s  [144/940]
2026-09-28 21:21:07,036 INFO ControlLoss_Town04_Route170_Weather14                    14 windows (+0 cached)    2.99 s  [145/940]
2026-09-28 21:21:07,307 INFO ControlLoss_Town07_Route332_Weather20                    14 windows (+0 cached)    2.97 s  [146/940]
2026-09-28 21:21:07,308 INFO ControlLoss_Town13_Route574_Weather19                     8 windows (+0 cached)    1.69 s  [147/940]
2026-09-28 21:21:07,936 INFO ControlLoss_Town04_Route169_Weather13                    18 windows (+0 cached)    3.96 s  [148/940]
2026-09-28 21:21:07,988 INFO ControlLoss_Town11_Route401_Weather11                    14 windows (+0 cached)    2.95 s  [149/940]
2026-09-28 21:21:08,195 INFO ControlLoss_Town15_Route430_Weather14                     9 windows (+0 cached)    1.97 s  [150/940]
2026-09-28 21:21:08,662 INFO ControlLoss_Town15_Route431_Weather15                    11 windows (+0 cached)    2.37 s  [151/940]
2026-09-28 21:21:08,720 INFO ControlLoss_Town15_Route432_Weather8                      9 windows (+0 cached)    1.96 s  [152/940]
2026-09-28 21:21:09,181 INFO ControlLoss_Town15_Route433_Weather9                     11 windows (+0 cached)    2.15 s  [153/940]
2026-09-28 21:21:10,906 INFO CrossingBicycleFlow_Town12_Route1011_Weather23           17 windows (+0 cached)    3.60 s  [154/940]
2026-09-28 21:21:11,075 INFO CrossingBicycleFlow_Town12_Route1012_Weather23           18 windows (+0 cached)    3.77 s  [155/940]
2026-09-28 21:21:11,397 INFO CrossingBicycleFlow_Town12_Route1044_Weather3            16 windows (+0 cached)    3.41 s  [156/940]
2026-09-28 21:21:11,401 INFO CrossingBicycleFlow_Town12_Route1032_Weather18           16 windows (+0 cached)    3.47 s  [157/940]
2026-09-28 21:21:11,723 INFO CrossingBicycleFlow_Town12_Route1050_Weather10           17 windows (+0 cached)    3.53 s  [158/940]
2026-09-28 21:21:12,045 INFO CrossingBicycleFlow_Town12_Route1067_Weather1             3 windows (+0 cached)    0.64 s  [159/940]
2026-09-28 21:21:12,160 INFO CrossingBicycleFlow_Town12_Route1061_Weather21           17 windows (+0 cached)    3.50 s  [160/940]
2026-09-28 21:21:12,834 INFO CrossingBicycleFlow_Town12_Route1063_Weather23           17 windows (+0 cached)    3.65 s  [161/940]
2026-09-28 21:21:12,948 INFO CrossingBicycleFlow_Town12_Route1062_Weather22           20 windows (+0 cached)    4.23 s  [162/940]
2026-09-28 21:21:14,529 INFO CrossingBicycleFlow_Town12_Route1064_Weather23           16 windows (+0 cached)    3.62 s  [163/940]
2026-09-28 21:21:15,120 INFO CrossingBicycleFlow_Town12_Route1065_Weather25           18 windows (+0 cached)    4.04 s  [164/940]
2026-09-28 21:21:15,424 INFO CrossingBicycleFlow_Town12_Route1066_Weather0            17 windows (+0 cached)    4.03 s  [165/940]
2026-09-28 21:21:15,879 INFO CrossingBicycleFlow_Town12_Route1068_Weather2            17 windows (+0 cached)    4.15 s  [166/940]
2026-09-28 21:21:16,307 INFO CrossingBicycleFlow_Town12_Route1071_Weather0            17 windows (+0 cached)    4.15 s  [167/940]
2026-09-28 21:21:17,058 INFO CrossingBicycleFlow_Town12_Route1070_Weather3            19 windows (+0 cached)    5.01 s  [168/940]
2026-09-28 21:21:17,270 INFO CrossingBicycleFlow_Town12_Route1072_Weather6            18 windows (+0 cached)    4.44 s  [169/940]
2026-09-28 21:21:17,741 INFO CrossingBicycleFlow_Town12_Route1073_Weather7            17 windows (+0 cached)    4.79 s  [170/940]
2026-09-28 21:21:18,757 INFO CrossingBicycleFlow_Town12_Route1074_Weather8            17 windows (+0 cached)    4.23 s  [171/940]
2026-09-28 21:21:18,940 INFO CrossingBicycleFlow_Town12_Route1075_Weather9            17 windows (+0 cached)    3.82 s  [172/940]
2026-09-28 21:21:19,498 INFO CrossingBicycleFlow_Town12_Route1077_Weather11           17 windows (+0 cached)    3.62 s  [173/940]
2026-09-28 21:21:19,602 INFO CrossingBicycleFlow_Town12_Route1076_Weather10           17 windows (+0 cached)    4.18 s  [174/940]
2026-09-28 21:21:20,197 INFO DynamicObjectCrossing_Town01_Route1_Weather1              7 windows (+0 cached)    1.26 s  [175/940]
2026-09-28 21:21:20,718 INFO CrossingBicycleFlow_Town12_Route862_Weather3             17 windows (+0 cached)    3.45 s  [176/940]
2026-09-28 21:21:20,789 INFO DynamicObjectCrossing_Town01_Route3_Weather3              6 windows (+0 cached)    1.19 s  [177/940]
2026-09-28 21:21:20,790 INFO CrossingBicycleFlow_Town12_Route860_Weather2             19 windows (+0 cached)    3.73 s  [178/940]
2026-09-28 21:21:21,180 INFO CrossingBicycleFlow_Town12_Route863_Weather5             16 windows (+0 cached)    3.44 s  [179/940]
2026-09-28 21:21:21,200 INFO DynamicObjectCrossing_Town01_Route4_Weather3              5 windows (+0 cached)    1.00 s  [180/940]
2026-09-28 21:21:21,815 INFO DynamicObjectCrossing_Town01_Route6_Weather6              6 windows (+0 cached)    1.03 s  [181/940]
2026-09-28 21:21:21,816 INFO DynamicObjectCrossing_Town01_Route7_Weather7              5 windows (+0 cached)    1.03 s  [182/940]
2026-09-28 21:21:21,843 INFO CrossingBicycleFlow_Town12_Route977_Weather15            15 windows (+0 cached)    3.09 s  [183/940]
2026-09-28 21:21:21,930 INFO DynamicObjectCrossing_Town01_Route5_Weather2              7 windows (+0 cached)    1.21 s  [184/940]
2026-09-28 21:21:22,369 INFO DynamicObjectCrossing_Town02_Route11_Weather11            6 windows (+0 cached)    1.17 s  [185/940]
2026-09-28 21:21:22,473 INFO DynamicObjectCrossing_Town01_Route8_Weather3              7 windows (+0 cached)    1.29 s  [186/940]
2026-09-28 21:21:23,167 INFO DynamicObjectCrossing_Town02_Route15_Weather15            6 windows (+0 cached)    1.24 s  [187/940]
2026-09-28 21:21:23,179 INFO DynamicObjectCrossing_Town10HD_Route18_Weather18          3 windows (+0 cached)    0.71 s  [188/940]
2026-09-28 21:21:23,273 INFO DynamicObjectCrossing_Town02_Route12_Weather12            6 windows (+0 cached)    1.46 s  [189/940]
2026-09-28 21:21:23,287 INFO DynamicObjectCrossing_Town02_Route14_Weather14            7 windows (+0 cached)    1.44 s  [190/940]
2026-09-28 21:21:23,425 INFO DynamicObjectCrossing_Town02_Route13_Weather6             7 windows (+0 cached)    1.61 s  [191/940]
2026-09-28 21:21:23,532 INFO DynamicObjectCrossing_Town02_Route9_Weather9              6 windows (+0 cached)    1.16 s  [192/940]
2026-09-28 21:21:23,774 INFO DynamicObjectCrossing_Town10HD_Route19_Weather19          3 windows (+0 cached)    0.61 s  [193/940]
2026-09-28 21:21:23,911 INFO DynamicObjectCrossing_Town01_Route2_Weather2             22 windows (+0 cached)    4.41 s  [194/940]
2026-09-28 21:21:24,499 INFO DynamicObjectCrossing_Town12_Route21_Weather21            7 windows (+0 cached)    1.23 s  [195/940]
2026-09-28 21:21:24,552 INFO DynamicObjectCrossing_Town11_Route20_Weather20            8 windows (+0 cached)    1.37 s  [196/940]
2026-09-28 21:21:24,769 INFO DynamicObjectCrossing_Town12_Route22_Weather22            7 windows (+0 cached)    1.48 s  [197/940]
2026-09-28 21:21:24,807 INFO DynamicObjectCrossing_Town13_Route24_Weather23            6 windows (+0 cached)    1.28 s  [198/940]
2026-09-28 21:21:24,874 INFO DynamicObjectCrossing_Town13_Route25_Weather25            6 windows (+0 cached)    1.10 s  [199/940]
2026-09-28 21:21:25,118 INFO CrossingBicycleFlow_Town12_Route1078_Weather12           43 windows (+0 cached)    8.81 s  [200/940]
2026-09-28 21:21:25,685 INFO DynamicObjectCrossing_Town15_Route28_Weather2             6 windows (+0 cached)    1.13 s  [201/940]
2026-09-28 21:21:25,687 INFO DynamicObjectCrossing_Town15_Route27_Weather1             7 windows (+0 cached)    1.19 s  [202/940]
2026-09-28 21:21:25,736 INFO DynamicObjectCrossing_Town12_Route23_Weather23           12 windows (+0 cached)    2.31 s  [203/940]
2026-09-28 21:21:25,805 INFO DynamicObjectCrossing_Town13_Route26_Weather0            10 windows (+0 cached)    1.89 s  [204/940]
2026-09-28 21:21:25,808 INFO DynamicObjectCrossing_Town15_Route29_Weather3             6 windows (+0 cached)    1.04 s  [205/940]
2026-09-28 21:21:26,222 INFO EnterActorFlow_Town04_Route192_Weather10                  8 windows (+0 cached)    1.35 s  [206/940]
2026-09-28 21:21:26,239 INFO EnterActorFlow_Town12_Route830_Weather23                  2 windows (+0 cached)    0.43 s  [207/940]
2026-09-28 21:21:26,244 INFO EnterActorFlow_Town07_Route349_Weather11                  3 windows (+0 cached)    0.51 s  [208/940]
2026-09-28 21:21:26,506 INFO EnterActorFlow_Town07_Route348_Weather10                  4 windows (+0 cached)    0.82 s  [209/940]
2026-09-28 21:21:26,590 INFO EnterActorFlow_Town13_Route611_Weather13                  2 windows (+0 cached)    0.35 s  [210/940]
2026-09-28 21:21:26,824 INFO EnterActorFlow_Town12_Route831_Weather25                  3 windows (+0 cached)    0.60 s  [211/940]
2026-09-28 21:21:26,972 INFO EnterActorFlow_Town13_Route613_Weather15                  2 windows (+0 cached)    0.38 s  [212/940]
2026-09-28 21:21:28,118 INFO EnterActorFlow_Town05_Route245_Weather9                  15 windows (+0 cached)    3.00 s  [213/940]
2026-09-28 21:21:28,316 INFO HardBreakRoute_Town01_Route30_Weather3                    0 windows (+11 cached)    0.20 s  [214/940]
2026-09-28 21:21:28,617 INFO EnterActorFlow_Town13_Route614_Weather8                   8 windows (+0 cached)    1.79 s  [215/940]
2026-09-28 21:21:28,839 INFO EnterActorFlow_Town03_Route132_Weather2                  23 windows (+0 cached)    4.03 s  [216/940]
2026-09-28 21:21:29,698 INFO HardBreakRoute_Town02_Route33_Weather7                    5 windows (+0 cached)    0.86 s  [217/940]
2026-09-28 21:21:30,084 INFO EnterActorFlow_Town07_Route350_Weather12                 23 windows (+0 cached)    4.28 s  [218/940]
2026-09-28 21:21:30,356 INFO HardBreakRoute_Town01_Route31_Weather5                   11 windows (+0 cached)    2.03 s  [219/940]
2026-09-28 21:21:30,439 INFO HardBreakRoute_Town02_Route34_Weather8                    4 windows (+0 cached)    0.74 s  [220/940]
2026-09-28 21:21:30,604 INFO EnterActorFlow_Town12_Route832_Weather0                  22 windows (+0 cached)    4.37 s  [221/940]
2026-09-28 21:21:30,649 INFO EnterActorFlow_Town13_Route612_Weather14                 23 windows (+0 cached)    4.14 s  [222/940]
2026-09-28 21:21:30,741 INFO HardBreakRoute_Town01_Route32_Weather6                   11 windows (+0 cached)    2.12 s  [223/940]
2026-09-28 21:21:30,744 INFO HardBreakRoute_Town02_Route35_Weather9                    4 windows (+0 cached)    0.66 s  [224/940]
2026-09-28 21:21:31,459 INFO EnterActorFlow_Town13_Route681_Weather5                  23 windows (+0 cached)    4.49 s  [225/940]
2026-09-28 21:21:32,194 INFO EnterActorFlow_Town05_Route271_Weather11                 35 windows (+0 cached)    6.51 s  [226/940]
2026-09-28 21:21:32,290 INFO HardBreakRoute_Town03_Route37_Weather11                  11 windows (+0 cached)    1.85 s  [227/940]
2026-09-28 21:21:32,331 INFO HardBreakRoute_Town03_Route36_Weather10                  12 windows (+0 cached)    1.98 s  [228/940]
2026-09-28 21:21:32,519 INFO HardBreakRoute_Town04_Route39_Weather13                  11 windows (+0 cached)    1.87 s  [229/940]
2026-09-28 21:21:32,889 INFO HardBreakRoute_Town04_Route41_Weather15                  11 windows (+0 cached)    2.14 s  [230/940]
2026-09-28 21:21:32,952 INFO HardBreakRoute_Town04_Route40_Weather14                  10 windows (+0 cached)    2.21 s  [231/940]
2026-09-28 21:21:34,231 INFO HardBreakRoute_Town05_Route43_Weather9                   12 windows (+0 cached)    2.04 s  [232/940]
2026-09-28 21:21:34,326 INFO HardBreakRoute_Town05_Route44_Weather18                  11 windows (+0 cached)    2.04 s  [233/940]
2026-09-28 21:21:34,610 INFO HardBreakRoute_Town03_Route38_Weather12                  21 windows (+0 cached)    4.01 s  [234/940]
2026-09-28 21:21:34,622 INFO HardBreakRoute_Town06_Route45_Weather19                  12 windows (+0 cached)    2.29 s  [235/940]
2026-09-28 21:21:34,954 INFO HardBreakRoute_Town07_Route47_Weather21                  12 windows (+0 cached)    2.06 s  [236/940]
2026-09-28 21:21:35,059 INFO HardBreakRoute_Town07_Route48_Weather22                  12 windows (+0 cached)    2.11 s  [237/940]
2026-09-28 21:21:35,830 INFO HardBreakRoute_Town10HD_Route49_Weather23                 9 windows (+0 cached)    1.60 s  [238/940]
2026-09-28 21:21:36,450 INFO HardBreakRoute_Town11_Route50_Weather23                  12 windows (+0 cached)    2.12 s  [239/940]
2026-09-28 21:21:36,505 INFO HardBreakRoute_Town12_Route52_Weather0                   11 windows (+0 cached)    1.88 s  [240/940]
2026-09-28 21:21:36,519 INFO HardBreakRoute_Town05_Route42_Weather8                   28 windows (+0 cached)    5.06 s  [241/940]
2026-09-28 21:21:36,543 INFO HardBreakRoute_Town06_Route46_Weather20                  22 windows (+0 cached)    4.02 s  [242/940]
2026-09-28 21:21:36,827 INFO HardBreakRoute_Town12_Route53_Weather1                   11 windows (+0 cached)    1.87 s  [243/940]
2026-09-28 21:21:36,981 INFO HardBreakRoute_Town13_Route1337_Weather26                11 windows (+0 cached)    1.92 s  [244/940]
2026-09-28 21:21:37,032 INFO HardBreakRoute_Town12_Route51_Weather25                  13 windows (+0 cached)    2.42 s  [245/940]
2026-09-28 21:21:37,868 INFO HardBreakRoute_Town13_Route1338_Weather26                11 windows (+0 cached)    2.04 s  [246/940]
2026-09-28 21:21:38,437 INFO HardBreakRoute_Town13_Route1339_Weather26                11 windows (+0 cached)    1.99 s  [247/940]
2026-09-28 21:21:38,604 INFO HardBreakRoute_Town13_Route1340_Weather26                11 windows (+0 cached)    2.10 s  [248/940]
2026-09-28 21:21:38,987 INFO HardBreakRoute_Town13_Route1341_Weather26                13 windows (+0 cached)    2.47 s  [249/940]
2026-09-28 21:21:39,126 INFO HardBreakRoute_Town15_Route57_Weather5                   11 windows (+0 cached)    2.09 s  [250/940]
2026-09-28 21:21:39,176 INFO HardBreakRoute_Town13_Route55_Weather3                   11 windows (+0 cached)    2.35 s  [251/940]
2026-09-28 21:21:39,587 INFO HardBreakRoute_Town13_Route54_Weather2                   16 windows (+0 cached)    3.04 s  [252/940]
2026-09-28 21:21:39,783 INFO HardBreakRoute_Town15_Route58_Weather6                   11 windows (+0 cached)    1.92 s  [253/940]
2026-09-28 21:21:39,793 INFO HardBreakRoute_Town13_Route56_Weather3                   16 windows (+0 cached)    2.81 s  [254/940]
2026-09-28 21:21:40,074 INFO HazardAtSideLaneTwoWays_Town12_Route1128_Weather10        9 windows (+0 cached)    1.47 s  [255/940]
2026-09-28 21:21:40,255 INFO HazardAtSideLaneTwoWays_Town12_Route1129_Weather11        8 windows (+0 cached)    1.27 s  [256/940]
2026-09-28 21:21:40,832 INFO HazardAtSideLaneTwoWays_Town12_Route1131_Weather13        9 windows (+0 cached)    1.66 s  [257/940]
2026-09-28 21:21:40,955 INFO HazardAtSideLaneTwoWays_Town12_Route1130_Weather12       10 windows (+0 cached)    1.83 s  [258/940]
2026-09-28 21:21:41,089 INFO HazardAtSideLaneTwoWays_Town12_Route1132_Weather14        8 windows (+0 cached)    1.50 s  [259/940]
2026-09-28 21:21:41,159 INFO HazardAtSideLaneTwoWays_Town12_Route1134_Weather8         8 windows (+0 cached)    1.37 s  [260/940]
2026-09-28 21:21:41,251 INFO HazardAtSideLaneTwoWays_Town12_Route1133_Weather15        9 windows (+0 cached)    1.47 s  [261/940]
2026-09-28 21:21:41,564 INFO HazardAtSideLaneTwoWays_Town12_Route1135_Weather9         9 windows (+0 cached)    1.49 s  [262/940]
2026-09-28 21:21:41,699 INFO HazardAtSideLaneTwoWays_Town12_Route1136_Weather18        8 windows (+0 cached)    1.44 s  [263/940]
2026-09-28 21:21:42,297 INFO HazardAtSideLaneTwoWays_Town12_Route1137_Weather19        8 windows (+0 cached)    1.46 s  [264/940]
2026-09-28 21:21:42,329 INFO HazardAtSideLaneTwoWays_Town12_Route1138_Weather20        7 windows (+0 cached)    1.37 s  [265/940]
2026-09-28 21:21:42,408 INFO HazardAtSideLaneTwoWays_Town12_Route1139_Weather21        8 windows (+0 cached)    1.32 s  [266/940]
2026-09-28 21:21:42,506 INFO HazardAtSideLaneTwoWays_Town12_Route1140_Weather22        9 windows (+0 cached)    1.35 s  [267/940]
2026-09-28 21:21:42,894 INFO HazardAtSideLaneTwoWays_Town12_Route1142_Weather23        8 windows (+0 cached)    1.33 s  [268/940]
2026-09-28 21:21:42,901 INFO HazardAtSideLaneTwoWays_Town12_Route1141_Weather23        9 windows (+0 cached)    1.65 s  [269/940]
2026-09-28 21:21:43,176 INFO HazardAtSideLaneTwoWays_Town12_Route1143_Weather25        9 windows (+0 cached)    1.48 s  [270/940]
2026-09-28 21:21:43,874 INFO HazardAtSideLaneTwoWays_Town12_Route1145_Weather1         9 windows (+0 cached)    1.55 s  [271/940]
2026-09-28 21:21:43,986 INFO HazardAtSideLaneTwoWays_Town12_Route1144_Weather0         9 windows (+0 cached)    1.69 s  [272/940]
2026-09-28 21:21:44,213 INFO HazardAtSideLaneTwoWays_Town12_Route1146_Weather2         9 windows (+0 cached)    1.80 s  [273/940]
2026-09-28 21:21:44,332 INFO HazardAtSideLaneTwoWays_Town12_Route1147_Weather3        10 windows (+0 cached)    1.83 s  [274/940]
2026-09-28 21:21:44,367 INFO HazardAtSideLaneTwoWays_Town12_Route1152_Weather8         8 windows (+0 cached)    1.47 s  [275/940]
2026-09-28 21:21:44,619 INFO HazardAtSideLaneTwoWays_Town12_Route1151_Weather7         9 windows (+0 cached)    1.73 s  [276/940]
2026-09-28 21:21:44,829 INFO HazardAtSideLaneTwoWays_Town12_Route1153_Weather9         9 windows (+0 cached)    1.65 s  [277/940]
2026-09-28 21:21:45,358 INFO HazardAtSideLaneTwoWays_Town12_Route1155_Weather11        8 windows (+0 cached)    1.37 s  [278/940]
2026-09-28 21:21:45,391 INFO HazardAtSideLaneTwoWays_Town12_Route1154_Weather10        9 windows (+0 cached)    1.52 s  [279/940]
2026-09-28 21:21:45,402 INFO HardBreakRoute_Town15_Route59_Weather7                   37 windows (+0 cached)    6.96 s  [280/940]
2026-09-28 21:21:45,636 INFO HazardAtSideLane_Town03_Route105_Weather22                8 windows (+0 cached)    1.27 s  [281/940]
2026-09-28 21:21:45,645 INFO HazardAtSideLaneTwoWays_Town12_Route1157_Weather13        9 windows (+0 cached)    1.31 s  [282/940]
2026-09-28 21:21:45,750 INFO HazardAtSideLane_Town03_Route106_Weather23                6 windows (+0 cached)    1.13 s  [283/940]
2026-09-28 21:21:45,778 INFO HazardAtSideLaneTwoWays_Town12_Route1156_Weather12        8 windows (+0 cached)    1.57 s  [284/940]
2026-09-28 21:21:45,997 INFO HazardAtSideLane_Town04_Route164_Weather8                 5 windows (+0 cached)    1.17 s  [285/940]
2026-09-28 21:21:46,473 INFO HazardAtSideLane_Town05_Route222_Weather0                 6 windows (+0 cached)    1.12 s  [286/940]
2026-09-28 21:21:46,696 INFO HazardAtSideLane_Town10HD_Route373_Weather9               5 windows (+0 cached)    0.95 s  [287/940]
2026-09-28 21:21:46,703 INFO HazardAtSideLane_Town05_Route263_Weather3                 6 windows (+0 cached)    1.30 s  [288/940]
2026-09-28 21:21:46,872 INFO HazardAtSideLane_Town06_Route283_Weather23                7 windows (+0 cached)    1.23 s  [289/940]
2026-09-28 21:21:46,952 INFO HazardAtSideLane_Town05_Route223_Weather15                7 windows (+0 cached)    1.56 s  [290/940]
2026-09-28 21:21:47,005 INFO HazardAtSideLane_Town12_Route1506_Weather0                6 windows (+0 cached)    1.23 s  [291/940]
2026-09-28 21:21:47,068 INFO HazardAtSideLane_Town06_Route329_Weather9                 7 windows (+0 cached)    1.42 s  [292/940]
2026-09-28 21:21:47,560 INFO HazardAtSideLane_Town12_Route1507_Weather1                8 windows (+0 cached)    1.56 s  [293/940]
2026-09-28 21:21:48,106 INFO HazardAtSideLane_Town12_Route1515_Weather12               7 windows (+0 cached)    1.40 s  [294/940]
2026-09-28 21:21:48,212 INFO HazardAtSideLane_Town12_Route1508_Weather2                8 windows (+0 cached)    1.74 s  [295/940]
2026-09-28 21:21:48,265 INFO HazardAtSideLane_Town12_Route1518_Weather15               7 windows (+0 cached)    1.26 s  [296/940]
2026-09-28 21:21:48,391 INFO HazardAtSideLane_Town12_Route1512_Weather7                8 windows (+0 cached)    1.69 s  [297/940]
2026-09-28 21:21:48,425 INFO HazardAtSideLane_Town12_Route1519_Weather8                8 windows (+0 cached)    1.36 s  [298/940]
2026-09-28 21:21:48,552 INFO HazardAtSideLane_Town12_Route1517_Weather14               8 windows (+0 cached)    1.61 s  [299/940]
2026-09-28 21:21:48,592 INFO HazardAtSideLane_Town12_Route1516_Weather13               8 windows (+0 cached)    1.72 s  [300/940]
2026-09-28 21:21:49,368 INFO HazardAtSideLane_Town12_Route1520_Weather9                8 windows (+0 cached)    1.81 s  [301/940]
2026-09-28 21:21:49,626 INFO HazardAtSideLane_Town12_Route1524_Weather21               7 windows (+0 cached)    1.36 s  [302/940]
2026-09-28 21:21:49,836 INFO HazardAtSideLane_Town12_Route1521_Weather18               8 windows (+0 cached)    1.73 s  [303/940]
2026-09-28 21:21:49,846 INFO HazardAtSideLane_Town12_Route1526_Weather23               8 windows (+0 cached)    1.42 s  [304/940]
2026-09-28 21:21:49,939 INFO HazardAtSideLane_Town12_Route1525_Weather22               7 windows (+0 cached)    1.55 s  [305/940]
2026-09-28 21:21:49,954 INFO HazardAtSideLane_Town12_Route1528_Weather0                7 windows (+0 cached)    1.36 s  [306/940]
2026-09-28 21:21:50,168 INFO HazardAtSideLane_Town12_Route1523_Weather20              10 windows (+0 cached)    1.96 s  [307/940]
2026-09-28 21:21:50,252 INFO HazardAtSideLane_Town12_Route1527_Weather25               8 windows (+0 cached)    1.70 s  [308/940]
2026-09-28 21:21:50,654 INFO HazardAtSideLane_Town12_Route1530_Weather2                7 windows (+0 cached)    1.29 s  [309/940]
2026-09-28 21:21:50,844 INFO HazardAtSideLane_Town12_Route1532_Weather5                7 windows (+0 cached)    1.22 s  [310/940]
2026-09-28 21:21:51,112 INFO HazardAtSideLane_Town12_Route1533_Weather6                7 windows (+0 cached)    1.27 s  [311/940]
2026-09-28 21:21:51,378 INFO HazardAtSideLane_Town12_Route1534_Weather7                8 windows (+0 cached)    1.53 s  [312/940]
2026-09-28 21:21:51,601 INFO HazardAtSideLane_Town12_Route1537_Weather12               7 windows (+0 cached)    1.43 s  [313/940]
2026-09-28 21:21:51,726 INFO HazardAtSideLane_Town12_Route1538_Weather13               7 windows (+0 cached)    1.47 s  [314/940]
2026-09-28 21:21:51,985 INFO HazardAtSideLane_Town12_Route1535_Weather10               9 windows (+0 cached)    2.05 s  [315/940]
2026-09-28 21:21:52,226 INFO HazardAtSideLane_Town12_Route777_Weather23                6 windows (+0 cached)    1.11 s  [316/940]
2026-09-28 21:21:52,307 INFO HazardAtSideLane_Town12_Route775_Weather12                7 windows (+0 cached)    1.46 s  [317/940]
2026-09-28 21:21:52,320 INFO HazardAtSideLane_Town12_Route774_Weather20                8 windows (+0 cached)    1.67 s  [318/940]
2026-09-28 21:21:52,955 INFO HazardAtSideLane_Town12_Route915_Weather7                 8 windows (+0 cached)    1.58 s  [319/940]
2026-09-28 21:21:53,123 INFO HighwayCutIn_Town06_Route298_Weather20                    4 windows (+0 cached)    0.80 s  [320/940]
2026-09-28 21:21:53,182 INFO HazardAtSideLane_Town12_Route960_Weather20                7 windows (+0 cached)    1.58 s  [321/940]
2026-09-28 21:21:53,259 INFO HazardAtSideLane_Town12_Route961_Weather25                7 windows (+0 cached)    1.53 s  [322/940]
2026-09-28 21:21:53,505 INFO HazardAtSideLane_Town12_Route1536_Weather11              20 windows (+0 cached)    3.55 s  [323/940]
2026-09-28 21:21:53,597 INFO HazardAtSideLane_Town15_Route420_Weather3                 7 windows (+0 cached)    1.37 s  [324/940]
2026-09-28 21:21:53,686 INFO HighwayCutIn_Town06_Route299_Weather13                    4 windows (+0 cached)    0.73 s  [325/940]
2026-09-28 21:21:53,701 INFO HazardAtSideLane_Town15_Route421_Weather5                 8 windows (+0 cached)    1.39 s  [326/940]
2026-09-28 21:21:53,747 INFO HighwayCutIn_Town06_Route300_Weather14                    3 windows (+0 cached)    0.62 s  [327/940]
2026-09-28 21:21:53,983 INFO HighwayCutIn_Town06_Route320_Weather8                     4 windows (+0 cached)    0.80 s  [328/940]
2026-09-28 21:21:54,080 INFO HighwayCutIn_Town06_Route321_Weather9                     4 windows (+0 cached)    0.82 s  [329/940]
2026-09-28 21:21:54,129 INFO HighwayCutIn_Town12_Route1006_Weather18                   2 windows (+0 cached)    0.44 s  [330/940]
2026-09-28 21:21:54,213 INFO HighwayCutIn_Town12_Route1005_Weather9                    4 windows (+0 cached)    0.62 s  [331/940]
2026-09-28 21:21:54,332 INFO HighwayCutIn_Town06_Route322_Weather10                    4 windows (+0 cached)    0.83 s  [332/940]
2026-09-28 21:21:54,333 INFO HighwayCutIn_Town12_Route1042_Weather2                    3 windows (+0 cached)    0.59 s  [333/940]
2026-09-28 21:21:54,477 INFO HighwayCutIn_Town12_Route1052_Weather12                   2 windows (+0 cached)    0.40 s  [334/940]
2026-09-28 21:21:54,507 INFO HighwayCutIn_Town12_Route849_Weather9                     2 windows (+0 cached)    0.38 s  [335/940]
2026-09-28 21:21:54,559 INFO HighwayCutIn_Town12_Route1029_Weather15                   4 windows (+0 cached)    0.86 s  [336/940]
2026-09-28 21:21:54,573 INFO HighwayCutIn_Town12_Route1047_Weather7                    3 windows (+0 cached)    0.59 s  [337/940]
2026-09-28 21:21:54,816 INFO HighwayCutIn_Town12_Route850_Weather18                    2 windows (+0 cached)    0.60 s  [338/940]
2026-09-28 21:21:54,941 INFO HighwayCutIn_Town12_Route851_Weather19                    3 windows (+0 cached)    0.61 s  [339/940]
2026-09-28 21:21:55,068 INFO HighwayCutIn_Town12_Route974_Weather12                    3 windows (+0 cached)    0.59 s  [340/940]
2026-09-28 21:21:55,155 INFO HighwayCutIn_Town13_Route630_Weather6                     3 windows (+0 cached)    0.58 s  [341/940]
2026-09-28 21:21:55,204 INFO HighwayCutIn_Town13_Route628_Weather3                     4 windows (+0 cached)    0.70 s  [342/940]
2026-09-28 21:21:55,361 INFO HighwayCutIn_Town12_Route940_Weather3                     5 windows (+0 cached)    1.03 s  [343/940]
2026-09-28 21:21:55,526 INFO HighwayCutIn_Town13_Route631_Weather7                     4 windows (+0 cached)    0.71 s  [344/940]
2026-09-28 21:21:55,592 INFO HighwayCutIn_Town13_Route745_Weather9                     2 windows (+0 cached)    0.39 s  [345/940]
2026-09-28 21:21:55,605 INFO HighwayCutIn_Town13_Route629_Weather5                     5 windows (+0 cached)    1.05 s  [346/940]
2026-09-28 21:21:55,695 INFO HighwayExit_Town06_Route291_Weather5                      0 windows (+3 cached)    0.10 s  [347/940]
2026-09-28 21:21:55,702 INFO HighwayCutIn_Town13_Route685_Weather9                     5 windows (+0 cached)    0.76 s  [348/940]
2026-09-28 21:21:55,733 INFO HighwayCutIn_Town13_Route734_Weather6                     3 windows (+0 cached)    0.58 s  [349/940]
2026-09-28 21:21:55,797 INFO HighwayCutIn_Town13_Route713_Weather11                    4 windows (+0 cached)    0.73 s  [350/940]
2026-09-28 21:21:56,262 INFO HighwayCutIn_Town13_Route751_Weather23                    4 windows (+0 cached)    0.74 s  [351/940]
2026-09-28 21:21:56,335 INFO HighwayCutIn_Town13_Route750_Weather22                    4 windows (+0 cached)    0.97 s  [352/940]
2026-09-28 21:21:56,481 INFO HazardAtSideLane_Town13_Route558_Weather12               22 windows (+0 cached)    4.50 s  [353/940]
2026-09-28 21:21:56,549 INFO HighwayExit_Town06_Route293_Weather15                     4 windows (+0 cached)    0.85 s  [354/940]
2026-09-28 21:21:56,647 INFO HighwayExit_Town06_Route312_Weather0                      4 windows (+0 cached)    0.91 s  [355/940]
2026-09-28 21:21:56,717 INFO HighwayExit_Town06_Route292_Weather14                     4 windows (+0 cached)    1.11 s  [356/940]
2026-09-28 21:21:56,728 INFO HighwayExit_Town06_Route313_Weather1                      5 windows (+0 cached)    0.93 s  [357/940]
2026-09-28 21:21:56,752 INFO HighwayExit_Town06_Route311_Weather25                     5 windows (+0 cached)    1.05 s  [358/940]
2026-09-28 21:21:57,122 INFO HighwayExit_Town12_Route1046_Weather6                     3 windows (+0 cached)    0.57 s  [359/940]
2026-09-28 21:21:57,204 INFO HighwayExit_Town12_Route1000_Weather12                    5 windows (+0 cached)    0.94 s  [360/940]
2026-09-28 21:21:57,286 INFO HighwayExit_Town12_Route1028_Weather14                    5 windows (+0 cached)    0.95 s  [361/940]
2026-09-28 21:21:57,355 INFO HighwayExit_Town12_Route1324_Weather0                     3 windows (+0 cached)    0.64 s  [362/940]
2026-09-28 21:21:57,488 INFO HighwayExit_Town12_Route1327_Weather3                     4 windows (+0 cached)    0.74 s  [363/940]
2026-09-28 21:21:57,537 INFO HighwayExit_Town12_Route1051_Weather11                    5 windows (+0 cached)    0.89 s  [364/940]
2026-09-28 21:21:57,610 INFO HighwayExit_Town12_Route1326_Weather2                     4 windows (+0 cached)    0.88 s  [365/940]
2026-09-28 21:21:57,638 INFO HighwayExit_Town12_Route1041_Weather1                     5 windows (+0 cached)    1.16 s  [366/940]
2026-09-28 21:21:57,783 INFO HighwayExit_Town12_Route838_Weather6                      3 windows (+0 cached)    0.58 s  [367/940]
2026-09-28 21:21:57,994 INFO HighwayExit_Town12_Route841_Weather9                      3 windows (+0 cached)    0.71 s  [368/940]
2026-09-28 21:21:58,019 INFO HighwayExit_Town12_Route1331_Weather10                    6 windows (+0 cached)    0.90 s  [369/940]
2026-09-28 21:21:58,297 INFO HighwayExit_Town12_Route937_Weather1                      4 windows (+0 cached)    0.94 s  [370/940]
2026-09-28 21:21:58,327 INFO HighwayExit_Town13_Route619_Weather21                     5 windows (+0 cached)    0.84 s  [371/940]
2026-09-28 21:21:58,585 INFO HighwayExit_Town13_Route620_Weather22                     5 windows (+0 cached)    1.05 s  [372/940]
2026-09-28 21:21:58,600 INFO HighwayExit_Town13_Route622_Weather23                     4 windows (+0 cached)    0.96 s  [373/940]
2026-09-28 21:21:58,694 INFO HighwayExit_Town13_Route621_Weather23                     5 windows (+0 cached)    1.08 s  [374/940]
2026-09-28 21:21:58,773 INFO HighwayExit_Town13_Route683_Weather7                      5 windows (+0 cached)    0.99 s  [375/940]
2026-09-28 21:21:58,861 INFO HighwayExit_Town13_Route705_Weather3                      5 windows (+0 cached)    0.84 s  [376/940]
2026-09-28 21:21:59,209 INFO HighwayExit_Town13_Route704_Weather2                      5 windows (+0 cached)    1.21 s  [377/940]
2026-09-28 21:21:59,312 INFO HighwayExit_Town13_Route706_Weather3                      5 windows (+0 cached)    1.01 s  [378/940]
2026-09-28 21:21:59,386 INFO HighwayExit_Town13_Route744_Weather8                      5 windows (+0 cached)    1.06 s  [379/940]
2026-09-28 21:21:59,432 INFO InterurbanActorFlow_Town06_Route294_Weather8              3 windows (+0 cached)    0.74 s  [380/940]
2026-09-28 21:21:59,625 INFO HighwayExit_Town13_Route748_Weather20                     4 windows (+0 cached)    1.04 s  [381/940]
2026-09-28 21:21:59,770 INFO InterurbanActorFlow_Town06_Route314_Weather2              4 windows (+0 cached)    1.00 s  [382/940]
2026-09-28 21:21:59,777 INFO HighwayExit_Town13_Route749_Weather21                     5 windows (+0 cached)    1.18 s  [383/940]
2026-09-28 21:21:59,854 INFO InterurbanActorFlow_Town06_Route315_Weather3              6 windows (+0 cached)    0.99 s  [384/940]
2026-09-28 21:21:59,878 INFO InterurbanActorFlow_Town12_Route1291_Weather1             3 windows (+0 cached)    0.57 s  [385/940]
2026-09-28 21:22:00,151 INFO InterurbanActorFlow_Town12_Route1292_Weather2             4 windows (+0 cached)    0.77 s  [386/940]
2026-09-28 21:22:00,190 INFO InterurbanActorFlow_Town12_Route1296_Weather7             4 windows (+0 cached)    0.76 s  [387/940]
2026-09-28 21:22:00,257 INFO InterurbanActorFlow_Town06_Route316_Weather3              5 windows (+0 cached)    1.05 s  [388/940]
2026-09-28 21:22:00,328 INFO InterurbanActorFlow_Town13_Route707_Weather5              2 windows (+0 cached)    0.45 s  [389/940]
2026-09-28 21:22:00,459 INFO InterurbanActorFlow_Town12_Route842_Weather10             4 windows (+0 cached)    0.83 s  [390/940]
2026-09-28 21:22:00,513 INFO InterurbanActorFlow_Town13_Route623_Weather25             4 windows (+0 cached)    0.66 s  [391/940]
2026-09-28 21:22:00,524 INFO InterurbanActorFlow_Town12_Route843_Weather11             4 windows (+0 cached)    0.75 s  [392/940]
2026-09-28 21:22:00,527 INFO InterurbanActorFlow_Town13_Route708_Weather6              2 windows (+0 cached)    0.38 s  [393/940]
2026-09-28 21:22:00,873 INFO InterurbanAdvancedActorFlow_Town06_Route325_Weather13     2 windows (+0 cached)    0.36 s  [394/940]
2026-09-28 21:22:00,903 INFO InterurbanAdvancedActorFlow_Town06_Route301_Weather15     4 windows (+0 cached)    0.71 s  [395/940]
2026-09-28 21:22:01,008 INFO InterurbanAdvancedActorFlow_Town06_Route331_Weather19     3 windows (+0 cached)    0.48 s  [396/940]
2026-09-28 21:22:01,062 INFO InterurbanAdvancedActorFlow_Town06_Route303_Weather22     4 windows (+0 cached)    0.73 s  [397/940]
2026-09-28 21:22:01,104 INFO InterurbanAdvancedActorFlow_Town06_Route330_Weather18     3 windows (+0 cached)    0.58 s  [398/940]
2026-09-28 21:22:01,206 INFO InterurbanAdvancedActorFlow_Town06_Route324_Weather2      4 windows (+0 cached)    0.75 s  [399/940]
2026-09-28 21:22:01,385 INFO InterurbanAdvancedActorFlow_Town12_Route1030_Weather8     3 windows (+0 cached)    0.51 s  [400/940]
2026-09-28 21:22:01,388 INFO InterurbanAdvancedActorFlow_Town06_Route302_Weather21     5 windows (+0 cached)    1.13 s  [401/940]
2026-09-28 21:22:01,482 INFO InterurbanActorFlow_Town12_Route938_Weather2              8 windows (+0 cached)    1.70 s  [402/940]
2026-09-28 21:22:01,549 INFO InterurbanAdvancedActorFlow_Town12_Route854_Weather22     3 windows (+0 cached)    0.54 s  [403/940]
2026-09-28 21:22:01,570 INFO InterurbanAdvancedActorFlow_Town12_Route1048_Weather8     3 windows (+0 cached)    0.67 s  [404/940]
2026-09-28 21:22:01,992 INFO InterurbanAdvancedActorFlow_Town13_Route715_Weather13     4 windows (+0 cached)    0.79 s  [405/940]
2026-09-28 21:22:02,035 INFO InvadingTurn_Town02_Route95_Weather9                      3 windows (+0 cached)    0.55 s  [406/940]
2026-09-28 21:22:02,038 INFO InterurbanAdvancedActorFlow_Town13_Route686_Weather10     5 windows (+0 cached)    0.93 s  [407/940]
2026-09-28 21:22:02,098 INFO InterurbanAdvancedActorFlow_Town13_Route634_Weather10     5 windows (+0 cached)    1.04 s  [408/940]
2026-09-28 21:22:02,112 INFO InterurbanAdvancedActorFlow_Town13_Route735_Weather7      4 windows (+0 cached)    0.73 s  [409/940]
2026-09-28 21:22:02,144 INFO InterurbanAdvancedActorFlow_Town13_Route753_Weather25     4 windows (+0 cached)    0.76 s  [410/940]
2026-09-28 21:22:02,282 INFO InvadingTurn_Town02_Route99_Weather21                     4 windows (+0 cached)    0.73 s  [411/940]
2026-09-28 21:22:02,337 INFO InvadingTurn_Town04_Route217_Weather9                     4 windows (+0 cached)    0.77 s  [412/940]
2026-09-28 21:22:02,943 INFO InvadingTurn_Town12_Route924_Weather14                    5 windows (+0 cached)    0.83 s  [413/940]
2026-09-28 21:22:03,024 INFO InvadingTurn_Town05_Route230_Weather22                    5 windows (+0 cached)    1.03 s  [414/940]
2026-09-28 21:22:03,064 INFO InvadingTurn_Town05_Route266_Weather6                     5 windows (+0 cached)    1.03 s  [415/940]
2026-09-28 21:22:03,139 INFO InvadingTurn_Town13_Route578_Weather6                     4 windows (+0 cached)    0.80 s  [416/940]
2026-09-28 21:22:03,171 INFO InvadingTurn_Town12_Route796_Weather8                     6 windows (+0 cached)    1.07 s  [417/940]
2026-09-28 21:22:03,188 INFO LaneChange_Town06_Route277_Weather9                       0 windows (+4 cached)    0.12 s  [418/940]
2026-09-28 21:22:03,223 INFO InvadingTurn_Town12_Route925_Weather15                    5 windows (+0 cached)    1.08 s  [419/940]
2026-09-28 21:22:03,357 INFO InvadingTurn_Town13_Route575_Weather3                     6 windows (+0 cached)    1.08 s  [420/940]
2026-09-28 21:22:03,920 INFO LaneChange_Town06_Route307_Weather21                      3 windows (+0 cached)    0.78 s  [421/940]
2026-09-28 21:22:03,980 INFO LaneChange_Town06_Route326_Weather3                       4 windows (+0 cached)    0.81 s  [422/940]
2026-09-28 21:22:04,032 INFO InvadingTurn_Town05_Route231_Weather23                   12 windows (+0 cached)    2.00 s  [423/940]
2026-09-28 21:22:04,202 INFO LaneChange_Town12_Route892_Weather8                       4 windows (+0 cached)    0.84 s  [424/940]
2026-09-28 21:22:04,229 INFO LaneChange_Town12_Route756_Weather2                       5 windows (+0 cached)    1.04 s  [425/940]
2026-09-28 21:22:04,239 INFO InvadingTurn_Town15_Route434_Weather18                    8 windows (+0 cached)    1.30 s  [426/940]
2026-09-28 21:22:04,292 INFO LaneChange_Town12_Route757_Weather10                      5 windows (+0 cached)    1.07 s  [427/940]
2026-09-28 21:22:04,301 INFO InvadingTurn_Town15_Route436_Weather20                    7 windows (+0 cached)    1.28 s  [428/940]
2026-09-28 21:22:04,735 INFO LaneChange_Town12_Route984_Weather22                      3 windows (+0 cached)    0.70 s  [429/940]
2026-09-28 21:22:04,826 INFO LaneChange_Town12_Route983_Weather5                       5 windows (+0 cached)    0.85 s  [430/940]
2026-09-28 21:22:05,050 INFO LaneChange_Town12_Route894_Weather10                      6 windows (+0 cached)    1.13 s  [431/940]
2026-09-28 21:22:05,246 INFO LaneChange_Town13_Route726_Weather21                      5 windows (+0 cached)    1.01 s  [432/940]
2026-09-28 21:22:05,406 INFO LaneChange_Town13_Route740_Weather0                       5 windows (+0 cached)    1.11 s  [433/940]
2026-09-28 21:22:05,475 INFO LaneChange_Town13_Route725_Weather23                      6 windows (+0 cached)    1.25 s  [434/940]
2026-09-28 21:22:05,523 INFO LaneChange_Town13_Route664_Weather14                      6 windows (+0 cached)    1.32 s  [435/940]
2026-09-28 21:22:05,610 INFO MergerIntoSlowTrafficV2_Town12_Route1009_Weather21        4 windows (+0 cached)    0.78 s  [436/940]
2026-09-28 21:22:05,810 INFO MergerIntoSlowTrafficV2_Town12_Route1010_Weather22        4 windows (+0 cached)    0.76 s  [437/940]
2026-09-28 21:22:05,876 INFO MergerIntoSlowTrafficV2_Town12_Route1031_Weather9         4 windows (+0 cached)    0.63 s  [438/940]
2026-09-28 21:22:06,050 INFO MergerIntoSlowTrafficV2_Town12_Route1053_Weather13        3 windows (+0 cached)    0.58 s  [439/940]
2026-09-28 21:22:06,146 INFO LaneChange_Town13_Route739_Weather25                     10 windows (+0 cached)    1.85 s  [440/940]
2026-09-28 21:22:06,194 INFO MergerIntoSlowTrafficV2_Town12_Route1043_Weather3         4 windows (+0 cached)    0.79 s  [441/940]
2026-09-28 21:22:06,257 INFO MergerIntoSlowTrafficV2_Town12_Route1056_Weather8         4 windows (+0 cached)    0.65 s  [442/940]
2026-09-28 21:22:06,303 INFO LaneChange_Town13_Route743_Weather3                       7 windows (+0 cached)    1.57 s  [443/940]
2026-09-28 21:22:06,318 INFO MergerIntoSlowTrafficV2_Town12_Route1055_Weather15        4 windows (+0 cached)    0.79 s  [444/940]
2026-09-28 21:22:06,624 INFO MergerIntoSlowTrafficV2_Town12_Route1058_Weather18        4 windows (+0 cached)    0.75 s  [445/940]
2026-09-28 21:22:06,651 INFO MergerIntoSlowTrafficV2_Town12_Route1057_Weather9         4 windows (+0 cached)    0.84 s  [446/940]
2026-09-28 21:22:06,752 INFO MergerIntoSlowTrafficV2_Town12_Route1059_Weather19        4 windows (+0 cached)    0.70 s  [447/940]
2026-09-28 21:22:06,820 INFO MergerIntoSlowTrafficV2_Town12_Route1060_Weather20        3 windows (+0 cached)    0.67 s  [448/940]
2026-09-28 21:22:06,966 INFO MergerIntoSlowTrafficV2_Town12_Route856_Weather23         4 windows (+0 cached)    0.77 s  [449/940]
2026-09-28 21:22:07,085 INFO MergerIntoSlowTrafficV2_Town12_Route858_Weather0          4 windows (+0 cached)    0.78 s  [450/940]
2026-09-28 21:22:07,134 INFO MergerIntoSlowTrafficV2_Town12_Route859_Weather1          4 windows (+0 cached)    0.82 s  [451/940]
2026-09-28 21:22:07,154 INFO MergerIntoSlowTrafficV2_Town12_Route857_Weather25         4 windows (+0 cached)    0.90 s  [452/940]
2026-09-28 21:22:07,231 INFO MergerIntoSlowTrafficV2_Town12_Route941_Weather5          4 windows (+0 cached)    0.61 s  [453/940]
2026-09-28 21:22:07,448 INFO MergerIntoSlowTrafficV2_Town12_Route976_Weather14         4 windows (+0 cached)    0.80 s  [454/940]
2026-09-28 21:22:07,717 INFO MergerIntoSlowTraffic_Town12_Route845_Weather13           3 windows (+0 cached)    0.56 s  [455/940]
2026-09-28 21:22:07,859 INFO MergerIntoSlowTraffic_Town12_Route1004_Weather8           4 windows (+0 cached)    0.77 s  [456/940]
2026-09-28 21:22:07,938 INFO MergerIntoSlowTraffic_Town12_Route973_Weather11           4 windows (+0 cached)    0.71 s  [457/940]
2026-09-28 21:22:07,958 INFO MergerIntoSlowTraffic_Town12_Route844_Weather12           4 windows (+0 cached)    0.82 s  [458/940]
2026-09-28 21:22:07,966 INFO MergerIntoSlowTraffic_Town12_Route1003_Weather8           5 windows (+0 cached)    1.00 s  [459/940]
2026-09-28 21:22:07,989 INFO MergerIntoSlowTraffic_Town06_Route317_Weather5            5 windows (+0 cached)    1.17 s  [460/940]
2026-09-28 21:22:07,989 ERROR NonSignalizedJunctionLeftTurnEnterFlow_Town12_Route949_Weather13 FAILED: ValueError: NonSignalizedJunctionLeftTurnEnterFlow_Town12_Route949_Weather13: 67 frames, need >= 80
2026-09-28 21:22:08,118 INFO MergerIntoSlowTraffic_Town13_Route627_Weather3            2 windows (+0 cached)    0.40 s  [462/940]
2026-09-28 21:22:08,253 INFO MergerIntoSlowTrafficV2_Town15_Route525_Weather5          8 windows (+0 cached)    1.50 s  [463/940]
2026-09-28 21:22:08,389 INFO NonSignalizedJunctionLeftTurnEnterFlow_Town12_Route1022_Weather8   3 windows (+0 cached)    0.53 s  [464/940]
2026-09-28 21:22:08,395 INFO NonSignalizedJunctionLeftTurnEnterFlow_Town12_Route1035_Weather21   3 windows (+0 cached)    0.46 s  [465/940]
2026-09-28 21:22:08,517 INFO MergerIntoSlowTraffic_Town13_Route626_Weather2            6 windows (+0 cached)    1.07 s  [466/940]
2026-09-28 21:22:08,588 INFO NonSignalizedJunctionLeftTurnEnterFlow_Town12_Route891_Weather7   3 windows (+0 cached)    0.62 s  [467/940]
2026-09-28 21:22:08,593 INFO NonSignalizedJunctionLeftTurnEnterFlow_Town12_Route888_Weather3   3 windows (+0 cached)    0.63 s  [468/940]
2026-09-28 21:22:08,740 INFO NonSignalizedJunctionLeftTurnEnterFlow_Town13_Route660_Weather10   4 windows (+0 cached)    0.62 s  [469/940]
2026-09-28 21:22:08,778 INFO NonSignalizedJunctionLeftTurnEnterFlow_Town12_Route982_Weather20   4 windows (+0 cached)    0.79 s  [470/940]
2026-09-28 21:22:08,933 INFO NonSignalizedJunctionLeftTurnEnterFlow_Town15_Route499_Weather5   1 windows (+0 cached)    0.19 s  [471/940]
2026-09-28 21:22:08,986 INFO NonSignalizedJunctionLeftTurnEnterFlow_Town13_Route723_Weather21   3 windows (+0 cached)    0.59 s  [472/940]
2026-09-28 21:22:09,191 INFO NonSignalizedJunctionLeftTurnEnterFlow_Town13_Route724_Weather22   3 windows (+0 cached)    0.67 s  [473/940]
2026-09-28 21:22:09,236 INFO NonSignalizedJunctionLeftTurnEnterFlow_Town15_Route460_Weather18   3 windows (+0 cached)    0.64 s  [474/940]
2026-09-28 21:22:09,310 INFO NonSignalizedJunctionLeftTurnEnterFlow_Town15_Route532_Weather12   2 windows (+0 cached)    0.38 s  [475/940]
2026-09-28 21:22:09,331 INFO NonSignalizedJunctionLeftTurnEnterFlow_Town15_Route512_Weather18   2 windows (+0 cached)    0.55 s  [476/940]
2026-09-28 21:22:09,350 INFO NonSignalizedJunctionLeftTurnEnterFlow_Town15_Route533_Weather13   2 windows (+0 cached)    0.36 s  [477/940]
2026-09-28 21:22:09,363 INFO NonSignalizedJunctionLeftTurn_Town03_Route122_Weather26   0 windows (+5 cached)    0.13 s  [478/940]
2026-09-28 21:22:09,369 INFO NonSignalizedJunctionLeftTurnEnterFlow_Town13_Route722_Weather20   4 windows (+0 cached)    0.98 s  [479/940]
2026-09-28 21:22:09,509 INFO NonSignalizedJunctionLeftTurnEnterFlow_Town13_Route661_Weather11   6 windows (+0 cached)    1.25 s  [480/940]
2026-09-28 21:22:09,511 INFO NonSignalizedJunctionLeftTurnEnterFlow_Town13_Route738_Weather10   4 windows (+0 cached)    0.92 s  [481/940]
2026-09-28 21:22:09,584 INFO NonSignalizedJunctionLeftTurnEnterFlow_Town15_Route537_Weather9   2 windows (+0 cached)    0.39 s  [482/940]
2026-09-28 21:22:10,185 INFO NonSignalizedJunctionLeftTurn_Town03_Route123_Weather26   5 windows (+0 cached)    0.87 s  [483/940]
2026-09-28 21:22:10,410 INFO NonSignalizedJunctionLeftTurn_Town03_Route124_Weather26   5 windows (+0 cached)    1.08 s  [484/940]
2026-09-28 21:22:10,465 INFO NonSignalizedJunctionLeftTurn_Town05_Route238_Weather26   5 windows (+0 cached)    0.88 s  [485/940]
2026-09-28 21:22:10,664 INFO NonSignalizedJunctionLeftTurn_Town03_Route153_Weather26   8 windows (+0 cached)    1.31 s  [486/940]
2026-09-28 21:22:10,888 INFO NonSignalizedJunctionLeftTurn_Town07_Route342_Weather3    2 windows (+0 cached)    0.42 s  [487/940]
2026-09-28 21:22:11,101 INFO NonSignalizedJunctionLeftTurn_Town04_Route212_Weather26   8 windows (+0 cached)    1.59 s  [488/940]
2026-09-28 21:22:11,333 INFO NonSignalizedJunctionLeftTurn_Town07_Route344_Weather6    3 windows (+0 cached)    0.67 s  [489/940]
2026-09-28 21:22:11,895 INFO NonSignalizedJunctionLeftTurn_Town12_Route1350_Weather0   4 windows (+0 cached)    0.79 s  [490/940]
2026-09-28 21:22:11,996 INFO NonSignalizedJunctionLeftTurn_Town04_Route182_Weather26  12 windows (+0 cached)    2.63 s  [491/940]
2026-09-28 21:22:12,113 INFO NonSignalizedJunctionLeftTurn_Town12_Route1351_Weather1   4 windows (+0 cached)    0.78 s  [492/940]
2026-09-28 21:22:12,788 INFO NonSignalizedJunctionLeftTurn_Town12_Route1352_Weather2   4 windows (+0 cached)    0.89 s  [493/940]
2026-09-28 21:22:12,812 INFO NonSignalizedJunctionLeftTurn_Town05_Route240_Weather26   9 windows (+0 cached)    2.40 s  [494/940]
2026-09-28 21:22:12,890 INFO NonSignalizedJunctionLeftTurn_Town07_Route369_Weather18   7 windows (+0 cached)    2.00 s  [495/940]
2026-09-28 21:22:12,904 INFO NonSignalizedJunctionLeftTurn_Town12_Route1355_Weather6   4 windows (+0 cached)    0.79 s  [496/940]
2026-09-28 21:22:13,541 INFO NonSignalizedJunctionLeftTurn_Town12_Route1359_Weather12   3 windows (+0 cached)    0.64 s  [497/940]
2026-09-28 21:22:13,556 INFO NonSignalizedJunctionLeftTurn_Town12_Route1357_Weather10   4 windows (+0 cached)    0.74 s  [498/940]
2026-09-28 21:22:13,575 INFO NonSignalizedJunctionLeftTurn_Town12_Route1358_Weather11   4 windows (+0 cached)    0.69 s  [499/940]
2026-09-28 21:22:13,657 INFO NonSignalizedJunctionLeftTurn_Town12_Route1356_Weather7   4 windows (+0 cached)    0.87 s  [500/940]
2026-09-28 21:22:14,091 INFO NonSignalizedJunctionLeftTurn_Town05_Route239_Weather26  20 windows (+0 cached)    3.91 s  [501/940]
2026-09-28 21:22:14,098 INFO NonSignalizedJunctionLeftTurn_Town12_Route1361_Weather14   3 windows (+0 cached)    0.56 s  [502/940]
2026-09-28 21:22:14,240 INFO NonSignalizedJunctionLeftTurn_Town12_Route1363_Weather8   4 windows (+0 cached)    0.66 s  [503/940]
2026-09-28 21:22:14,365 INFO NonSignalizedJunctionLeftTurn_Town04_Route183_Weather1   27 windows (+0 cached)    4.86 s  [504/940]
2026-09-28 21:22:14,660 INFO NonSignalizedJunctionLeftTurn_Town12_Route810_Weather10   4 windows (+0 cached)    1.00 s  [505/940]
2026-09-28 21:22:14,744 INFO NonSignalizedJunctionLeftTurn_Town12_Route812_Weather12   4 windows (+0 cached)    0.65 s  [506/940]
2026-09-28 21:22:14,797 INFO NonSignalizedJunctionLeftTurn_Town12_Route1362_Weather15   6 windows (+0 cached)    1.24 s  [507/940]
2026-09-28 21:22:14,870 INFO NonSignalizedJunctionLeftTurn_Town12_Route966_Weather3    3 windows (+0 cached)    0.51 s  [508/940]
2026-09-28 21:22:14,879 INFO NonSignalizedJunctionLeftTurn_Town12_Route813_Weather26   4 windows (+0 cached)    0.78 s  [509/940]
2026-09-28 21:22:14,953 INFO NonSignalizedJunctionLeftTurn_Town12_Route930_Weather20   3 windows (+0 cached)    0.71 s  [510/940]
2026-09-28 21:22:15,339 INFO NonSignalizedJunctionLeftTurn_Town13_Route594_Weather26   3 windows (+0 cached)    0.54 s  [511/940]
2026-09-28 21:22:15,395 INFO NonSignalizedJunctionLeftTurn_Town13_Route592_Weather26   4 windows (+0 cached)    0.73 s  [512/940]
2026-09-28 21:22:15,623 INFO NonSignalizedJunctionRightTurn_Town04_Route184_Weather2   4 windows (+0 cached)    0.74 s  [513/940]
2026-09-28 21:22:15,904 INFO NonSignalizedJunctionLeftTurn_Town13_Route593_Weather26   6 windows (+0 cached)    1.16 s  [514/940]
2026-09-28 21:22:15,925 INFO NonSignalizedJunctionLeftTurn_Town12_Route1353_Weather3  19 windows (+0 cached)    3.93 s  [515/940]
2026-09-28 21:22:15,931 INFO NonSignalizedJunctionRightTurn_Town03_Route126_Weather18   5 windows (+0 cached)    1.06 s  [516/940]
2026-09-28 21:22:16,156 INFO NonSignalizedJunctionRightTurn_Town12_Route1024_Weather10   3 windows (+0 cached)    0.53 s  [517/940]
2026-09-28 21:22:16,253 INFO NonSignalizedJunctionRightTurn_Town07_Route345_Weather14   4 windows (+0 cached)    0.91 s  [518/940]
2026-09-28 21:22:16,518 INFO NonSignalizedJunctionRightTurn_Town12_Route815_Weather9   3 windows (+0 cached)    0.61 s  [519/940]
2026-09-28 21:22:16,553 INFO NonSignalizedJunctionRightTurn_Town04_Route185_Weather9   8 windows (+0 cached)    1.60 s  [520/940]
2026-09-28 21:22:16,670 INFO NonSignalizedJunctionRightTurn_Town12_Route817_Weather11   4 windows (+0 cached)    0.74 s  [521/940]
2026-09-28 21:22:16,691 INFO NonSignalizedJunctionRightTurn_Town07_Route346_Weather15   6 windows (+0 cached)    1.30 s  [522/940]
2026-09-28 21:22:16,704 INFO NonSignalizedJunctionRightTurn_Town12_Route931_Weather21   3 windows (+0 cached)    0.55 s  [523/940]
2026-09-28 21:22:17,047 INFO NonSignalizedJunctionRightTurn_Town12_Route967_Weather25   4 windows (+0 cached)    0.79 s  [524/940]
2026-09-28 21:22:17,081 INFO NonSignalizedJunctionRightTurn_Town13_Route598_Weather0   2 windows (+0 cached)    0.41 s  [525/940]
2026-09-28 21:22:17,117 INFO NonSignalizedJunctionRightTurn_Town12_Route816_Weather15   6 windows (+0 cached)    1.19 s  [526/940]
2026-09-28 21:22:17,118 INFO NonSignalizedJunctionRightTurn_Town13_Route596_Weather23   3 windows (+0 cached)    0.57 s  [527/940]
2026-09-28 21:22:17,235 INFO OppositeVehicleRunningRedLight_Town03_Route120_Weather8   3 windows (+0 cached)    0.53 s  [528/940]
2026-09-28 21:22:17,288 INFO NonSignalizedJunctionRightTurn_Town13_Route595_Weather11   4 windows (+0 cached)    0.77 s  [529/940]
2026-09-28 21:22:17,348 INFO OppositeVehicleRunningRedLight_Town03_Route119_Weather12   3 windows (+0 cached)    0.66 s  [530/940]
2026-09-28 21:22:17,788 INFO OppositeVehicleRunningRedLight_Town04_Route179_Weather14   4 windows (+0 cached)    0.67 s  [531/940]
2026-09-28 21:22:17,823 INFO OppositeVehicleRunningRedLight_Town03_Route152_Weather22   5 windows (+0 cached)    0.74 s  [532/940]
2026-09-28 21:22:17,986 INFO OppositeVehicleRunningRedLight_Town04_Route180_Weather23   4 windows (+0 cached)    0.75 s  [533/940]
2026-09-28 21:22:18,138 INFO NonSignalizedJunctionLeftTurn_Town04_Route181_Weather15  48 windows (+0 cached)    8.78 s  [534/940]
2026-09-28 21:22:18,212 INFO OppositeVehicleRunningRedLight_Town04_Route178_Weather22   6 windows (+0 cached)    1.10 s  [535/940]
2026-09-28 21:22:18,226 INFO OppositeVehicleRunningRedLight_Town05_Route236_Weather10   4 windows (+0 cached)    0.88 s  [536/940]
2026-09-28 21:22:18,478 INFO OppositeVehicleRunningRedLight_Town07_Route368_Weather3   3 windows (+0 cached)    0.65 s  [537/940]
2026-09-28 21:22:18,575 INFO OppositeVehicleRunningRedLight_Town12_Route807_Weather1   3 windows (+0 cached)    0.59 s  [538/940]
2026-09-28 21:22:18,758 INFO OppositeVehicleRunningRedLight_Town05_Route268_Weather8   5 windows (+0 cached)    0.97 s  [539/940]
2026-09-28 21:22:18,847 INFO OppositeVehicleRunningRedLight_Town12_Route809_Weather3   4 windows (+0 cached)    0.71 s  [540/940]
2026-09-28 21:22:19,003 INFO OppositeVehicleRunningRedLight_Town12_Route990_Weather2   4 windows (+0 cached)    0.78 s  [541/940]
2026-09-28 21:22:19,027 INFO OppositeVehicleRunningRedLight_Town12_Route929_Weather19   4 windows (+0 cached)    0.81 s  [542/940]
2026-09-28 21:22:19,181 INFO OppositeVehicleRunningRedLight_Town13_Route587_Weather15   3 windows (+0 cached)    0.61 s  [543/940]
2026-09-28 21:22:19,184 INFO OppositeVehicleRunningRedLight_Town12_Route991_Weather3   4 windows (+0 cached)    0.71 s  [544/940]
2026-09-28 21:22:19,254 INFO OppositeVehicleRunningRedLight_Town03_Route121_Weather13  12 windows (+0 cached)    2.21 s  [545/940]
2026-09-28 21:22:19,376 INFO OppositeVehicleRunningRedLight_Town13_Route590_Weather18   3 windows (+0 cached)    0.53 s  [546/940]
2026-09-28 21:22:19,491 INFO OppositeVehicleRunningRedLight_Town13_Route588_Weather8   4 windows (+0 cached)    0.73 s  [547/940]
2026-09-28 21:22:19,717 INFO OppositeVehicleRunningRedLight_Town15_Route440_Weather23   4 windows (+0 cached)    0.71 s  [548/940]
2026-09-28 21:22:19,830 INFO OppositeVehicleRunningRedLight_Town05_Route235_Weather1  14 windows (+0 cached)    2.54 s  [549/940]
2026-09-28 21:22:19,885 INFO OppositeVehicleTakingPriority_Town03_Route128_Weather23   5 windows (+0 cached)    0.70 s  [550/940]
2026-09-28 21:22:19,907 INFO OppositeVehicleRunningRedLight_Town15_Route475_Weather7   4 windows (+0 cached)    0.88 s  [551/940]
2026-09-28 21:22:20,363 INFO OppositeVehicleTakingPriority_Town04_Route214_Weather6    3 windows (+0 cached)    0.65 s  [552/940]
2026-09-28 21:22:20,385 INFO OppositeVehicleTakingPriority_Town04_Route189_Weather7    5 windows (+0 cached)    0.90 s  [553/940]
2026-09-28 21:22:20,451 INFO OppositeVehicleTakingPriority_Town03_Route155_Weather25   7 windows (+0 cached)    1.27 s  [554/940]
2026-09-28 21:22:20,894 INFO OppositeVehicleTakingPriority_Town05_Route242_Weather15   5 windows (+0 cached)    1.01 s  [555/940]
2026-09-28 21:22:20,900 INFO OppositeVehicleTakingPriority_Town05_Route243_Weather9    5 windows (+0 cached)    0.99 s  [556/940]
2026-09-28 21:22:20,961 INFO OppositeVehicleTakingPriority_Town12_Route1025_Weather11   3 windows (+0 cached)    0.58 s  [557/940]
2026-09-28 21:22:21,184 INFO OppositeVehicleTakingPriority_Town12_Route1038_Weather23   4 windows (+0 cached)    0.73 s  [558/940]
2026-09-28 21:22:21,347 INFO OppositeVehicleTakingPriority_Town05_Route241_Weather7    7 windows (+0 cached)    1.52 s  [559/940]
2026-09-28 21:22:21,652 INFO OppositeVehicleTakingPriority_Town12_Route818_Weather12   4 windows (+0 cached)    0.76 s  [560/940]
2026-09-28 21:22:21,682 INFO OppositeVehicleTakingPriority_Town12_Route820_Weather14   4 windows (+0 cached)    0.78 s  [561/940]
2026-09-28 21:22:21,698 INFO OppositeVehicleTakingPriority_Town05_Route270_Weather6    7 windows (+0 cached)    1.33 s  [562/940]
2026-09-28 21:22:21,794 INFO OppositeVehicleTakingPriority_Town12_Route932_Weather22   4 windows (+0 cached)    0.83 s  [563/940]
2026-09-28 21:22:21,914 INFO OppositeVehicleTakingPriority_Town12_Route968_Weather6    4 windows (+0 cached)    0.73 s  [564/940]
2026-09-28 21:22:22,177 INFO OppositeVehicleTakingPriority_Town12_Route994_Weather6    4 windows (+0 cached)    0.83 s  [565/940]
2026-09-28 21:22:22,235 INFO OppositeVehicleTakingPriority_Town13_Route600_Weather2    3 windows (+0 cached)    0.55 s  [566/940]
2026-09-28 21:22:22,406 INFO OppositeVehicleTakingPriority_Town12_Route995_Weather7    4 windows (+0 cached)    0.75 s  [567/940]
2026-09-28 21:22:22,522 INFO OppositeVehicleTakingPriority_Town13_Route601_Weather3    4 windows (+0 cached)    0.82 s  [568/940]
2026-09-28 21:22:22,965 INFO OppositeVehicleTakingPriority_Town15_Route477_Weather9    6 windows (+0 cached)    1.17 s  [569/940]
2026-09-28 21:22:24,476 INFO ParkedObstacleTwoWays_Town12_Route1158_Weather14         14 windows (+0 cached)    2.56 s  [570/940]
2026-09-28 21:22:24,566 INFO OppositeVehicleTakingPriority_Town04_Route187_Weather5   28 windows (+0 cached)    5.31 s  [571/940]
2026-09-28 21:22:24,759 INFO OppositeVehicleTakingPriority_Town04_Route188_Weather6   28 windows (+0 cached)    5.38 s  [572/940]
2026-09-28 21:22:24,856 INFO ParkedObstacleTwoWays_Town12_Route1161_Weather9          14 windows (+0 cached)    2.62 s  [573/940]
2026-09-28 21:22:24,981 INFO ParkedObstacleTwoWays_Town12_Route1159_Weather23         14 windows (+0 cached)    2.80 s  [574/940]
2026-09-28 21:22:25,066 INFO ParkedObstacleTwoWays_Town12_Route1163_Weather19         14 windows (+0 cached)    2.66 s  [575/940]
2026-09-28 21:22:25,390 INFO ParkedObstacleTwoWays_Town12_Route1164_Weather20         14 windows (+0 cached)    2.87 s  [576/940]
2026-09-28 21:22:25,523 INFO ParkedObstacleTwoWays_Town12_Route1165_Weather21         13 windows (+0 cached)    2.56 s  [577/940]
2026-09-28 21:22:26,927 INFO ParkedObstacleTwoWays_Town12_Route1169_Weather25         10 windows (+0 cached)    2.07 s  [578/940]
2026-09-28 21:22:27,066 INFO ParkedObstacleTwoWays_Town12_Route1166_Weather22         14 windows (+0 cached)    2.59 s  [579/940]
2026-09-28 21:22:27,290 INFO ParkedObstacleTwoWays_Town12_Route1168_Weather23         13 windows (+0 cached)    2.52 s  [580/940]
2026-09-28 21:22:27,404 INFO ParkedObstacleTwoWays_Town12_Route1167_Weather23         16 windows (+0 cached)    2.83 s  [581/940]
2026-09-28 21:22:28,052 INFO ParkedObstacleTwoWays_Town12_Route1173_Weather3          14 windows (+0 cached)    2.66 s  [582/940]
2026-09-28 21:22:28,094 INFO ParkedObstacleTwoWays_Town12_Route1172_Weather2          14 windows (+0 cached)    3.03 s  [583/940]
2026-09-28 21:22:28,191 INFO ParkedObstacleTwoWays_Town12_Route1171_Weather1          16 windows (+0 cached)    3.20 s  [584/940]
2026-09-28 21:22:28,370 INFO ParkedObstacleTwoWays_Town12_Route1174_Weather3          14 windows (+0 cached)    2.85 s  [585/940]
2026-09-28 21:22:29,962 INFO ParkedObstacleTwoWays_Town12_Route1175_Weather5          14 windows (+0 cached)    3.04 s  [586/940]
2026-09-28 21:22:30,211 INFO ParkedObstacleTwoWays_Town12_Route1182_Weather12         14 windows (+0 cached)    2.81 s  [587/940]
2026-09-28 21:22:30,354 INFO ParkedObstacleTwoWays_Town12_Route1178_Weather8          15 windows (+0 cached)    3.29 s  [588/940]
2026-09-28 21:22:31,057 INFO ParkedObstacleTwoWays_Town13_Route1335_Weather26         13 windows (+0 cached)    2.69 s  [589/940]
2026-09-28 21:22:31,319 INFO ParkedObstacleTwoWays_Town13_Route1333_Weather26         14 windows (+0 cached)    3.22 s  [590/940]
2026-09-28 21:22:31,406 INFO ParkedObstacleTwoWays_Town13_Route1334_Weather26         15 windows (+0 cached)    3.22 s  [591/940]
2026-09-28 21:22:31,676 INFO ParkedObstacle_Town03_Route103_Weather25                  7 windows (+0 cached)    1.46 s  [592/940]
2026-09-28 21:22:31,814 INFO ParkedObstacle_Town03_Route147_Weather0                   7 windows (+0 cached)    1.46 s  [593/940]
2026-09-28 21:22:31,981 INFO ParkedObstacleTwoWays_Town12_Route1181_Weather11         23 windows (+0 cached)    4.69 s  [594/940]
2026-09-28 21:22:32,497 INFO ParkedObstacle_Town03_Route157_Weather1                   7 windows (+0 cached)    1.44 s  [595/940]
2026-09-28 21:22:32,591 INFO ParkedObstacleTwoWays_Town12_Route1183_Weather7          21 windows (+0 cached)    4.54 s  [596/940]
2026-09-28 21:22:32,854 INFO ParkedObstacle_Town04_Route162_Weather6                   7 windows (+0 cached)    1.54 s  [597/940]
2026-09-28 21:22:33,336 INFO ParkedObstacle_Town05_Route262_Weather1                   7 windows (+0 cached)    1.52 s  [598/940]
2026-09-28 21:22:33,424 INFO ParkedObstacle_Town05_Route221_Weather13                  8 windows (+0 cached)    1.75 s  [599/940]
2026-09-28 21:22:33,501 INFO ParkedObstacle_Town05_Route273_Weather7                   7 windows (+0 cached)    1.52 s  [600/940]
2026-09-28 21:22:33,983 INFO ParkedObstacle_Town06_Route282_Weather22                  7 windows (+0 cached)    1.39 s  [601/940]
2026-09-28 21:22:34,214 INFO ParkedObstacle_Town06_Route309_Weather23                  7 windows (+0 cached)    1.36 s  [602/940]
2026-09-28 21:22:34,258 INFO ParkedObstacle_Town06_Route281_Weather21                  9 windows (+0 cached)    1.76 s  [603/940]
2026-09-28 21:22:34,432 INFO ParkedObstacle_Town06_Route328_Weather8                   6 windows (+0 cached)    1.10 s  [604/940]
2026-09-28 21:22:34,463 INFO ParkedObstacleTwoWays_Town13_Route1336_Weather26         21 windows (+0 cached)    4.50 s  [605/940]
2026-09-28 21:22:34,514 INFO ParkedObstacle_Town10HD_Route371_Weather7                 5 windows (+0 cached)    1.09 s  [606/940]
2026-09-28 21:22:34,687 INFO ParkedObstacle_Town10HD_Route372_Weather8                 5 windows (+0 cached)    1.19 s  [607/940]
2026-09-28 21:22:35,367 INFO ParkedObstacle_Town11_Route395_Weather5                   7 windows (+0 cached)    1.38 s  [608/940]
2026-09-28 21:22:35,732 INFO ParkedObstacle_Town05_Route220_Weather12                 21 windows (+0 cached)    4.33 s  [609/940]
2026-09-28 21:22:35,749 INFO ParkedObstacle_Town12_Route771_Weather9                   8 windows (+0 cached)    1.49 s  [610/940]
2026-09-28 21:22:35,795 INFO ParkedObstacle_Town12_Route772_Weather11                  7 windows (+0 cached)    1.36 s  [611/940]
2026-09-28 21:22:36,088 INFO ParkedObstacle_Town12_Route770_Weather8                   9 windows (+0 cached)    1.88 s  [612/940]
2026-09-28 21:22:36,175 INFO ParkedObstacle_Town12_Route773_Weather19                  8 windows (+0 cached)    1.72 s  [613/940]
2026-09-28 21:22:36,393 INFO ParkedObstacle_Town12_Route959_Weather23                  8 windows (+0 cached)    1.71 s  [614/940]
2026-09-28 21:22:37,219 INFO ParkedObstacle_Town12_Route958_Weather22                 13 windows (+0 cached)    2.70 s  [615/940]
2026-09-28 21:22:37,336 INFO ParkedObstacle_Town13_Route556_Weather10                  7 windows (+0 cached)    1.54 s  [616/940]
2026-09-28 21:22:37,461 INFO ParkedObstacle_Town13_Route554_Weather12                  8 windows (+0 cached)    1.73 s  [617/940]
2026-09-28 21:22:37,677 INFO ParkedObstacle_Town15_Route415_Weather25                  7 windows (+0 cached)    1.59 s  [618/940]
2026-09-28 21:22:37,919 INFO ParkedObstacle_Town15_Route417_Weather1                   7 windows (+0 cached)    1.74 s  [619/940]
2026-09-28 21:22:38,039 INFO ParkedObstacle_Town15_Route418_Weather2                   7 windows (+0 cached)    1.65 s  [620/940]
2026-09-28 21:22:38,689 INFO ParkingCrossingPedestrian_Town12_Route760_Weather6        6 windows (+0 cached)    1.23 s  [621/940]
2026-09-28 21:22:38,793 INFO ParkingCrossingPedestrian_Town12_Route759_Weather5        7 windows (+0 cached)    1.46 s  [622/940]
2026-09-28 21:22:39,118 INFO ParkingCrossingPedestrian_Town12_Route761_Weather7        7 windows (+0 cached)    1.44 s  [623/940]
2026-09-28 21:22:39,361 INFO ParkingCrossingPedestrian_Town12_Route896_Weather12       7 windows (+0 cached)    1.44 s  [624/940]
2026-09-28 21:22:39,919 INFO ParkedObstacle_Town13_Route553_Weather11                 21 windows (+0 cached)    4.55 s  [625/940]
2026-09-28 21:22:40,320 INFO ParkingCrossingPedestrian_Town12_Route898_Weather14       7 windows (+0 cached)    1.63 s  [626/940]
2026-09-28 21:22:40,374 INFO ParkingCrossingPedestrian_Town12_Route899_Weather15       8 windows (+0 cached)    1.58 s  [627/940]
2026-09-28 21:22:40,778 INFO ParkingCrossingPedestrian_Town12_Route952_Weather8        7 windows (+0 cached)    1.66 s  [628/940]
2026-09-28 21:22:40,864 INFO ParkingCrossingPedestrian_Town12_Route953_Weather9        7 windows (+0 cached)    1.50 s  [629/940]
2026-09-28 21:22:41,371 INFO ParkingCrossingPedestrian_Town13_Route545_Weather25       7 windows (+0 cached)    1.45 s  [630/940]
2026-09-28 21:22:41,676 INFO ParkingCrossingPedestrian_Town12_Route758_Weather3       21 windows (+0 cached)    4.46 s  [631/940]
2026-09-28 21:22:41,685 INFO ParkedObstacle_Town13_Route555_Weather9                  30 windows (+0 cached)    5.94 s  [632/940]
2026-09-28 21:22:42,283 INFO ParkingCrossingPedestrian_Town13_Route728_Weather0        7 windows (+0 cached)    1.40 s  [633/940]
2026-09-28 21:22:42,554 INFO ParkingCrossingPedestrian_Town13_Route727_Weather25       8 windows (+0 cached)    1.78 s  [634/940]
2026-09-28 21:22:42,559 INFO ParkingCrossingPedestrian_Town13_Route668_Weather18      11 windows (+0 cached)    2.24 s  [635/940]
2026-09-28 21:22:43,074 INFO ParkingCrossingPedestrian_Town15_Route403_Weather13       8 windows (+0 cached)    1.70 s  [636/940]
2026-09-28 21:22:43,326 INFO ParkingCrossingPedestrian_Town15_Route405_Weather15       7 windows (+0 cached)    1.65 s  [637/940]
2026-09-28 21:22:43,972 INFO ParkingCrossingPedestrian_Town12_Route897_Weather13      29 windows (+0 cached)    5.93 s  [638/940]
2026-09-28 21:22:44,171 INFO ParkingCutIn_Town12_Route1300_Weather13                   7 windows (+0 cached)    1.61 s  [639/940]
2026-09-28 21:22:44,242 INFO ParkingCrossingPedestrian_Town15_Route462_Weather20      12 windows (+0 cached)    2.56 s  [640/940]
2026-09-28 21:22:44,506 INFO ParkingCrossingPedestrian_Town15_Route514_Weather0        8 windows (+0 cached)    1.95 s  [641/940]
2026-09-28 21:22:44,945 INFO ParkingCutIn_Town12_Route1301_Weather14                   8 windows (+0 cached)    1.87 s  [642/940]
2026-09-28 21:22:44,964 INFO ParkingCrossingPedestrian_Town13_Route669_Weather19      21 windows (+0 cached)    4.59 s  [643/940]
2026-09-28 21:22:45,276 INFO ParkingCutIn_Town12_Route1302_Weather15                   8 windows (+0 cached)    1.95 s  [644/940]
2026-09-28 21:22:45,514 INFO ParkingCutIn_Town12_Route1303_Weather8                    7 windows (+0 cached)    1.54 s  [645/940]
2026-09-28 21:22:45,746 INFO ParkingCutIn_Town12_Route1304_Weather9                    7 windows (+0 cached)    1.57 s  [646/940]
2026-09-28 21:22:45,822 INFO ParkingCutIn_Town12_Route1310_Weather0                    7 windows (+0 cached)    1.58 s  [647/940]
2026-09-28 21:22:46,159 INFO ParkingCutIn_Town12_Route1311_Weather1                    8 windows (+0 cached)    1.66 s  [648/940]
2026-09-28 21:22:46,440 INFO ParkingCutIn_Town12_Route1313_Weather3                    7 windows (+0 cached)    1.47 s  [649/940]
2026-09-28 21:22:46,501 INFO ParkingCutIn_Town12_Route1312_Weather2                    8 windows (+0 cached)    1.55 s  [650/940]
2026-09-28 21:22:46,825 INFO ParkingCutIn_Town12_Route1314_Weather5                    7 windows (+0 cached)    1.55 s  [651/940]
2026-09-28 21:22:47,149 INFO ParkingCutIn_Town12_Route762_Weather8                     7 windows (+0 cached)    1.40 s  [652/940]
2026-09-28 21:22:47,221 INFO ParkingCutIn_Town12_Route1315_Weather6                    8 windows (+0 cached)    1.71 s  [653/940]
2026-09-28 21:22:47,669 INFO ParkingCutIn_Town12_Route764_Weather10                    8 windows (+0 cached)    1.51 s  [654/940]
2026-09-28 21:22:48,048 INFO ParkingCutIn_Town12_Route765_Weather11                    7 windows (+0 cached)    1.61 s  [655/940]
2026-09-28 21:22:48,196 INFO ParkingCutIn_Town12_Route901_Weather9                     7 windows (+0 cached)    1.37 s  [656/940]
2026-09-28 21:22:48,797 INFO ParkingCutIn_Town12_Route902_Weather18                    8 windows (+0 cached)    1.65 s  [657/940]
2026-09-28 21:22:48,841 INFO ParkingCutIn_Town12_Route903_Weather20                    8 windows (+0 cached)    1.61 s  [658/940]
2026-09-28 21:22:49,396 INFO ParkingCutIn_Town12_Route955_Weather19                    7 windows (+0 cached)    1.35 s  [659/940]
2026-09-28 21:22:49,753 INFO ParkingCutIn_Town13_Route1342_Weather0                    7 windows (+0 cached)    1.56 s  [660/940]
2026-09-28 21:22:49,813 INFO ParkingCutIn_Town12_Route763_Weather9                    22 windows (+0 cached)    3.99 s  [661/940]
2026-09-28 21:22:50,129 INFO ParkingCutIn_Town13_Route1344_Weather2                    7 windows (+0 cached)    1.29 s  [662/940]
2026-09-28 21:22:50,341 INFO ParkingCutIn_Town13_Route1343_Weather1                    7 windows (+0 cached)    1.54 s  [663/940]
2026-09-28 21:22:51,139 INFO ParkingCutIn_Town13_Route1345_Weather3                    8 windows (+0 cached)    1.75 s  [664/940]
2026-09-28 21:22:51,246 INFO ParkingCutIn_Town13_Route1347_Weather6                    7 windows (+0 cached)    1.43 s  [665/940]
2026-09-28 21:22:51,495 INFO ParkingCutIn_Town12_Route900_Weather19                   22 windows (+0 cached)    4.99 s  [666/940]
2026-09-28 21:22:51,582 INFO ParkingCutIn_Town13_Route1348_Weather7                    7 windows (+0 cached)    1.45 s  [667/940]
2026-09-28 21:22:51,696 INFO ParkingCutIn_Town13_Route1349_Weather10                   7 windows (+0 cached)    1.35 s  [668/940]
2026-09-28 21:22:52,020 INFO ParkingCutIn_Town12_Route954_Weather18                   22 windows (+0 cached)    4.35 s  [669/940]
2026-09-28 21:22:52,467 INFO ParkingCutIn_Town13_Route1346_Weather5                   14 windows (+0 cached)    2.71 s  [670/940]
2026-09-28 21:22:52,637 INFO ParkingCutIn_Town13_Route546_Weather0                     7 windows (+0 cached)    1.49 s  [671/940]
2026-09-28 21:22:52,785 INFO ParkingCutIn_Town13_Route547_Weather1                     7 windows (+0 cached)    1.54 s  [672/940]
2026-09-28 21:22:53,183 INFO ParkingCutIn_Town13_Route670_Weather20                    7 windows (+0 cached)    1.49 s  [673/940]
2026-09-28 21:22:53,338 INFO ParkingCrossingPedestrian_Town15_Route513_Weather19      53 windows (+0 cached)   11.07 s  [674/940]
2026-09-28 21:22:53,947 INFO ParkingCutIn_Town13_Route672_Weather22                    7 windows (+0 cached)    1.48 s  [675/940]
2026-09-28 21:22:54,060 INFO ParkingCutIn_Town13_Route548_Weather2                    12 windows (+0 cached)    2.57 s  [676/940]
2026-09-28 21:22:54,244 INFO ParkingCutIn_Town13_Route696_Weather20                    7 windows (+0 cached)    1.61 s  [677/940]
2026-09-28 21:22:54,365 INFO ParkingCutIn_Town13_Route729_Weather1                     7 windows (+0 cached)    1.58 s  [678/940]
2026-09-28 21:22:54,756 INFO ParkingExit_Town12_Route1305_Weather18                    7 windows (+0 cached)    1.56 s  [679/940]
2026-09-28 21:22:54,788 INFO ParkingExit_Town12_Route1307_Weather20                    7 windows (+0 cached)    1.45 s  [680/940]
2026-09-28 21:22:54,906 INFO ParkingCutIn_Town13_Route671_Weather21                   14 windows (+0 cached)    2.89 s  [681/940]
2026-09-28 21:22:55,395 INFO ParkingExit_Town12_Route1309_Weather22                    7 windows (+0 cached)    1.33 s  [682/940]
2026-09-28 21:22:55,526 INFO ParkingExit_Town12_Route1316_Weather0                     7 windows (+0 cached)    1.28 s  [683/940]
2026-09-28 21:22:55,759 INFO ParkingExit_Town12_Route1318_Weather2                     7 windows (+0 cached)    1.39 s  [684/940]
2026-09-28 21:22:55,765 INFO ParkingCutIn_Town13_Route549_Weather3                    20 windows (+0 cached)    4.18 s  [685/940]
2026-09-28 21:22:56,277 INFO ParkingExit_Town12_Route1320_Weather5                     7 windows (+0 cached)    1.49 s  [686/940]
2026-09-28 21:22:56,379 INFO ParkingExit_Town12_Route1321_Weather6                     7 windows (+0 cached)    1.47 s  [687/940]
2026-09-28 21:22:56,767 INFO ParkingExit_Town12_Route1322_Weather7                     7 windows (+0 cached)    1.37 s  [688/940]
2026-09-28 21:22:56,843 INFO ParkingExit_Town12_Route786_Weather6                      7 windows (+0 cached)    1.32 s  [689/940]
2026-09-28 21:22:57,103 INFO ParkingExit_Town12_Route787_Weather7                      7 windows (+0 cached)    1.35 s  [690/940]
2026-09-28 21:22:57,455 INFO ParkingExit_Town12_Route789_Weather9                      7 windows (+0 cached)    1.18 s  [691/940]
2026-09-28 21:22:57,616 INFO ParkingExit_Town12_Route920_Weather10                     7 windows (+0 cached)    1.24 s  [692/940]
2026-09-28 21:22:57,923 INFO ParkingExit_Town12_Route922_Weather12                     7 windows (+0 cached)    1.16 s  [693/940]
2026-09-28 21:22:57,932 INFO ParkingExit_Town12_Route923_Weather13                     7 windows (+0 cached)    1.09 s  [694/940]
2026-09-28 21:22:57,934 INFO ParkingExit_Town12_Route1308_Weather21                   22 windows (+0 cached)    3.99 s  [695/940]
2026-09-28 21:22:58,298 INFO ParkingExit_Town13_Route567_Weather21                     8 windows (+0 cached)    1.19 s  [696/940]
2026-09-28 21:22:58,518 INFO ParkingExit_Town13_Route568_Weather22                     7 windows (+0 cached)    1.06 s  [697/940]
2026-09-28 21:22:58,525 INFO ParkingExit_Town12_Route1319_Weather3                    22 windows (+0 cached)    3.78 s  [698/940]
2026-09-28 21:22:58,723 INFO ParkingExit_Town13_Route569_Weather23                     7 windows (+0 cached)    1.11 s  [699/940]
2026-09-28 21:22:58,996 INFO ParkingExit_Town13_Route570_Weather23                     7 windows (+0 cached)    1.06 s  [700/940]
2026-09-28 21:22:59,006 INFO ParkingExit_Town13_Route676_Weather0                      7 windows (+0 cached)    1.07 s  [701/940]
2026-09-28 21:22:59,432 INFO ParkingExit_Town13_Route678_Weather2                      7 windows (+0 cached)    1.13 s  [702/940]
2026-09-28 21:22:59,572 INFO ParkingExit_Town12_Route788_Weather8                     22 windows (+0 cached)    3.81 s  [703/940]
2026-09-28 21:22:59,659 INFO ParkingExit_Town13_Route697_Weather21                     7 windows (+0 cached)    1.14 s  [704/940]
2026-09-28 21:22:59,757 INFO ParkingExit_Town13_Route731_Weather3                      7 windows (+0 cached)    1.23 s  [705/940]
2026-09-28 21:23:00,199 INFO PedestrianCrossing_Town12_Route1014_Weather0              7 windows (+0 cached)    1.19 s  [706/940]
2026-09-28 21:23:00,211 INFO PedestrianCrossing_Town12_Route1013_Weather25             7 windows (+0 cached)    1.22 s  [707/940]
2026-09-28 21:23:00,238 INFO PedestrianCrossing_Town12_Route1033_Weather20             5 windows (+0 cached)    0.81 s  [708/940]
2026-09-28 21:23:00,582 INFO PedestrianCrossing_Town12_Route867_Weather9               2 windows (+0 cached)    0.37 s  [709/940]
2026-09-28 21:23:00,606 INFO PedestrianCrossing_Town12_Route1045_Weather5              6 windows (+0 cached)    1.03 s  [710/940]
2026-09-28 21:23:00,915 INFO ParkingExit_Town13_Route732_Weather3                     14 windows (+0 cached)    2.19 s  [711/940]
2026-09-28 21:23:01,279 INFO PedestrianCrossing_Town12_Route943_Weather7               6 windows (+0 cached)    1.04 s  [712/940]
2026-09-28 21:23:01,487 INFO PedestrianCrossing_Town13_Route637_Weather13              5 windows (+0 cached)    0.88 s  [713/940]
2026-09-28 21:23:01,813 INFO PedestrianCrossing_Town13_Route687_Weather11              3 windows (+0 cached)    0.53 s  [714/940]
2026-09-28 21:23:02,475 INFO ParkingExit_Town13_Route677_Weather1                     29 windows (+0 cached)    4.54 s  [715/940]
2026-09-28 21:23:03,448 INFO PedestrianCrossing_Town12_Route865_Weather7              22 windows (+0 cached)    3.69 s  [716/940]
2026-09-28 21:23:03,597 INFO PedestrianCrossing_Town12_Route866_Weather8              21 windows (+0 cached)    3.40 s  [717/940]
2026-09-28 21:23:04,070 INFO PedestrianCrossing_Town12_Route864_Weather6              29 windows (+0 cached)    4.41 s  [718/940]
2026-09-28 21:23:04,104 INFO PedestrianCrossing_Town13_Route636_Weather12             23 windows (+0 cached)    3.52 s  [719/940]
2026-09-28 21:23:04,278 INFO PedestrianCrossing_Town13_Route638_Weather14             22 windows (+0 cached)    3.36 s  [720/940]
2026-09-28 21:23:04,783 INFO PedestrianCrossing_Town13_Route716_Weather14             22 windows (+0 cached)    3.30 s  [721/940]
2026-09-28 21:23:04,864 INFO SignalizedJunctionLeftTurnEnterFlow_Town12_Route1019_Weather5   4 windows (+0 cached)    0.59 s  [722/940]
2026-09-28 21:23:05,493 INFO SignalizedJunctionLeftTurnEnterFlow_Town12_Route1034_Weather20   4 windows (+0 cached)    0.63 s  [723/940]
2026-09-28 21:23:05,531 INFO SignalizedJunctionLeftTurnEnterFlow_Town12_Route1020_Weather6   5 windows (+0 cached)    0.75 s  [724/940]
2026-09-28 21:23:05,540 INFO PedestrianCrossing_Town13_Route718_Weather8              22 windows (+0 cached)    3.73 s  [725/940]
2026-09-28 21:23:05,870 INFO PedestrianCrossing_Town13_Route736_Weather8              22 windows (+0 cached)    3.40 s  [726/940]
2026-09-28 21:23:05,974 INFO PedestrianCrossing_Town15_Route448_Weather6              15 windows (+0 cached)    2.38 s  [727/940]
2026-09-28 21:23:06,108 INFO SignalizedJunctionLeftTurnEnterFlow_Town12_Route884_Weather0   4 windows (+0 cached)    0.62 s  [728/940]
2026-09-28 21:23:06,134 INFO SignalizedJunctionLeftTurnEnterFlow_Town12_Route887_Weather3   4 windows (+0 cached)    0.59 s  [729/940]
2026-09-28 21:23:06,158 INFO SignalizedJunctionLeftTurnEnterFlow_Town12_Route885_Weather14   4 windows (+0 cached)    0.63 s  [730/940]
2026-09-28 21:23:06,460 INFO PedestrianCrossing_Town15_Route506_Weather12             16 windows (+0 cached)    2.39 s  [731/940]
2026-09-28 21:23:06,481 INFO SignalizedJunctionLeftTurnEnterFlow_Town12_Route948_Weather9   4 windows (+0 cached)    0.61 s  [732/940]
2026-09-28 21:23:06,482 INFO PedestrianCrossing_Town15_Route526_Weather6              15 windows (+0 cached)    2.38 s  [733/940]
2026-09-28 21:23:06,617 INFO SignalizedJunctionLeftTurnEnterFlow_Town12_Route981_Weather19   4 windows (+0 cached)    0.64 s  [734/940]
2026-09-28 21:23:06,716 INFO SignalizedJunctionLeftTurnEnterFlow_Town13_Route1627_Weather3   4 windows (+0 cached)    0.61 s  [735/940]
2026-09-28 21:23:06,745 INFO SignalizedJunctionLeftTurnEnterFlow_Town13_Route1629_Weather6   4 windows (+0 cached)    0.61 s  [736/940]
2026-09-28 21:23:06,780 INFO SignalizedJunctionLeftTurnEnterFlow_Town13_Route1630_Weather7   4 windows (+0 cached)    0.62 s  [737/940]
2026-09-28 21:23:06,884 INFO PedestrianCrossing_Town13_Route747_Weather19             22 windows (+0 cached)    3.44 s  [738/940]
2026-09-28 21:23:07,022 INFO SignalizedJunctionLeftTurnEnterFlow_Town13_Route1631_Weather10   4 windows (+0 cached)    0.56 s  [739/940]
2026-09-28 21:23:07,060 INFO SignalizedJunctionLeftTurnEnterFlow_Town13_Route1633_Weather12   4 windows (+0 cached)    0.58 s  [740/940]
2026-09-28 21:23:07,091 INFO SignalizedJunctionLeftTurnEnterFlow_Town13_Route1636_Weather15   4 windows (+0 cached)    0.61 s  [741/940]
2026-09-28 21:23:07,178 INFO SignalizedJunctionLeftTurnEnterFlow_Town13_Route657_Weather2   3 windows (+0 cached)    0.56 s  [742/940]
2026-09-28 21:23:07,337 INFO SignalizedJunctionLeftTurnEnterFlow_Town13_Route658_Weather8   4 windows (+0 cached)    0.62 s  [743/940]
2026-09-28 21:23:07,405 INFO SignalizedJunctionLeftTurnEnterFlow_Town13_Route659_Weather3   4 windows (+0 cached)    0.66 s  [744/940]
2026-09-28 21:23:07,513 INFO SignalizedJunctionLeftTurnEnterFlow_Town13_Route719_Weather18   4 windows (+0 cached)    0.63 s  [745/940]
2026-09-28 21:23:07,550 INFO SignalizedJunctionLeftTurnEnterFlow_Town13_Route692_Weather8   5 windows (+0 cached)    0.77 s  [746/940]
2026-09-28 21:23:07,785 INFO SignalizedJunctionLeftTurnEnterFlow_Town15_Route498_Weather23   4 windows (+0 cached)    0.61 s  [747/940]
2026-09-28 21:23:07,837 INFO SignalizedJunctionLeftTurnEnterFlow_Town13_Route720_Weather19   5 windows (+0 cached)    0.81 s  [748/940]
2026-09-28 21:23:07,933 INFO SignalizedJunctionLeftTurnEnterFlow_Town13_Route721_Weather19   5 windows (+0 cached)    0.87 s  [749/940]
2026-09-28 21:23:08,072 INFO SignalizedJunctionLeftTurnEnterFlow_Town15_Route529_Weather9   5 windows (+0 cached)    0.67 s  [750/940]
2026-09-28 21:23:08,123 INFO SignalizedJunctionLeftTurnEnterFlow_Town13_Route737_Weather23   7 windows (+0 cached)    1.03 s  [751/940]
2026-09-28 21:23:08,136 INFO SignalizedJunctionLeftTurnEnterFlow_Town15_Route531_Weather11   4 windows (+0 cached)    0.62 s  [752/940]
2026-09-28 21:23:08,179 INFO SignalizedJunctionLeftTurnEnterFlow_Town15_Route511_Weather9   6 windows (+0 cached)    0.84 s  [753/940]
2026-09-28 21:23:08,409 INFO SignalizedJunctionLeftTurn_Town03_Route114_Weather6       4 windows (+0 cached)    0.57 s  [754/940]
2026-09-28 21:23:08,436 INFO SignalizedJunctionLeftTurnEnterFlow_Town15_Route536_Weather8   6 windows (+0 cached)    0.89 s  [755/940]
2026-09-28 21:23:08,499 INFO SignalizedJunctionLeftTurn_Town03_Route113_Weather26      5 windows (+0 cached)    0.71 s  [756/940]
2026-09-28 21:23:08,534 INFO SignalizedJunctionLeftTurn_Town03_Route150_Weather26      4 windows (+0 cached)    0.60 s  [757/940]
2026-09-28 21:23:08,883 INFO SignalizedJunctionLeftTurn_Town04_Route172_Weather8       5 windows (+0 cached)    0.81 s  [758/940]
2026-09-28 21:23:08,903 INFO SignalizedJunctionLeftTurn_Town04_Route174_Weather18      5 windows (+0 cached)    0.77 s  [759/940]
2026-09-28 21:23:08,977 INFO SignalizedJunctionLeftTurn_Town05_Route232_Weather23      5 windows (+0 cached)    0.80 s  [760/940]
2026-09-28 21:23:09,015 INFO SignalizedJunctionLeftTurn_Town05_Route233_Weather6       4 windows (+0 cached)    0.61 s  [761/940]
2026-09-28 21:23:09,067 INFO SignalizedJunctionLeftTurn_Town05_Route234_Weather7       4 windows (+0 cached)    0.63 s  [762/940]
2026-09-28 21:23:09,155 INFO SignalizedJunctionLeftTurn_Town05_Route267_Weather3       4 windows (+0 cached)    0.66 s  [763/940]
2026-09-28 21:23:09,312 INFO SignalizedJunctionLeftTurn_Town07_Route334_Weather26      5 windows (+0 cached)    0.78 s  [764/940]
2026-09-28 21:23:09,630 INFO SignalizedJunctionLeftTurn_Town07_Route336_Weather23      5 windows (+0 cached)    0.75 s  [765/940]
2026-09-28 21:23:09,665 INFO SignalizedJunctionLeftTurn_Town07_Route366_Weather2       5 windows (+0 cached)    0.76 s  [766/940]
2026-09-28 21:23:09,734 INFO SignalizedJunctionLeftTurn_Town10HD_Route380_Weather21    5 windows (+0 cached)    0.76 s  [767/940]
2026-09-28 21:23:09,808 INFO SignalizedJunctionLeftTurn_Town13_Route580_Weather26      3 windows (+0 cached)    0.50 s  [768/940]
2026-09-28 21:23:09,869 INFO SignalizedJunctionLeftTurn_Town12_Route1470_Weather5      5 windows (+0 cached)    0.80 s  [769/940]
2026-09-28 21:23:09,890 INFO SignalizedJunctionLeftTurn_Town10HD_Route381_Weather22    6 windows (+0 cached)    0.88 s  [770/940]
2026-09-28 21:23:10,068 INFO SignalizedJunctionLeftTurn_Town12_Route799_Weather0       6 windows (+0 cached)    0.91 s  [771/940]
2026-09-28 21:23:10,276 INFO SignalizedJunctionLeftTurn_Town13_Route581_Weather26      4 windows (+0 cached)    0.65 s  [772/940]
2026-09-28 21:23:10,381 INFO SignalizedJunctionLeftTurn_Town15_Route437_Weather26      4 windows (+0 cached)    0.71 s  [773/940]
2026-09-28 21:23:10,424 INFO SignalizedJunctionLeftTurn_Town15_Route471_Weather26      4 windows (+0 cached)    0.69 s  [774/940]
2026-09-28 21:23:10,470 INFO SignalizedJunctionRightTurn_Town03_Route118_Weather14     4 windows (+0 cached)    0.66 s  [775/940]
2026-09-28 21:23:10,567 INFO SignalizedJunctionRightTurn_Town04_Route176_Weather20     4 windows (+0 cached)    0.68 s  [776/940]
2026-09-28 21:23:11,006 INFO SignalizedJunctionRightTurn_Town03_Route151_Weather2      7 windows (+0 cached)    1.14 s  [777/940]
2026-09-28 21:23:11,120 INFO SignalizedJunctionRightTurn_Town07_Route338_Weather10     4 windows (+0 cached)    0.74 s  [778/940]
2026-09-28 21:23:11,285 INFO SignalizedJunctionRightTurn_Town07_Route339_Weather1      5 windows (+0 cached)    0.86 s  [779/940]
2026-09-28 21:23:11,307 INFO SignalizedJunctionRightTurn_Town12_Route803_Weather23     5 windows (+0 cached)    0.84 s  [780/940]
2026-09-28 21:23:11,324 INFO SignalizedJunctionRightTurn_Town04_Route211_Weather3      5 windows (+0 cached)    1.05 s  [781/940]
2026-09-28 21:23:11,413 INFO SignalizedJunctionRightTurn_Town12_Route804_Weather5      4 windows (+0 cached)    0.85 s  [782/940]
2026-09-28 21:23:11,791 INFO SignalizedJunctionRightTurn_Town12_Route964_Weather2      3 windows (+0 cached)    0.67 s  [783/940]
2026-09-28 21:23:11,822 INFO SignalizedJunctionRightTurn_Town12_Route805_Weather25     4 windows (+0 cached)    0.82 s  [784/940]
2026-09-28 21:23:11,848 INFO SignalizedJunctionRightTurn_Town04_Route177_Weather13     9 windows (+0 cached)    1.78 s  [785/940]
2026-09-28 21:23:12,019 INFO SignalizedJunctionRightTurn_Town13_Route583_Weather11     4 windows (+0 cached)    0.71 s  [786/940]
2026-09-28 21:23:12,033 INFO SignalizedJunctionRightTurn_Town12_Route988_Weather0      4 windows (+0 cached)    0.75 s  [787/940]
2026-09-28 21:23:12,356 INFO SignalizedJunctionRightTurn_Town15_Route438_Weather7      6 windows (+0 cached)    1.03 s  [788/940]
2026-09-28 21:23:12,674 INFO SignalizedJunctionLeftTurn_Town04_Route173_Weather26     27 windows (+0 cached)    4.52 s  [789/940]
2026-09-28 21:23:12,819 INFO SignalizedJunctionRightTurn_Town15_Route473_Weather5      8 windows (+0 cached)    1.41 s  [790/940]
2026-09-28 21:23:13,016 INFO StaticCutIn_Town03_Route149_Weather19                     7 windows (+0 cached)    1.17 s  [791/940]
2026-09-28 21:23:13,134 INFO StaticCutIn_Town03_Route109_Weather1                      7 windows (+0 cached)    1.34 s  [792/940]
2026-09-28 21:23:13,138 INFO StaticCutIn_Town03_Route158_Weather2                      7 windows (+0 cached)    1.12 s  [793/940]
2026-09-28 21:23:13,216 INFO StaticCutIn_Town03_Route110_Weather6                      7 windows (+0 cached)    1.39 s  [794/940]
2026-09-28 21:23:13,304 INFO StaticCutIn_Town04_Route168_Weather12                     7 windows (+0 cached)    1.27 s  [795/940]
2026-09-28 21:23:13,514 INFO StaticCutIn_Town04_Route208_Weather0                      6 windows (+0 cached)    1.16 s  [796/940]
2026-09-28 21:23:13,999 INFO StaticCutIn_Town05_Route227_Weather2                      5 windows (+0 cached)    0.98 s  [797/940]
2026-09-28 21:23:14,024 INFO StaticCutIn_Town05_Route226_Weather18                     7 windows (+0 cached)    1.20 s  [798/940]
2026-09-28 21:23:14,027 INFO StaticCutIn_Town04_Route216_Weather8                      7 windows (+0 cached)    1.35 s  [799/940]
2026-09-28 21:23:14,135 INFO StaticCutIn_Town05_Route275_Weather15                     6 windows (+0 cached)    1.00 s  [800/940]
2026-09-28 21:23:14,478 INFO StaticCutIn_Town06_Route287_Weather1                      6 windows (+0 cached)    1.26 s  [801/940]
2026-09-28 21:23:14,534 INFO StaticCutIn_Town06_Route288_Weather2                      7 windows (+0 cached)    1.23 s  [802/940]
2026-09-28 21:23:14,653 INFO StaticCutIn_Town12_Route782_Weather2                      7 windows (+0 cached)    1.14 s  [803/940]
2026-09-28 21:23:14,820 INFO StaticCutIn_Town05_Route265_Weather5                      9 windows (+0 cached)    1.69 s  [804/940]
2026-09-28 21:23:15,228 INFO StaticCutIn_Town13_Route563_Weather9                      7 windows (+0 cached)    1.20 s  [805/940]
2026-09-28 21:23:15,320 INFO StaticCutIn_Town12_Route785_Weather5                      7 windows (+0 cached)    1.30 s  [806/940]
2026-09-28 21:23:15,395 INFO StaticCutIn_Town13_Route564_Weather18                     7 windows (+0 cached)    1.26 s  [807/940]
2026-09-28 21:23:15,432 INFO StaticCutIn_Town12_Route783_Weather3                      8 windows (+0 cached)    1.43 s  [808/940]
2026-09-28 21:23:15,585 INFO StaticCutIn_Town13_Route565_Weather8                      6 windows (+0 cached)    1.11 s  [809/940]
2026-09-28 21:23:15,696 INFO StaticCutIn_Town13_Route566_Weather20                     7 windows (+0 cached)    1.16 s  [810/940]
2026-09-28 21:23:15,720 INFO StaticCutIn_Town15_Route426_Weather10                     6 windows (+0 cached)    1.07 s  [811/940]
2026-09-28 21:23:15,860 INFO TJunction_Town01_Route91_Weather13                        2 windows (+0 cached)    0.43 s  [812/940]
2026-09-28 21:23:15,899 INFO StaticCutIn_Town15_Route427_Weather11                     6 windows (+0 cached)    1.08 s  [813/940]
2026-09-28 21:23:16,360 INFO StaticCutIn_Town15_Route429_Weather13                     6 windows (+0 cached)    1.04 s  [814/940]
2026-09-28 21:23:16,422 INFO StaticCutIn_Town15_Route428_Weather12                     7 windows (+0 cached)    1.19 s  [815/940]
2026-09-28 21:23:17,084 INFO TJunction_Town02_Route97_Weather19                        8 windows (+0 cached)    1.50 s  [816/940]
2026-09-28 21:23:18,298 INFO TJunction_Town05_Route261_Weather1                       13 windows (+0 cached)    2.44 s  [817/940]
2026-09-28 21:23:19,058 INFO TJunction_Town07_Route364_Weather0                        4 windows (+0 cached)    0.76 s  [818/940]
2026-09-28 21:23:19,737 INFO TJunction_Town07_Route363_Weather25                      14 windows (+0 cached)    2.65 s  [819/940]
2026-09-28 21:23:19,825 INFO TJunction_Town01_Route90_Weather12                       25 windows (+0 cached)    4.43 s  [820/940]
2026-09-28 21:23:20,327 INFO TJunction_Town05_Route260_Weather0                       24 windows (+0 cached)    4.61 s  [821/940]
2026-09-28 21:23:20,566 INFO TJunction_Town05_Route259_Weather0                       25 windows (+0 cached)    4.87 s  [822/940]
2026-09-28 21:23:20,681 INFO TJunction_Town06_Route306_Weather20                      23 windows (+0 cached)    4.26 s  [823/940]
2026-09-28 21:23:20,839 INFO TJunction_Town06_Route304_Weather18                      25 windows (+0 cached)    4.94 s  [824/940]
2026-09-28 21:23:21,083 INFO TJunction_Town06_Route305_Weather19                      25 windows (+0 cached)    4.72 s  [825/940]
2026-09-28 21:23:22,002 INFO TJunction_Town12_Route1018_Weather3                      13 windows (+0 cached)    2.18 s  [826/940]
2026-09-28 21:23:22,454 INFO TJunction_Town12_Route1201_Weather5                      12 windows (+0 cached)    2.13 s  [827/940]
2026-09-28 21:23:22,597 INFO TJunction_Town12_Route881_Weather23                      11 windows (+0 cached)    1.92 s  [828/940]
2026-09-28 21:23:22,716 INFO TJunction_Town12_Route1017_Weather3                      17 windows (+0 cached)    2.98 s  [829/940]
2026-09-28 21:23:22,930 INFO TJunction_Town12_Route880_Weather22                      14 windows (+0 cached)    2.36 s  [830/940]
2026-09-28 21:23:23,541 INFO TJunction_Town12_Route883_Weather25                      14 windows (+0 cached)    2.46 s  [831/940]
2026-09-28 21:23:23,735 INFO TJunction_Town07_Route365_Weather1                       25 windows (+0 cached)    4.68 s  [832/940]
2026-09-28 21:23:24,572 INFO TJunction_Town12_Route926_Weather8                       14 windows (+0 cached)    2.57 s  [833/940]
2026-09-28 21:23:24,762 INFO TJunction_Town12_Route882_Weather23                      23 windows (+0 cached)    3.92 s  [834/940]
2026-09-28 21:23:24,906 INFO TJunction_Town13_Route652_Weather2                       10 windows (+0 cached)    1.98 s  [835/940]
2026-09-28 21:23:24,981 INFO TJunction_Town12_Route927_Weather9                       14 windows (+0 cached)    2.53 s  [836/940]
2026-09-28 21:23:25,441 INFO TJunction_Town12_Route980_Weather18                      14 windows (+0 cached)    2.73 s  [837/940]
2026-09-28 21:23:25,653 INFO TJunction_Town13_Route655_Weather5                       10 windows (+0 cached)    1.92 s  [838/940]
2026-09-28 21:23:26,113 INFO TJunction_Town13_Route654_Weather3                       15 windows (+0 cached)    2.57 s  [839/940]
2026-09-28 21:23:26,909 INFO TJunction_Town15_Route510_Weather8                        7 windows (+0 cached)    1.26 s  [840/940]
2026-09-28 21:23:26,958 INFO TJunction_Town12_Route947_Weather11                      24 windows (+0 cached)    4.36 s  [841/940]
2026-09-28 21:23:27,271 INFO TJunction_Town15_Route457_Weather15                      14 windows (+0 cached)    2.36 s  [842/940]
2026-09-28 21:23:27,565 INFO VanillaNonSignalizedTurnEncounterStopsign_Town03_Route145_Weather15   3 windows (+0 cached)    0.61 s  [843/940]
2026-09-28 21:23:27,749 INFO TJunction_Town13_Route691_Weather15                      18 windows (+0 cached)    3.18 s  [844/940]
2026-09-28 21:23:28,073 INFO TJunction_Town15_Route456_Weather14                      19 windows (+0 cached)    3.31 s  [845/940]
2026-09-28 21:23:28,122 INFO VanillaNonSignalizedTurnEncounterStopsign_Town04_Route203_Weather21   3 windows (+0 cached)    0.56 s  [846/940]
2026-09-28 21:23:28,369 INFO VanillaNonSignalizedTurnEncounterStopsign_Town05_Route256_Weather22   3 windows (+0 cached)    0.62 s  [847/940]
2026-09-28 21:23:28,628 INFO VanillaNonSignalizedTurnEncounterStopsign_Town03_Route143_Weather13  15 windows (+0 cached)    2.51 s  [848/940]
2026-09-28 21:23:28,711 INFO VanillaNonSignalizedTurnEncounterStopsign_Town03_Route144_Weather14  10 windows (+0 cached)    1.80 s  [849/940]
2026-09-28 21:23:28,716 INFO VanillaNonSignalizedTurnEncounterStopsign_Town05_Route258_Weather25   3 windows (+0 cached)    0.59 s  [850/940]
2026-09-28 21:23:28,762 INFO VanillaNonSignalizedTurnEncounterStopsign_Town07_Route360_Weather22   2 windows (+0 cached)    0.39 s  [851/940]
2026-09-28 21:23:28,823 INFO TJunction_Town15_Route496_Weather2                       18 windows (+0 cached)    3.38 s  [852/940]
2026-09-28 21:23:28,848 INFO VanillaNonSignalizedTurnEncounterStopsign_Town07_Route361_Weather23   1 windows (+0 cached)    0.22 s  [853/940]
2026-09-28 21:23:28,938 INFO VanillaNonSignalizedTurnEncounterStopsign_Town12_Route1015_Weather1   1 windows (+0 cached)    0.22 s  [854/940]
2026-09-28 21:23:28,992 INFO VanillaNonSignalizedTurnEncounterStopsign_Town12_Route1016_Weather2   1 windows (+0 cached)    0.23 s  [855/940]
2026-09-28 21:23:29,130 INFO VanillaNonSignalizedTurnEncounterStopsign_Town07_Route362_Weather23   2 windows (+0 cached)    0.42 s  [856/940]
2026-09-28 21:23:29,179 INFO VanillaNonSignalizedTurnEncounterStopsign_Town05_Route257_Weather23   6 windows (+0 cached)    1.11 s  [857/940]
2026-09-28 21:23:29,260 INFO VanillaNonSignalizedTurnEncounterStopsign_Town12_Route877_Weather19   2 windows (+0 cached)    0.41 s  [858/940]
2026-09-28 21:23:29,386 INFO VanillaNonSignalizedTurnEncounterStopsign_Town04_Route202_Weather20  12 windows (+0 cached)    2.12 s  [859/940]
2026-09-28 21:23:29,391 INFO TJunction_Town15_Route495_Weather1                       23 windows (+0 cached)    4.41 s  [860/940]
2026-09-28 21:23:29,401 INFO VanillaNonSignalizedTurnEncounterStopsign_Town12_Route979_Weather9   1 windows (+0 cached)    0.22 s  [861/940]
2026-09-28 21:23:29,434 INFO VanillaNonSignalizedTurnEncounterStopsign_Town12_Route879_Weather21   2 windows (+0 cached)    0.44 s  [862/940]
2026-09-28 21:23:29,450 INFO VanillaNonSignalizedTurnEncounterStopsign_Town12_Route876_Weather18   3 windows (+0 cached)    0.63 s  [863/940]
2026-09-28 21:23:29,552 INFO VanillaNonSignalizedTurnEncounterStopsign_Town12_Route946_Weather10   2 windows (+0 cached)    0.42 s  [864/940]
2026-09-28 21:23:29,562 INFO VanillaNonSignalizedTurnEncounterStopsign_Town12_Route878_Weather20   3 windows (+0 cached)    0.62 s  [865/940]
2026-09-28 21:23:29,618 INFO VanillaNonSignalizedTurnEncounterStopsign_Town13_Route648_Weather23   2 windows (+0 cached)    0.36 s  [866/940]
2026-09-28 21:23:29,625 INFO VanillaNonSignalizedTurnEncounterStopsign_Town13_Route650_Weather0   1 windows (+0 cached)    0.24 s  [867/940]
2026-09-28 21:23:29,657 INFO VanillaNonSignalizedTurnEncounterStopsign_Town15_Route454_Weather12   1 windows (+0 cached)    0.22 s  [868/940]
2026-09-28 21:23:29,754 INFO VanillaNonSignalizedTurnEncounterStopsign_Town13_Route651_Weather1   2 windows (+0 cached)    0.36 s  [869/940]
2026-09-28 21:23:29,784 INFO VanillaNonSignalizedTurnEncounterStopsign_Town13_Route690_Weather14   2 windows (+0 cached)    0.38 s  [870/940]
2026-09-28 21:23:29,820 INFO VanillaNonSignalizedTurnEncounterStopsign_Town15_Route509_Weather15   1 windows (+0 cached)    0.20 s  [871/940]
2026-09-28 21:23:30,004 INFO VanillaNonSignalizedTurnEncounterStopsign_Town15_Route494_Weather0   2 windows (+0 cached)    0.44 s  [872/940]
2026-09-28 21:23:30,041 INFO VanillaNonSignalizedTurnEncounterStopsign_Town15_Route455_Weather13   3 windows (+0 cached)    0.59 s  [873/940]
2026-09-28 21:23:30,076 INFO VanillaNonSignalizedTurnEncounterStopsign_Town15_Route493_Weather25   3 windows (+0 cached)    0.52 s  [874/940]
2026-09-28 21:23:30,125 INFO VanillaNonSignalizedTurnEncounterStopsign_Town15_Route535_Weather15   3 windows (+0 cached)    0.47 s  [875/940]
2026-09-28 21:23:30,159 INFO VanillaNonSignalizedTurnEncounterStopsign_Town15_Route530_Weather10   3 windows (+0 cached)    0.53 s  [876/940]
2026-09-28 21:23:30,520 INFO VanillaSignalizedTurnEncounterGreenLight_Town05_Route251_Weather9   2 windows (+0 cached)    0.39 s  [877/940]
2026-09-28 21:23:30,660 INFO VanillaSignalizedTurnEncounterGreenLight_Town04_Route196_Weather14   5 windows (+0 cached)    0.84 s  [878/940]
2026-09-28 21:23:30,705 INFO VanillaSignalizedTurnEncounterGreenLight_Town05_Route250_Weather8   3 windows (+0 cached)    0.63 s  [879/940]
2026-09-28 21:23:30,770 INFO VanillaSignalizedTurnEncounterGreenLight_Town05_Route252_Weather21   3 windows (+0 cached)    0.61 s  [880/940]
2026-09-28 21:23:30,860 INFO VanillaSignalizedTurnEncounterGreenLight_Town04_Route198_Weather8   5 windows (+0 cached)    0.82 s  [881/940]
2026-09-28 21:23:31,134 INFO VanillaSignalizedTurnEncounterGreenLight_Town07_Route356_Weather18   2 windows (+0 cached)    0.43 s  [882/940]
2026-09-28 21:23:32,238 INFO VanillaSignalizedTurnEncounterGreenLight_Town07_Route355_Weather9   9 windows (+0 cached)    1.58 s  [883/940]
2026-09-28 21:23:32,348 INFO VanillaSignalizedTurnEncounterGreenLight_Town07_Route354_Weather8  10 windows (+0 cached)    1.83 s  [884/940]
2026-09-28 21:23:32,459 INFO VanillaSignalizedTurnEncounterGreenLight_Town10HD_Route386_Weather22   9 windows (+0 cached)    1.69 s  [885/940]
2026-09-28 21:23:32,540 INFO VanillaSignalizedTurnEncounterGreenLight_Town12_Route869_Weather11   1 windows (+0 cached)    0.19 s  [886/940]
2026-09-28 21:23:32,557 INFO VanillaSignalizedTurnEncounterGreenLight_Town03_Route137_Weather7  15 windows (+0 cached)    2.80 s  [887/940]
2026-09-28 21:23:32,693 INFO VanillaSignalizedTurnEncounterGreenLight_Town10HD_Route387_Weather23   9 windows (+0 cached)    1.83 s  [888/940]
2026-09-28 21:23:32,752 INFO VanillaSignalizedTurnEncounterGreenLight_Town03_Route139_Weather9  16 windows (+0 cached)    2.97 s  [889/940]
2026-09-28 21:23:32,939 INFO VanillaSignalizedTurnEncounterGreenLight_Town10HD_Route392_Weather2   9 windows (+0 cached)    1.80 s  [890/940]
2026-09-28 21:23:33,216 INFO VanillaSignalizedTurnEncounterGreenLight_Town13_Route642_Weather18   1 windows (+0 cached)    0.28 s  [891/940]
2026-09-28 21:23:33,259 INFO VanillaSignalizedTurnEncounterGreenLight_Town04_Route197_Weather15  19 windows (+0 cached)    3.25 s  [892/940]
2026-09-28 21:23:34,911 INFO VanillaSignalizedTurnEncounterGreenLight_Town13_Route643_Weather19   9 windows (+0 cached)    1.69 s  [893/940]
2026-09-28 21:23:35,056 INFO VanillaSignalizedTurnEncounterGreenLight_Town15_Route451_Weather9   9 windows (+0 cached)    1.80 s  [894/940]
2026-09-28 21:23:35,266 INFO VanillaSignalizedTurnEncounterGreenLight_Town12_Route870_Weather12  15 windows (+0 cached)    2.81 s  [895/940]
2026-09-28 21:23:35,359 INFO VanillaSignalizedTurnEncounterGreenLight_Town15_Route489_Weather21   2 windows (+0 cached)    0.45 s  [896/940]
2026-09-28 21:23:35,446 INFO VanillaSignalizedTurnEncounterGreenLight_Town13_Route641_Weather9  15 windows (+0 cached)    2.69 s  [897/940]
2026-09-28 21:23:35,746 INFO VanillaSignalizedTurnEncounterGreenLight_Town13_Route640_Weather8  16 windows (+0 cached)    3.05 s  [898/940]
2026-09-28 21:23:36,233 INFO VanillaSignalizedTurnEncounterRedLight_Town03_Route140_Weather10   5 windows (+0 cached)    0.87 s  [899/940]
2026-09-28 21:23:36,278 INFO VanillaSignalizedTurnEncounterGreenLight_Town12_Route868_Weather10  23 windows (+0 cached)    4.04 s  [900/940]
2026-09-28 21:23:36,418 INFO VanillaSignalizedTurnEncounterRedLight_Town03_Route141_Weather11   6 windows (+0 cached)    0.97 s  [901/940]
2026-09-28 21:23:36,502 INFO VanillaSignalizedTurnEncounterGreenLight_Town12_Route944_Weather8  22 windows (+0 cached)    3.95 s  [902/940]
2026-09-28 21:23:36,578 INFO VanillaSignalizedTurnEncounterGreenLight_Town12_Route871_Weather13  23 windows (+0 cached)    4.04 s  [903/940]
2026-09-28 21:23:36,986 INFO VanillaSignalizedTurnEncounterRedLight_Town03_Route142_Weather12   7 windows (+0 cached)    1.24 s  [904/940]
2026-09-28 21:23:37,378 INFO VanillaSignalizedTurnEncounterGreenLight_Town15_Route507_Weather13  11 windows (+0 cached)    2.11 s  [905/940]
2026-09-28 21:23:37,667 INFO VanillaSignalizedTurnEncounterRedLight_Town05_Route253_Weather19   7 windows (+0 cached)    1.16 s  [906/940]
2026-09-28 21:23:37,952 INFO VanillaSignalizedTurnEncounterRedLight_Town04_Route200_Weather18   9 windows (+0 cached)    1.67 s  [907/940]
2026-09-28 21:23:38,197 INFO VanillaSignalizedTurnEncounterRedLight_Town05_Route255_Weather21   6 windows (+0 cached)    1.21 s  [908/940]
2026-09-28 21:23:38,697 INFO VanillaSignalizedTurnEncounterRedLight_Town04_Route199_Weather9  12 windows (+0 cached)    2.46 s  [909/940]
2026-09-28 21:23:38,711 INFO VanillaSignalizedTurnEncounterRedLight_Town04_Route201_Weather19  13 windows (+0 cached)    2.29 s  [910/940]
2026-09-28 21:23:39,838 INFO VanillaSignalizedTurnEncounterRedLight_Town07_Route357_Weather19  13 windows (+0 cached)    2.46 s  [911/940]
2026-09-28 21:23:39,867 INFO VanillaSignalizedTurnEncounterRedLight_Town10HD_Route389_Weather25   6 windows (+0 cached)    1.17 s  [912/940]
2026-09-28 21:23:40,087 INFO VanillaSignalizedTurnEncounterRedLight_Town07_Route358_Weather20  13 windows (+0 cached)    2.42 s  [913/940]
2026-09-28 21:23:40,167 INFO VanillaSignalizedTurnEncounterGreenLight_Town15_Route490_Weather22  23 windows (+0 cached)    5.11 s  [914/940]
2026-09-28 21:23:40,320 INFO VanillaSignalizedTurnEncounterRedLight_Town12_Route1054_Weather14   2 windows (+0 cached)    0.48 s  [915/940]
2026-09-28 21:23:40,471 INFO VanillaSignalizedTurnEncounterRedLight_Town07_Route359_Weather21  13 windows (+0 cached)    2.52 s  [916/940]
2026-09-28 21:23:40,556 INFO VanillaSignalizedTurnEncounterRedLight_Town10HD_Route388_Weather23  11 windows (+0 cached)    2.36 s  [917/940]
2026-09-28 21:23:40,897 INFO VanillaSignalizedTurnEncounterRedLight_Town10HD_Route393_Weather3  11 windows (+0 cached)    2.19 s  [918/940]
2026-09-28 21:23:41,633 INFO VanillaSignalizedTurnEncounterRedLight_Town13_Route644_Weather20   4 windows (+0 cached)    0.74 s  [919/940]
2026-09-28 21:23:41,692 INFO VanillaSignalizedTurnEncounterRedLight_Town05_Route254_Weather20  26 windows (+0 cached)    5.11 s  [920/940]
2026-09-28 21:23:42,314 INFO VanillaSignalizedTurnEncounterRedLight_Town13_Route646_Weather22   3 windows (+0 cached)    0.62 s  [921/940]
2026-09-28 21:23:43,564 INFO VanillaSignalizedTurnEncounterRedLight_Town12_Route872_Weather14  18 windows (+0 cached)    3.70 s  [922/940]
2026-09-28 21:23:44,366 INFO VanillaSignalizedTurnEncounterRedLight_Town12_Route874_Weather8  25 windows (+0 cached)    4.28 s  [923/940]
2026-09-28 21:23:44,557 INFO VanillaSignalizedTurnEncounterRedLight_Town12_Route945_Weather9  25 windows (+0 cached)    4.24 s  [924/940]
2026-09-28 21:23:44,603 INFO VanillaSignalizedTurnEncounterRedLight_Town13_Route689_Weather13   4 windows (+0 cached)    1.04 s  [925/940]
2026-09-28 21:23:44,830 INFO VanillaSignalizedTurnEncounterRedLight_Town12_Route875_Weather9  25 windows (+0 cached)    4.66 s  [926/940]
2026-09-28 21:23:44,912 INFO VanillaSignalizedTurnEncounterRedLight_Town12_Route969_Weather7  23 windows (+0 cached)    4.44 s  [927/940]
2026-09-28 21:23:45,175 INFO VanillaSignalizedTurnEncounterRedLight_Town13_Route603_Weather15  23 windows (+0 cached)    4.62 s  [928/940]
2026-09-28 21:23:45,500 INFO VanillaSignalizedTurnEncounterRedLight_Town15_Route452_Weather10   6 windows (+0 cached)    1.13 s  [929/940]
2026-09-28 21:23:45,889 INFO VanillaSignalizedTurnEncounterRedLight_Town15_Route492_Weather23   7 windows (+0 cached)    1.33 s  [930/940]
2026-09-28 21:23:46,139 INFO VanillaSignalizedTurnEncounterRedLight_Town13_Route645_Weather21  25 windows (+0 cached)    4.51 s  [931/940]
2026-09-28 21:23:46,485 INFO VanillaSignalizedTurnEncounterRedLight_Town13_Route647_Weather23  19 windows (+0 cached)    4.17 s  [932/940]
2026-09-28 21:23:46,557 INFO VehicleOpensDoorTwoWays_Town12_Route1196_Weather0        10 windows (+0 cached)    1.95 s  [933/940]
2026-09-28 21:23:46,591 INFO VehicleTurningRoutePedestrian_Town12_Route1027_Weather13   8 windows (+0 cached)    1.42 s  [934/940]
2026-09-28 21:23:47,148 INFO VehicleTurningRoutePedestrian_Town12_Route827_Weather22   5 windows (+0 cached)    1.01 s  [935/940]
2026-09-28 21:23:47,177 INFO VehicleTurningRoutePedestrian_Town12_Route826_Weather20   7 windows (+0 cached)    1.29 s  [936/940]
2026-09-28 21:23:47,672 INFO VehicleOpensDoorTwoWays_Town12_Route1197_Weather1        14 windows (+0 cached)    2.84 s  [937/940]
2026-09-28 21:23:48,221 INFO VehicleOpensDoorTwoWays_Town12_Route1203_Weather7        18 windows (+0 cached)    3.31 s  [938/940]
2026-09-28 21:23:48,916 INFO VehicleTurningRoutePedestrian_Town12_Route1040_Weather0  22 windows (+0 cached)    3.42 s  [939/940]
2026-09-28 21:23:49,537 INFO VehicleTurningRoutePedestrian_Town12_Route829_Weather25  22 windows (+0 cached)    3.05 s  [940/940]

built 8431 windows on 939 clips (1 failed) in 218.0 s wall with 8 workers; per-clip build time mean 1.82 s (4.9 windows/s per worker)

== Bench2Drive cache /bulk/users/vla/alpamayo2edge/b2d_cache: 8462 windows, braking-window fraction 0.728 (any flagged future frame; mean flagged-frame fraction 0.442), route hint (command) == kinematic hint on 85.6%; action-space floor at 6.4 s p50 0.03 m / p90 0.56 m
   route commands: {'LANEFOLLOW': 6237, 'RIGHT': 380, 'LEFT': 936, 'STRAIGHT': 688, 'CHANGELANELEFT': 106, 'CHANGELANERIGHT': 115}

   scenario                                windows  braking   frames  floor50  floor90
   Accident                                    236    1.000    0.841     0.16     1.65
   AccidentTwoWays                             547    0.976    0.870     0.02     0.56
   BlockedIntersection                         323    0.520    0.285     0.03     0.46
   ConstructionObstacle                        179    1.000    0.724     0.23     1.55
   ConstructionObstacleTwoWays                 373    0.434    0.095     0.02     0.77
   ControlLoss                                 137    0.796    0.242     0.12     0.45
   CrossingBicycleFlow                         458    0.203    0.052     0.01     0.58
   DynamicObjectCrossing                       184    0.918    0.510     0.02     0.10
   EnterActorFlow                              196    0.204    0.065     0.01     0.12
   HardBreakRoute                              446    0.971    0.809     0.01     0.18
   HazardAtSideLane                            340    1.000    0.793     0.12     1.54
   HazardAtSideLaneTwoWays                     233    1.000    0.462     0.04     0.35
   HighwayCutIn                                 94    1.000    0.935     0.03     0.11
   HighwayExit                                 128    0.812    0.401     0.10     0.27
   InterurbanActorFlow                          53    0.717    0.171     0.16     0.38
   InterurbanAdvancedActorFlow                  56    0.875    0.276     0.29     0.76
   InvadingTurn                                 74    0.919    0.280     0.05     0.36
   LaneChange                                   78    1.000    0.750     0.09     0.35
   MergerIntoSlowTraffic                        33    0.970    0.631     0.16     0.35
   MergerIntoSlowTrafficV2                      74    0.932    0.569     0.21     0.35
   NonSignalizedJunctionLeftTurn               258    0.384    0.062     0.04     0.83
   NonSignalizedJunctionLeftTurnEnterFlow       52    0.942    0.303     0.27     0.68
   NonSignalizedJunctionRightTurn               59    0.966    0.277     0.21     0.51
   OppositeVehicleRunningRedLight              100    0.790    0.262     0.05     0.43
   OppositeVehicleTakingPriority               144    0.618    0.242     0.03     0.26
   ParkedObstacle                              257    1.000    0.802     0.13     1.37
   ParkedObstacleTwoWays                       344    0.980    0.807     0.03     0.64
   ParkingCrossingPedestrian                   248    0.798    0.568     0.01     0.09
   ParkingCutIn                                352    0.946    0.509     0.02     0.09
   ParkingExit                                 264    0.818    0.514     0.02     0.96
   PedestrianCrossing                          292    0.548    0.231     0.01     0.12
   SignalizedJunctionLeftTurn                  119    0.613    0.099     0.28     0.94
   SignalizedJunctionLeftTurnEnterFlow         119    0.773    0.251     0.44     0.93
   SignalizedJunctionRightTurn                  76    0.803    0.187     0.12     0.62
   StaticCutIn                                 162    1.000    0.853     0.05     0.26
   TJunction                                   517    0.702    0.371     0.01     0.27
   VanillaNonSignalizedTurnEncounterStopsign       98    0.582    0.174     0.30     0.58
   VanillaSignalizedTurnEncounterGreenLight      286    0.290    0.069     0.00     0.56
   VanillaSignalizedTurnEncounterRedLight      367    0.311    0.067     0.01     0.40
   VehicleOpensDoorTwoWays                      42    1.000    0.725     0.05     1.25
   VehicleTurningRoutePedestrian                64    0.203    0.079     0.01     0.55

   town                                    windows  braking   frames
   Town01                                      125    0.904    0.661
   Town02                                       66    0.864    0.231
   Town03                                      407    0.627    0.389
   Town04                                      512    0.604    0.305
   Town05                                      524    0.664    0.386
   Town06                                      312    0.843    0.551
   Town07                                      259    0.656    0.296
   Town10HD                                    128    0.555    0.311
   Town11                                       49    0.939    0.580
   Town12                                     4035    0.742    0.467
   Town13                                     1410    0.765    0.461
   Town15                                      635    0.723    0.426

   splits: 840 train clips / 99 val clips (840 / 99 routes, seed 0, val fraction 0.1)
      Accident                               routes  28  val  3  clips  28  val   3
      AccidentTwoWays                        routes  35  val  4  clips  35  val   4
      BlockedIntersection                    routes  23  val  2  clips  23  val   2
      ConstructionObstacle                   routes  27  val  3  clips  27  val   3
      ConstructionObstacleTwoWays            routes  27  val  3  clips  27  val   3
      ControlLoss                            routes  13  val  1  clips  13  val   1
      CrossingBicycleFlow                    routes  26  val  3  clips  26  val   3
      DynamicObjectCrossing                  routes  26  val  3  clips  26  val   3
      EnterActorFlow                         routes  15  val  2  clips  15  val   2
      HardBreakRoute                         routes  35  val  4  clips  35  val   4
      HazardAtSideLane                       routes  43  val  4  clips  43  val   4
      HazardAtSideLaneTwoWays                routes  27  val  3  clips  27  val   3
      HighwayCutIn                           routes  27  val  3  clips  27  val   3
      HighwayExit                            routes  29  val  3  clips  29  val   3
      InterurbanActorFlow                    routes  13  val  1  clips  13  val   1
      InterurbanAdvancedActorFlow            routes  15  val  2  clips  15  val   2
      InvadingTurn                           routes  13  val  1  clips  13  val   1
      LaneChange                             routes  15  val  2  clips  15  val   2
      MergerIntoSlowTraffic                  routes   8  val  1  clips   8  val   1
      MergerIntoSlowTrafficV2                routes  18  val  2  clips  18  val   2
      NonSignalizedJunctionLeftTurn          routes  34  val  3  clips  34  val   3
      NonSignalizedJunctionLeftTurnEnterFlow routes  17  val  2  clips  17  val   2
      NonSignalizedJunctionRightTurn         routes  14  val  1  clips  14  val   1
      OppositeVehicleRunningRedLight         routes  21  val  2  clips  21  val   2
      OppositeVehicleTakingPriority          routes  21  val  2  clips  21  val   2
      ParkedObstacle                         routes  28  val  3  clips  28  val   3
      ParkedObstacleTwoWays                  routes  23  val  2  clips  23  val   2
      ParkingCrossingPedestrian              routes  20  val  2  clips  20  val   2
      ParkingCutIn                           routes  38  val  4  clips  38  val   4
      ParkingExit                            routes  27  val  3  clips  27  val   3
      PedestrianCrossing                     routes  20  val  2  clips  20  val   2
      SignalizedJunctionLeftTurn             routes  21  val  2  clips  21  val   2
      SignalizedJunctionLeftTurnEnterFlow    routes  27  val  3  clips  27  val   3
      SignalizedJunctionRightTurn            routes  15  val  2  clips  15  val   2
      StaticCutIn                            routes  24  val  2  clips  24  val   2
      TJunction                              routes  32  val  3  clips  32  val   3
      VanillaNonSignalizedTurnEncounterStopsign routes  30  val  3  clips  30  val   3
      VanillaSignalizedTurnEncounterGreenLight routes  27  val  3  clips  27  val   3
      VanillaSignalizedTurnEncounterRedLight routes  29  val  3  clips  29  val   3
      VehicleOpensDoorTwoWays                routes   3  val  1  clips   3  val   1
      VehicleTurningRoutePedestrian          routes   5  val  1  clips   5  val   1
