2026-09-29 08:08:10,282 INFO action-space normalisation from configs/b2d_action_stats.json: {'accel_mean': 0.10862279224118765, 'accel_std': 3.025160606950046, 'curvature_mean': 0.002418002025659807, 'curvature_std': 0.03580134653805723}
2026-09-29 08:08:10,291 INFO 1000 done clips to build -> /bulk/users/vla/alpamayo2edge/b2d_cache_b2dnorm (stride 20, ['camera_cross_left_120fov', 'camera_front_wide_120fov', 'camera_cross_right_120fov', 'camera_front_tele_30fov'], tokens=True)
2026-09-29 08:08:13,065 INFO AccidentTwoWays_Town12_Route1105_Weather13                7 windows (+0 cached)    1.38 s  [1/1000]
2026-09-29 08:08:13,903 INFO AccidentTwoWays_Town12_Route1102_Weather10               13 windows (+0 cached)    2.22 s  [2/1000]
2026-09-29 08:08:13,968 INFO AccidentTwoWays_Town12_Route1109_Weather9                14 windows (+0 cached)    2.28 s  [3/1000]
2026-09-29 08:08:14,008 INFO AccidentTwoWays_Town12_Route1106_Weather14               14 windows (+0 cached)    2.32 s  [4/1000]
2026-09-29 08:08:14,037 INFO AccidentTwoWays_Town12_Route1104_Weather12               14 windows (+0 cached)    2.35 s  [5/1000]
2026-09-29 08:08:14,040 INFO AccidentTwoWays_Town12_Route1107_Weather15               14 windows (+0 cached)    2.35 s  [6/1000]
2026-09-29 08:08:14,284 INFO AccidentTwoWays_Town12_Route1103_Weather11               17 windows (+0 cached)    2.60 s  [7/1000]
2026-09-29 08:08:14,683 INFO AccidentTwoWays_Town12_Route1111_Weather19               12 windows (+0 cached)    1.62 s  [8/1000]
2026-09-29 08:08:14,956 INFO AccidentTwoWays_Town12_Route1110_Weather18               20 windows (+0 cached)    3.27 s  [9/1000]
2026-09-29 08:08:15,345 INFO AccidentTwoWays_Town12_Route1116_Weather23               10 windows (+0 cached)    1.31 s  [10/1000]
2026-09-29 08:08:15,784 INFO AccidentTwoWays_Town12_Route1115_Weather23               13 windows (+0 cached)    1.75 s  [11/1000]
2026-09-29 08:08:15,832 INFO AccidentTwoWays_Town12_Route1113_Weather21               14 windows (+0 cached)    1.86 s  [12/1000]
2026-09-29 08:08:15,851 INFO AccidentTwoWays_Town12_Route1112_Weather20               14 windows (+0 cached)    1.95 s  [13/1000]
2026-09-29 08:08:16,149 INFO AccidentTwoWays_Town12_Route1117_Weather25               13 windows (+0 cached)    1.87 s  [14/1000]
2026-09-29 08:08:16,475 INFO AccidentTwoWays_Town12_Route1121_Weather3                 7 windows (+0 cached)    1.13 s  [15/1000]
2026-09-29 08:08:16,804 INFO AccidentTwoWays_Town12_Route1114_Weather22               20 windows (+0 cached)    2.80 s  [16/1000]
2026-09-29 08:08:17,051 INFO AccidentTwoWays_Town12_Route1120_Weather2                14 windows (+0 cached)    2.10 s  [17/1000]
2026-09-29 08:08:17,940 INFO AccidentTwoWays_Town12_Route1126_Weather8                14 windows (+0 cached)    2.11 s  [18/1000]
2026-09-29 08:08:18,122 INFO AccidentTwoWays_Town12_Route1127_Weather9                18 windows (+0 cached)    2.27 s  [19/1000]
2026-09-29 08:08:18,328 INFO AccidentTwoWays_Town12_Route1444_Weather0                14 windows (+0 cached)    2.18 s  [20/1000]
2026-09-29 08:08:18,717 INFO AccidentTwoWays_Town12_Route1446_Weather2                14 windows (+0 cached)    1.91 s  [21/1000]
2026-09-29 08:08:18,776 INFO AccidentTwoWays_Town12_Route1119_Weather1                29 windows (+0 cached)    4.09 s  [22/1000]
2026-09-29 08:08:19,195 INFO AccidentTwoWays_Town12_Route1448_Weather5                14 windows (+0 cached)    2.14 s  [23/1000]
2026-09-29 08:08:19,480 INFO AccidentTwoWays_Town12_Route1445_Weather1                20 windows (+0 cached)    3.00 s  [24/1000]
2026-09-29 08:08:20,010 INFO AccidentTwoWays_Town12_Route1454_Weather13               14 windows (+0 cached)    1.89 s  [25/1000]
2026-09-29 08:08:20,561 INFO AccidentTwoWays_Town12_Route1458_Weather9                14 windows (+0 cached)    1.79 s  [26/1000]
2026-09-29 08:08:20,620 INFO AccidentTwoWays_Town12_Route1455_Weather14               14 windows (+0 cached)    2.29 s  [27/1000]
2026-09-29 08:08:20,701 INFO AccidentTwoWays_Town12_Route1124_Weather18               36 windows (+0 cached)    4.92 s  [28/1000]
2026-09-29 08:08:20,909 INFO AccidentTwoWays_Town12_Route1456_Weather15               14 windows (+0 cached)    2.19 s  [29/1000]
2026-09-29 08:08:21,159 INFO AccidentTwoWays_Town12_Route1453_Weather12               20 windows (+0 cached)    3.22 s  [30/1000]
2026-09-29 08:08:21,279 INFO AccidentTwoWays_Town12_Route1459_Weather18               14 windows (+0 cached)    2.08 s  [31/1000]
2026-09-29 08:08:21,491 INFO Accident_Town03_Route101_Weather23                        6 windows (+0 cached)    0.79 s  [32/1000]
2026-09-29 08:08:21,861 INFO Accident_Town03_Route102_Weather20                        7 windows (+0 cached)    0.95 s  [33/1000]
2026-09-29 08:08:21,873 INFO AccidentTwoWays_Town12_Route1463_Weather22               14 windows (+0 cached)    1.86 s  [34/1000]
2026-09-29 08:08:22,161 INFO AccidentTwoWays_Town12_Route1461_Weather20               20 windows (+0 cached)    2.68 s  [35/1000]
2026-09-29 08:08:22,205 INFO Accident_Town03_Route146_Weather8                         7 windows (+0 cached)    1.05 s  [36/1000]
2026-09-29 08:08:22,324 INFO Accident_Town03_Route156_Weather0                         7 windows (+0 cached)    1.05 s  [37/1000]
2026-09-29 08:08:22,604 INFO AccidentTwoWays_Town12_Route1469_Weather3                14 windows (+0 cached)    1.98 s  [38/1000]
2026-09-29 08:08:22,914 INFO Accident_Town04_Route159_Weather3                        10 windows (+0 cached)    1.42 s  [39/1000]
2026-09-29 08:08:23,182 INFO Accident_Town04_Route205_Weather23                        8 windows (+0 cached)    1.31 s  [40/1000]
2026-09-29 08:08:23,271 INFO AccidentTwoWays_Town12_Route1468_Weather2                20 windows (+0 cached)    2.71 s  [41/1000]
2026-09-29 08:08:23,308 INFO Accident_Town05_Route218_Weather10                        7 windows (+0 cached)    1.15 s  [42/1000]
2026-09-29 08:08:23,314 INFO Accident_Town04_Route160_Weather3                         9 windows (+0 cached)    1.45 s  [43/1000]
2026-09-29 08:08:23,383 INFO Accident_Town06_Route279_Weather19                        7 windows (+0 cached)    1.06 s  [44/1000]
2026-09-29 08:08:23,446 INFO Accident_Town05_Route219_Weather11                        8 windows (+0 cached)    1.24 s  [45/1000]
2026-09-29 08:08:23,782 INFO Accident_Town06_Route280_Weather11                        8 windows (+0 cached)    1.18 s  [46/1000]
2026-09-29 08:08:23,874 INFO Accident_Town06_Route308_Weather22                        7 windows (+0 cached)    0.96 s  [47/1000]
2026-09-29 08:08:24,061 INFO Accident_Town12_Route1108_Weather8                        6 windows (+0 cached)    0.79 s  [48/1000]
2026-09-29 08:08:24,142 INFO Accident_Town12_Route1122_Weather3                        6 windows (+0 cached)    0.83 s  [49/1000]
2026-09-29 08:08:24,227 INFO Accident_Town06_Route327_Weather15                        7 windows (+0 cached)    1.04 s  [50/1000]
2026-09-29 08:08:24,439 INFO Accident_Town12_Route768_Weather14                        7 windows (+0 cached)    0.99 s  [51/1000]
2026-09-29 08:08:24,501 INFO Accident_Town12_Route767_Weather13                        8 windows (+0 cached)    1.12 s  [52/1000]
2026-09-29 08:08:24,762 INFO Accident_Town12_Route769_Weather15                        7 windows (+0 cached)    0.98 s  [53/1000]
2026-09-29 08:08:25,145 INFO Accident_Town12_Route766_Weather12                       13 windows (+0 cached)    1.83 s  [54/1000]
2026-09-29 08:08:25,151 INFO Accident_Town12_Route957_Weather21                        8 windows (+0 cached)    1.09 s  [55/1000]
2026-09-29 08:08:25,256 INFO Accident_Town13_Route551_Weather5                         7 windows (+0 cached)    1.03 s  [56/1000]
2026-09-29 08:08:25,339 INFO Accident_Town13_Route550_Weather3                         7 windows (+0 cached)    1.20 s  [57/1000]
2026-09-29 08:08:25,505 INFO Accident_Town15_Route411_Weather21                        7 windows (+0 cached)    1.00 s  [58/1000]
2026-09-29 08:08:26,104 INFO Accident_Town15_Route413_Weather23                        7 windows (+0 cached)    0.96 s  [59/1000]
2026-09-29 08:08:26,239 INFO Accident_Town15_Route414_Weather23                        8 windows (+0 cached)    1.09 s  [60/1000]
2026-09-29 08:08:26,359 INFO Accident_Town13_Route552_Weather6                        13 windows (+0 cached)    1.92 s  [61/1000]
2026-09-29 08:08:26,640 INFO Accident_Town12_Route956_Weather20                       20 windows (+0 cached)    2.77 s  [62/1000]
2026-09-29 08:08:26,828 INFO Accident_Town15_Route412_Weather22                       14 windows (+0 cached)    2.07 s  [63/1000]
2026-09-29 08:08:26,850 INFO BlockedIntersection_Town03_Route136_Weather6              9 windows (+0 cached)    1.34 s  [64/1000]
2026-09-29 08:08:27,279 INFO BlockedIntersection_Town04_Route194_Weather12             8 windows (+0 cached)    1.04 s  [65/1000]
2026-09-29 08:08:27,831 INFO BlockedIntersection_Town04_Route193_Weather11            12 windows (+0 cached)    1.73 s  [66/1000]
2026-09-29 08:08:28,019 INFO BlockedIntersection_Town04_Route195_Weather13            12 windows (+0 cached)    1.66 s  [67/1000]
2026-09-29 08:08:28,084 INFO BlockedIntersection_Town05_Route248_Weather14             9 windows (+0 cached)    1.26 s  [68/1000]
2026-09-29 08:08:28,274 INFO BlockedIntersection_Town03_Route134_Weather3             21 windows (+0 cached)    3.02 s  [69/1000]
2026-09-29 08:08:28,476 INFO BlockedIntersection_Town05_Route247_Weather19            14 windows (+0 cached)    1.84 s  [70/1000]
2026-09-29 08:08:28,684 INFO BlockedIntersection_Town07_Route351_Weather13            10 windows (+0 cached)    1.40 s  [71/1000]
2026-09-29 08:08:28,921 INFO BlockedIntersection_Town07_Route353_Weather15             6 windows (+0 cached)    0.90 s  [72/1000]
2026-09-29 08:08:29,129 INFO BlockedIntersection_Town07_Route352_Weather14             9 windows (+0 cached)    1.30 s  [73/1000]
2026-09-29 08:08:29,268 INFO BlockedIntersection_Town03_Route135_Weather5             27 windows (+0 cached)    3.92 s  [74/1000]
2026-09-29 08:08:29,621 INFO BlockedIntersection_Town12_Route835_Weather3              8 windows (+0 cached)    1.15 s  [75/1000]
2026-09-29 08:08:29,753 INFO BlockedIntersection_Town12_Route834_Weather2              9 windows (+0 cached)    1.48 s  [76/1000]
2026-09-29 08:08:30,238 INFO BlockedIntersection_Town10HD_Route391_Weather1           14 windows (+0 cached)    2.15 s  [77/1000]
2026-09-29 08:08:30,692 INFO BlockedIntersection_Town13_Route617_Weather19             8 windows (+0 cached)    1.07 s  [78/1000]
2026-09-29 08:08:30,914 INFO BlockedIntersection_Town13_Route618_Weather20             8 windows (+0 cached)    1.16 s  [79/1000]
2026-09-29 08:08:30,936 INFO BlockedIntersection_Town05_Route272_Weather12            29 windows (+0 cached)    4.09 s  [80/1000]
2026-09-29 08:08:31,206 INFO BlockedIntersection_Town15_Route485_Weather9              7 windows (+0 cached)    0.97 s  [81/1000]
2026-09-29 08:08:31,222 INFO BlockedIntersection_Town13_Route615_Weather9             14 windows (+0 cached)    2.09 s  [82/1000]
2026-09-29 08:08:31,944 INFO ConstructionObstacleTwoWays_Town12_Route1080_Weather14    7 windows (+0 cached)    1.03 s  [83/1000]
2026-09-29 08:08:32,350 INFO BlockedIntersection_Town15_Route486_Weather18            12 windows (+0 cached)    1.66 s  [84/1000]
2026-09-29 08:08:32,534 INFO BlockedIntersection_Town13_Route616_Weather18            21 windows (+0 cached)    3.27 s  [85/1000]
2026-09-29 08:08:32,624 INFO BlockedIntersection_Town12_Route836_Weather3             28 windows (+0 cached)    3.94 s  [86/1000]
2026-09-29 08:08:32,756 INFO ConstructionObstacleTwoWays_Town12_Route1083_Weather9    15 windows (+0 cached)    1.82 s  [87/1000]
2026-09-29 08:08:32,795 INFO ConstructionObstacleTwoWays_Town12_Route1086_Weather20    6 windows (+0 cached)    0.85 s  [88/1000]
2026-09-29 08:08:32,862 INFO BlockedIntersection_Town12_Route936_Weather0             28 windows (+0 cached)    3.94 s  [89/1000]
2026-09-29 08:08:32,972 INFO ConstructionObstacleTwoWays_Town12_Route1084_Weather5    12 windows (+0 cached)    1.77 s  [90/1000]
2026-09-29 08:08:33,531 INFO ConstructionObstacleTwoWays_Town12_Route1085_Weather6    16 windows (+0 cached)    2.31 s  [91/1000]
2026-09-29 08:08:34,223 INFO ConstructionObstacleTwoWays_Town12_Route1094_Weather2    11 windows (+0 cached)    1.47 s  [92/1000]
2026-09-29 08:08:34,329 INFO ConstructionObstacleTwoWays_Town12_Route1089_Weather23   15 windows (+0 cached)    1.98 s  [93/1000]
2026-09-29 08:08:34,571 INFO ConstructionObstacleTwoWays_Town12_Route1091_Weather12   15 windows (+0 cached)    2.04 s  [94/1000]
2026-09-29 08:08:34,685 INFO ConstructionObstacleTwoWays_Town12_Route1093_Weather1    15 windows (+0 cached)    2.06 s  [95/1000]
2026-09-29 08:08:34,696 INFO ConstructionObstacleTwoWays_Town12_Route1095_Weather3    14 windows (+0 cached)    1.90 s  [96/1000]
2026-09-29 08:08:34,732 INFO ConstructionObstacleTwoWays_Town12_Route1096_Weather3    14 windows (+0 cached)    1.87 s  [97/1000]
2026-09-29 08:08:34,903 INFO ConstructionObstacleTwoWays_Town12_Route1097_Weather5    14 windows (+0 cached)    1.93 s  [98/1000]
2026-09-29 08:08:35,319 INFO ConstructionObstacleTwoWays_Town12_Route1099_Weather7     8 windows (+0 cached)    1.10 s  [99/1000]
2026-09-29 08:08:35,397 INFO ConstructionObstacleTwoWays_Town12_Route1098_Weather6    14 windows (+0 cached)    1.87 s  [100/1000]
2026-09-29 08:08:36,555 INFO ConstructionObstacleTwoWays_Town12_Route1410_Weather26   14 windows (+0 cached)    1.86 s  [101/1000]
2026-09-29 08:08:36,566 INFO ConstructionObstacleTwoWays_Town12_Route1406_Weather26   14 windows (+0 cached)    1.88 s  [102/1000]
2026-09-29 08:08:36,712 INFO ConstructionObstacleTwoWays_Town12_Route1413_Weather26   14 windows (+0 cached)    1.98 s  [103/1000]
2026-09-29 08:08:36,728 INFO ConstructionObstacleTwoWays_Town12_Route1404_Weather26   15 windows (+0 cached)    2.16 s  [104/1000]
2026-09-29 08:08:36,804 INFO ConstructionObstacleTwoWays_Town12_Route1414_Weather26   14 windows (+0 cached)    1.90 s  [105/1000]
2026-09-29 08:08:37,229 INFO ConstructionObstacleTwoWays_Town12_Route1415_Weather26   14 windows (+0 cached)    1.91 s  [106/1000]
2026-09-29 08:08:37,371 INFO ConstructionObstacleTwoWays_Town12_Route1418_Weather26   14 windows (+0 cached)    1.97 s  [107/1000]
2026-09-29 08:08:37,691 INFO ConstructionObstacleTwoWays_Town12_Route1100_Weather14   26 windows (+0 cached)    3.36 s  [108/1000]
2026-09-29 08:08:38,393 INFO ConstructionObstacle_Town03_Route61_Weather9              7 windows (+0 cached)    1.02 s  [109/1000]
2026-09-29 08:08:38,403 INFO ConstructionObstacle_Town03_Route60_Weather8              8 windows (+0 cached)    1.17 s  [110/1000]
2026-09-29 08:08:38,558 INFO ConstructionObstacle_Town03_Route62_Weather10             6 windows (+0 cached)    0.87 s  [111/1000]
2026-09-29 08:08:38,625 INFO ConstructionObstacleTwoWays_Town12_Route1421_Weather26   15 windows (+0 cached)    2.06 s  [112/1000]
2026-09-29 08:08:38,670 INFO ConstructionObstacleTwoWays_Town12_Route1419_Weather26   15 windows (+0 cached)    2.11 s  [113/1000]
2026-09-29 08:08:38,692 INFO ConstructionObstacleTwoWays_Town12_Route1422_Weather26   14 windows (+0 cached)    1.98 s  [114/1000]
2026-09-29 08:08:38,708 INFO ConstructionObstacleTwoWays_Town12_Route1424_Weather26   14 windows (+0 cached)    1.98 s  [115/1000]
2026-09-29 08:08:38,816 INFO ConstructionObstacleTwoWays_Town12_Route1425_Weather26   14 windows (+0 cached)    2.01 s  [116/1000]
2026-09-29 08:08:39,410 INFO ConstructionObstacle_Town04_Route64_Weather12             7 windows (+0 cached)    1.01 s  [117/1000]
2026-09-29 08:08:39,450 INFO ConstructionObstacle_Town04_Route67_Weather15             5 windows (+0 cached)    0.78 s  [118/1000]
2026-09-29 08:08:39,481 INFO ConstructionObstacle_Town03_Route63_Weather11             8 windows (+0 cached)    1.09 s  [119/1000]
2026-09-29 08:08:39,538 INFO ConstructionObstacle_Town04_Route65_Weather13             7 windows (+0 cached)    0.98 s  [120/1000]
2026-09-29 08:08:39,566 INFO ConstructionObstacle_Town05_Route69_Weather9              6 windows (+0 cached)    0.86 s  [121/1000]
2026-09-29 08:08:39,716 INFO ConstructionObstacle_Town05_Route68_Weather8              7 windows (+0 cached)    1.02 s  [122/1000]
2026-09-29 08:08:39,731 INFO ConstructionObstacle_Town04_Route66_Weather14             8 windows (+0 cached)    1.11 s  [123/1000]
2026-09-29 08:08:39,837 INFO ConstructionObstacle_Town05_Route70_Weather18             7 windows (+0 cached)    1.02 s  [124/1000]
2026-09-29 08:08:40,172 INFO ConstructionObstacle_Town06_Route73_Weather21             5 windows (+0 cached)    0.69 s  [125/1000]
2026-09-29 08:08:40,241 INFO ConstructionObstacle_Town05_Route71_Weather19             6 windows (+0 cached)    0.83 s  [126/1000]
2026-09-29 08:08:40,340 INFO ConstructionObstacle_Town10HD_Route74_Weather22           6 windows (+0 cached)    0.80 s  [127/1000]
2026-09-29 08:08:40,468 INFO ConstructionObstacle_Town12_Route75_Weather23             7 windows (+0 cached)    0.90 s  [128/1000]
2026-09-29 08:08:40,552 INFO ConstructionObstacle_Town06_Route72_Weather20             8 windows (+0 cached)    1.10 s  [129/1000]
2026-09-29 08:08:40,678 INFO ConstructionObstacle_Town12_Route77_Weather25             7 windows (+0 cached)    0.95 s  [130/1000]
2026-09-29 08:08:40,685 INFO ConstructionObstacle_Town12_Route76_Weather23             7 windows (+0 cached)    0.97 s  [131/1000]
2026-09-29 08:08:40,856 INFO ConstructionObstacle_Town12_Route78_Weather0              7 windows (+0 cached)    1.02 s  [132/1000]
2026-09-29 08:08:41,159 INFO ConstructionObstacle_Town13_Route80_Weather2              6 windows (+0 cached)    0.92 s  [133/1000]
2026-09-29 08:08:41,265 INFO ConstructionObstacle_Town12_Route79_Weather1              7 windows (+0 cached)    1.09 s  [134/1000]
2026-09-29 08:08:41,363 INFO ConstructionObstacle_Town13_Route81_Weather3              7 windows (+0 cached)    1.02 s  [135/1000]
2026-09-29 08:08:41,378 INFO ConstructionObstacle_Town15_Route84_Weather6              5 windows (+0 cached)    0.70 s  [136/1000]
2026-09-29 08:08:41,482 INFO ConstructionObstacle_Town13_Route82_Weather3              7 windows (+0 cached)    1.01 s  [137/1000]
2026-09-29 08:08:41,486 INFO ConstructionObstacle_Town15_Route87_Weather9              5 windows (+0 cached)    0.63 s  [138/1000]
2026-09-29 08:08:41,513 INFO ConstructionObstacle_Town13_Route83_Weather5              7 windows (+0 cached)    0.96 s  [139/1000]
2026-09-29 08:08:41,624 INFO ConstructionObstacle_Town15_Route85_Weather7              6 windows (+0 cached)    0.94 s  [140/1000]
2026-09-29 08:08:42,216 INFO ControlLoss_Town10HD_Route377_Weather13                   5 windows (+0 cached)    0.73 s  [141/1000]
2026-09-29 08:08:42,418 INFO ControlLoss_Town10HD_Route378_Weather14                   7 windows (+0 cached)    0.93 s  [142/1000]
2026-09-29 08:08:42,469 INFO ControlLoss_Town07_Route333_Weather21                     9 windows (+0 cached)    1.09 s  [143/1000]
2026-09-29 08:08:42,636 INFO ControlLoss_Town11_Route402_Weather12                     8 windows (+0 cached)    1.01 s  [144/1000]
2026-09-29 08:08:43,108 INFO ControlLoss_Town07_Route332_Weather20                    14 windows (+0 cached)    1.75 s  [145/1000]
2026-09-29 08:08:43,298 INFO ControlLoss_Town11_Route401_Weather11                    14 windows (+0 cached)    1.79 s  [146/1000]
2026-09-29 08:08:43,313 INFO ControlLoss_Town04_Route170_Weather14                    14 windows (+0 cached)    2.05 s  [147/1000]
2026-09-29 08:08:43,388 INFO ControlLoss_Town13_Route574_Weather19                     8 windows (+0 cached)    1.17 s  [148/1000]
2026-09-29 08:08:43,593 INFO ControlLoss_Town15_Route430_Weather14                     9 windows (+0 cached)    1.17 s  [149/1000]
2026-09-29 08:08:43,603 INFO ControlLoss_Town04_Route169_Weather13                    18 windows (+0 cached)    2.44 s  [150/1000]
2026-09-29 08:08:43,851 INFO ControlLoss_Town15_Route432_Weather8                      9 windows (+0 cached)    1.21 s  [151/1000]
2026-09-29 08:08:43,914 INFO ControlLoss_Town15_Route431_Weather15                    11 windows (+0 cached)    1.44 s  [152/1000]
2026-09-29 08:08:44,485 INFO ControlLoss_Town15_Route433_Weather9                     11 windows (+0 cached)    1.38 s  [153/1000]
2026-09-29 08:08:45,557 INFO CrossingBicycleFlow_Town12_Route1011_Weather23           17 windows (+0 cached)    2.26 s  [154/1000]
2026-09-29 08:08:45,781 INFO CrossingBicycleFlow_Town12_Route1044_Weather3            16 windows (+0 cached)    2.19 s  [155/1000]
2026-09-29 08:08:45,807 INFO CrossingBicycleFlow_Town12_Route1032_Weather18           16 windows (+0 cached)    2.42 s  [156/1000]
2026-09-29 08:08:45,926 INFO CrossingBicycleFlow_Town12_Route1012_Weather23           18 windows (+0 cached)    2.61 s  [157/1000]
2026-09-29 08:08:46,039 INFO CrossingBicycleFlow_Town12_Route1050_Weather10           17 windows (+0 cached)    2.44 s  [158/1000]
2026-09-29 08:08:46,256 INFO CrossingBicycleFlow_Town12_Route1061_Weather21           17 windows (+0 cached)    2.40 s  [159/1000]
2026-09-29 08:08:46,410 INFO CrossingBicycleFlow_Town12_Route1067_Weather1             3 windows (+0 cached)    0.48 s  [160/1000]
2026-09-29 08:08:46,728 INFO CrossingBicycleFlow_Town12_Route1062_Weather22           20 windows (+0 cached)    2.81 s  [161/1000]
2026-09-29 08:08:46,840 INFO CrossingBicycleFlow_Town12_Route1063_Weather23           17 windows (+0 cached)    2.36 s  [162/1000]
2026-09-29 08:08:47,720 INFO CrossingBicycleFlow_Town12_Route1064_Weather23           16 windows (+0 cached)    2.16 s  [163/1000]
2026-09-29 08:08:48,225 INFO CrossingBicycleFlow_Town12_Route1066_Weather0            17 windows (+0 cached)    2.42 s  [164/1000]
2026-09-29 08:08:48,244 INFO CrossingBicycleFlow_Town12_Route1065_Weather25           18 windows (+0 cached)    2.46 s  [165/1000]
2026-09-29 08:08:48,343 INFO CrossingBicycleFlow_Town12_Route1068_Weather2            17 windows (+0 cached)    2.30 s  [166/1000]
2026-09-29 08:08:48,961 INFO CrossingBicycleFlow_Town12_Route1070_Weather3            19 windows (+0 cached)    2.70 s  [167/1000]
2026-09-29 08:08:48,999 INFO CrossingBicycleFlow_Town12_Route1071_Weather0            17 windows (+0 cached)    2.59 s  [168/1000]
2026-09-29 08:08:49,201 INFO CrossingBicycleFlow_Town12_Route1072_Weather6            18 windows (+0 cached)    2.47 s  [169/1000]
2026-09-29 08:08:49,328 INFO CrossingBicycleFlow_Town12_Route1073_Weather7            17 windows (+0 cached)    2.49 s  [170/1000]
2026-09-29 08:08:50,084 INFO CrossingBicycleFlow_Town12_Route1074_Weather8            17 windows (+0 cached)    2.36 s  [171/1000]
2026-09-29 08:08:50,492 INFO CrossingBicycleFlow_Town12_Route1077_Weather11           17 windows (+0 cached)    2.15 s  [172/1000]
2026-09-29 08:08:50,599 INFO CrossingBicycleFlow_Town12_Route1076_Weather10           17 windows (+0 cached)    2.35 s  [173/1000]
2026-09-29 08:08:50,599 INFO CrossingBicycleFlow_Town12_Route1075_Weather9            17 windows (+0 cached)    2.37 s  [174/1000]
2026-09-29 08:08:51,437 INFO DynamicObjectCrossing_Town01_Route3_Weather3              6 windows (+0 cached)    0.84 s  [175/1000]
2026-09-29 08:08:51,441 INFO DynamicObjectCrossing_Town01_Route1_Weather1              7 windows (+0 cached)    0.95 s  [176/1000]
2026-09-29 08:08:51,529 INFO CrossingBicycleFlow_Town12_Route863_Weather5             16 windows (+0 cached)    2.20 s  [177/1000]
2026-09-29 08:08:51,554 INFO CrossingBicycleFlow_Town12_Route862_Weather3             17 windows (+0 cached)    2.35 s  [178/1000]
2026-09-29 08:08:51,806 INFO CrossingBicycleFlow_Town12_Route860_Weather2             19 windows (+0 cached)    2.81 s  [179/1000]
2026-09-29 08:08:52,099 INFO DynamicObjectCrossing_Town01_Route4_Weather3              5 windows (+0 cached)    0.66 s  [180/1000]
2026-09-29 08:08:52,196 INFO CrossingBicycleFlow_Town12_Route977_Weather15            15 windows (+0 cached)    2.11 s  [181/1000]
2026-09-29 08:08:52,264 INFO DynamicObjectCrossing_Town01_Route7_Weather7              5 windows (+0 cached)    0.71 s  [182/1000]
2026-09-29 08:08:52,308 INFO DynamicObjectCrossing_Town01_Route6_Weather6              6 windows (+0 cached)    0.78 s  [183/1000]
2026-09-29 08:08:52,391 INFO DynamicObjectCrossing_Town01_Route5_Weather2              7 windows (+0 cached)    0.95 s  [184/1000]
2026-09-29 08:08:52,765 INFO DynamicObjectCrossing_Town01_Route8_Weather3              7 windows (+0 cached)    0.96 s  [185/1000]
2026-09-29 08:08:52,933 INFO DynamicObjectCrossing_Town02_Route11_Weather11            6 windows (+0 cached)    0.83 s  [186/1000]
2026-09-29 08:08:53,004 INFO DynamicObjectCrossing_Town02_Route12_Weather12            6 windows (+0 cached)    0.81 s  [187/1000]
2026-09-29 08:08:53,236 INFO DynamicObjectCrossing_Town02_Route15_Weather15            6 windows (+0 cached)    0.84 s  [188/1000]
2026-09-29 08:08:53,271 INFO DynamicObjectCrossing_Town02_Route13_Weather6             7 windows (+0 cached)    1.01 s  [189/1000]
2026-09-29 08:08:53,285 INFO DynamicObjectCrossing_Town02_Route14_Weather14            7 windows (+0 cached)    0.98 s  [190/1000]
2026-09-29 08:08:53,409 INFO DynamicObjectCrossing_Town10HD_Route18_Weather18          3 windows (+0 cached)    0.48 s  [191/1000]
2026-09-29 08:08:53,458 INFO DynamicObjectCrossing_Town10HD_Route19_Weather19          3 windows (+0 cached)    0.45 s  [192/1000]
2026-09-29 08:08:53,600 INFO DynamicObjectCrossing_Town01_Route2_Weather2             22 windows (+0 cached)    3.00 s  [193/1000]
2026-09-29 08:08:53,646 INFO DynamicObjectCrossing_Town02_Route9_Weather9              6 windows (+0 cached)    0.88 s  [194/1000]
2026-09-29 08:08:54,179 INFO DynamicObjectCrossing_Town12_Route21_Weather21            7 windows (+0 cached)    0.91 s  [195/1000]
2026-09-29 08:08:54,196 INFO DynamicObjectCrossing_Town12_Route22_Weather22            7 windows (+0 cached)    0.91 s  [196/1000]
2026-09-29 08:08:54,264 INFO DynamicObjectCrossing_Town11_Route20_Weather20            8 windows (+0 cached)    1.03 s  [197/1000]
2026-09-29 08:08:54,326 INFO DynamicObjectCrossing_Town13_Route24_Weather23            6 windows (+0 cached)    0.87 s  [198/1000]
2026-09-29 08:08:54,476 INFO DynamicObjectCrossing_Town13_Route25_Weather25            6 windows (+0 cached)    0.88 s  [199/1000]
2026-09-29 08:08:54,730 INFO CrossingBicycleFlow_Town12_Route1078_Weather12           43 windows (+0 cached)    5.77 s  [200/1000]
2026-09-29 08:08:55,045 INFO DynamicObjectCrossing_Town15_Route28_Weather2             6 windows (+0 cached)    0.85 s  [201/1000]
2026-09-29 08:08:55,066 INFO DynamicObjectCrossing_Town12_Route23_Weather23           12 windows (+0 cached)    1.66 s  [202/1000]
2026-09-29 08:08:55,079 INFO DynamicObjectCrossing_Town13_Route26_Weather0            10 windows (+0 cached)    1.43 s  [203/1000]
2026-09-29 08:08:55,086 INFO DynamicObjectCrossing_Town15_Route29_Weather3             6 windows (+0 cached)    0.82 s  [204/1000]
2026-09-29 08:08:55,095 INFO DynamicObjectCrossing_Town15_Route27_Weather1             7 windows (+0 cached)    0.92 s  [205/1000]
2026-09-29 08:08:55,389 INFO EnterActorFlow_Town12_Route830_Weather23                  2 windows (+0 cached)    0.29 s  [206/1000]
2026-09-29 08:08:55,490 INFO EnterActorFlow_Town04_Route192_Weather10                  8 windows (+0 cached)    1.01 s  [207/1000]
2026-09-29 08:08:55,499 INFO EnterActorFlow_Town07_Route349_Weather11                  3 windows (+0 cached)    0.42 s  [208/1000]
2026-09-29 08:08:55,598 INFO EnterActorFlow_Town07_Route348_Weather10                  4 windows (+0 cached)    0.53 s  [209/1000]
2026-09-29 08:08:55,797 INFO EnterActorFlow_Town13_Route611_Weather13                  2 windows (+0 cached)    0.30 s  [210/1000]
2026-09-29 08:08:55,814 INFO EnterActorFlow_Town12_Route831_Weather25                  3 windows (+0 cached)    0.43 s  [211/1000]
2026-09-29 08:08:56,068 INFO EnterActorFlow_Town13_Route613_Weather15                  2 windows (+0 cached)    0.27 s  [212/1000]
2026-09-29 08:08:56,723 INFO EnterActorFlow_Town05_Route245_Weather9                  15 windows (+0 cached)    1.99 s  [213/1000]
2026-09-29 08:08:57,085 INFO EnterActorFlow_Town13_Route614_Weather8                   8 windows (+0 cached)    1.27 s  [214/1000]
2026-09-29 08:08:57,545 INFO EnterActorFlow_Town03_Route132_Weather2                  23 windows (+0 cached)    3.22 s  [215/1000]
2026-09-29 08:08:58,163 INFO EnterActorFlow_Town07_Route350_Weather12                 23 windows (+0 cached)    3.08 s  [216/1000]
2026-09-29 08:08:58,300 INFO HardBreakRoute_Town01_Route30_Weather3                   11 windows (+0 cached)    1.58 s  [217/1000]
2026-09-29 08:08:58,719 INFO EnterActorFlow_Town12_Route832_Weather0                  22 windows (+0 cached)    3.23 s  [218/1000]
2026-09-29 08:08:58,761 INFO HardBreakRoute_Town01_Route31_Weather5                   11 windows (+0 cached)    1.68 s  [219/1000]
2026-09-29 08:08:58,881 INFO HardBreakRoute_Town02_Route33_Weather7                    5 windows (+0 cached)    0.72 s  [220/1000]
2026-09-29 08:08:58,952 INFO HardBreakRoute_Town02_Route34_Weather8                    4 windows (+0 cached)    0.65 s  [221/1000]
2026-09-29 08:08:59,187 INFO HardBreakRoute_Town01_Route32_Weather6                   11 windows (+0 cached)    1.64 s  [222/1000]
2026-09-29 08:08:59,204 INFO EnterActorFlow_Town13_Route612_Weather14                 23 windows (+0 cached)    3.59 s  [223/1000]
2026-09-29 08:08:59,306 INFO HardBreakRoute_Town02_Route35_Weather9                    4 windows (+0 cached)    0.59 s  [224/1000]
2026-09-29 08:08:59,493 INFO EnterActorFlow_Town13_Route681_Weather5                  23 windows (+0 cached)    3.42 s  [225/1000]
2026-09-29 08:08:59,688 INFO EnterActorFlow_Town05_Route271_Weather11                 35 windows (+0 cached)    4.64 s  [226/1000]
2026-09-29 08:09:00,283 INFO HardBreakRoute_Town03_Route36_Weather10                  12 windows (+0 cached)    1.52 s  [227/1000]
2026-09-29 08:09:00,316 INFO HardBreakRoute_Town03_Route37_Weather11                  11 windows (+0 cached)    1.44 s  [228/1000]
2026-09-29 08:09:00,657 INFO HardBreakRoute_Town04_Route40_Weather14                  10 windows (+0 cached)    1.45 s  [229/1000]
2026-09-29 08:09:00,670 INFO HardBreakRoute_Town04_Route39_Weather13                  11 windows (+0 cached)    1.48 s  [230/1000]
2026-09-29 08:09:00,834 INFO HardBreakRoute_Town04_Route41_Weather15                  11 windows (+0 cached)    1.53 s  [231/1000]
2026-09-29 08:09:01,224 INFO HardBreakRoute_Town05_Route43_Weather9                   12 windows (+0 cached)    1.54 s  [232/1000]
2026-09-29 08:09:01,686 INFO HardBreakRoute_Town03_Route38_Weather12                  21 windows (+0 cached)    2.73 s  [233/1000]
2026-09-29 08:09:01,732 INFO HardBreakRoute_Town05_Route44_Weather18                  11 windows (+0 cached)    1.45 s  [234/1000]
2026-09-29 08:09:01,960 INFO HardBreakRoute_Town06_Route45_Weather19                  12 windows (+0 cached)    1.64 s  [235/1000]
2026-09-29 08:09:02,399 INFO HardBreakRoute_Town07_Route47_Weather21                  12 windows (+0 cached)    1.73 s  [236/1000]
2026-09-29 08:09:02,448 INFO HardBreakRoute_Town07_Route48_Weather22                  12 windows (+0 cached)    1.61 s  [237/1000]
2026-09-29 08:09:02,660 INFO HardBreakRoute_Town10HD_Route49_Weather23                 9 windows (+0 cached)    1.44 s  [238/1000]
2026-09-29 08:09:03,320 INFO HardBreakRoute_Town11_Route50_Weather23                  12 windows (+0 cached)    1.63 s  [239/1000]
2026-09-29 08:09:03,470 INFO HardBreakRoute_Town12_Route52_Weather0                   11 windows (+0 cached)    1.51 s  [240/1000]
2026-09-29 08:09:03,504 INFO HardBreakRoute_Town05_Route42_Weather8                   28 windows (+0 cached)    4.01 s  [241/1000]
2026-09-29 08:09:03,696 INFO HardBreakRoute_Town12_Route51_Weather25                  13 windows (+0 cached)    1.96 s  [242/1000]
2026-09-29 08:09:03,799 INFO HardBreakRoute_Town06_Route46_Weather20                  22 windows (+0 cached)    3.14 s  [243/1000]
2026-09-29 08:09:03,945 INFO HardBreakRoute_Town12_Route53_Weather1                   11 windows (+0 cached)    1.55 s  [244/1000]
2026-09-29 08:09:03,977 INFO HardBreakRoute_Town13_Route1337_Weather26                11 windows (+0 cached)    1.53 s  [245/1000]
2026-09-29 08:09:04,189 INFO HardBreakRoute_Town13_Route1338_Weather26                11 windows (+0 cached)    1.53 s  [246/1000]
2026-09-29 08:09:04,849 INFO HardBreakRoute_Town13_Route1339_Weather26                11 windows (+0 cached)    1.53 s  [247/1000]
2026-09-29 08:09:04,979 INFO HardBreakRoute_Town13_Route1340_Weather26                11 windows (+0 cached)    1.51 s  [248/1000]
2026-09-29 08:09:05,369 INFO HardBreakRoute_Town13_Route55_Weather3                   11 windows (+0 cached)    1.57 s  [249/1000]
2026-09-29 08:09:05,511 INFO HardBreakRoute_Town13_Route1341_Weather26                13 windows (+0 cached)    2.01 s  [250/1000]
2026-09-29 08:09:05,624 INFO HardBreakRoute_Town15_Route57_Weather5                   11 windows (+0 cached)    1.65 s  [251/1000]
2026-09-29 08:09:05,786 INFO HardBreakRoute_Town15_Route58_Weather6                   11 windows (+0 cached)    1.60 s  [252/1000]
2026-09-29 08:09:05,892 INFO HardBreakRoute_Town13_Route54_Weather2                   16 windows (+0 cached)    2.20 s  [253/1000]
2026-09-29 08:09:06,203 INFO HardBreakRoute_Town13_Route56_Weather3                   16 windows (+0 cached)    2.26 s  [254/1000]
2026-09-29 08:09:06,281 INFO HazardAtSideLaneTwoWays_Town12_Route1128_Weather10        9 windows (+0 cached)    1.30 s  [255/1000]
2026-09-29 08:09:06,590 INFO HazardAtSideLaneTwoWays_Town12_Route1129_Weather11        8 windows (+0 cached)    1.22 s  [256/1000]
2026-09-29 08:09:06,848 INFO HazardAtSideLaneTwoWays_Town12_Route1132_Weather14        8 windows (+0 cached)    1.06 s  [257/1000]
2026-09-29 08:09:06,878 INFO HazardAtSideLaneTwoWays_Town12_Route1131_Weather13        9 windows (+0 cached)    1.25 s  [258/1000]
2026-09-29 08:09:06,912 INFO HazardAtSideLaneTwoWays_Town12_Route1130_Weather12       10 windows (+0 cached)    1.40 s  [259/1000]
2026-09-29 08:09:07,031 INFO HazardAtSideLaneTwoWays_Town12_Route1133_Weather15        9 windows (+0 cached)    1.14 s  [260/1000]
2026-09-29 08:09:07,341 INFO HazardAtSideLaneTwoWays_Town12_Route1134_Weather8         8 windows (+0 cached)    1.14 s  [261/1000]
2026-09-29 08:09:07,603 INFO HazardAtSideLaneTwoWays_Town12_Route1135_Weather9         9 windows (+0 cached)    1.32 s  [262/1000]
2026-09-29 08:09:07,717 INFO HazardAtSideLaneTwoWays_Town12_Route1136_Weather18        8 windows (+0 cached)    1.13 s  [263/1000]
2026-09-29 08:09:07,746 INFO HazardAtSideLaneTwoWays_Town12_Route1138_Weather20        7 windows (+0 cached)    0.87 s  [264/1000]
2026-09-29 08:09:07,852 INFO HazardAtSideLaneTwoWays_Town12_Route1137_Weather19        8 windows (+0 cached)    1.00 s  [265/1000]
2026-09-29 08:09:07,971 INFO HazardAtSideLaneTwoWays_Town12_Route1139_Weather21        8 windows (+0 cached)    1.06 s  [266/1000]
2026-09-29 08:09:08,163 INFO HazardAtSideLaneTwoWays_Town12_Route1140_Weather22        9 windows (+0 cached)    1.13 s  [267/1000]
2026-09-29 08:09:08,443 INFO HazardAtSideLaneTwoWays_Town12_Route1141_Weather23        9 windows (+0 cached)    1.10 s  [268/1000]
2026-09-29 08:09:08,611 INFO HazardAtSideLaneTwoWays_Town12_Route1142_Weather23        8 windows (+0 cached)    1.01 s  [269/1000]
2026-09-29 08:09:09,036 INFO HazardAtSideLaneTwoWays_Town12_Route1143_Weather25        9 windows (+0 cached)    1.32 s  [270/1000]
2026-09-29 08:09:09,107 INFO HazardAtSideLaneTwoWays_Town12_Route1144_Weather0         9 windows (+0 cached)    1.36 s  [271/1000]
2026-09-29 08:09:09,155 INFO HazardAtSideLaneTwoWays_Town12_Route1145_Weather1         9 windows (+0 cached)    1.30 s  [272/1000]
2026-09-29 08:09:09,403 INFO HazardAtSideLaneTwoWays_Town12_Route1146_Weather2         9 windows (+0 cached)    1.43 s  [273/1000]
2026-09-29 08:09:09,542 INFO HazardAtSideLaneTwoWays_Town12_Route1147_Weather3        10 windows (+0 cached)    1.38 s  [274/1000]
2026-09-29 08:09:09,661 INFO HazardAtSideLaneTwoWays_Town12_Route1152_Weather8         8 windows (+0 cached)    1.05 s  [275/1000]
2026-09-29 08:09:09,809 INFO HazardAtSideLaneTwoWays_Town12_Route1151_Weather7         9 windows (+0 cached)    1.37 s  [276/1000]
2026-09-29 08:09:10,188 INFO HazardAtSideLaneTwoWays_Town12_Route1155_Weather11        8 windows (+0 cached)    1.03 s  [277/1000]
2026-09-29 08:09:10,233 INFO HazardAtSideLaneTwoWays_Town12_Route1153_Weather9         9 windows (+0 cached)    1.20 s  [278/1000]
2026-09-29 08:09:10,422 INFO HazardAtSideLaneTwoWays_Town12_Route1154_Weather10        9 windows (+0 cached)    1.32 s  [279/1000]
2026-09-29 08:09:10,526 INFO HazardAtSideLaneTwoWays_Town12_Route1156_Weather12        8 windows (+0 cached)    1.12 s  [280/1000]
2026-09-29 08:09:10,559 INFO HardBreakRoute_Town15_Route59_Weather7                   37 windows (+0 cached)    5.71 s  [281/1000]
2026-09-29 08:09:10,593 INFO HazardAtSideLane_Town03_Route106_Weather23                6 windows (+0 cached)    0.78 s  [282/1000]
2026-09-29 08:09:10,711 INFO HazardAtSideLaneTwoWays_Town12_Route1157_Weather13        9 windows (+0 cached)    1.17 s  [283/1000]
2026-09-29 08:09:10,743 INFO HazardAtSideLane_Town03_Route105_Weather22                8 windows (+0 cached)    1.08 s  [284/1000]
2026-09-29 08:09:10,925 INFO HazardAtSideLane_Town04_Route164_Weather8                 5 windows (+0 cached)    0.74 s  [285/1000]
2026-09-29 08:09:11,272 INFO HazardAtSideLane_Town05_Route222_Weather0                 6 windows (+0 cached)    1.04 s  [286/1000]
2026-09-29 08:09:11,398 INFO HazardAtSideLane_Town05_Route263_Weather3                 6 windows (+0 cached)    0.87 s  [287/1000]
2026-09-29 08:09:11,428 INFO HazardAtSideLane_Town10HD_Route373_Weather9               5 windows (+0 cached)    0.72 s  [288/1000]
2026-09-29 08:09:11,436 INFO HazardAtSideLane_Town05_Route223_Weather15                7 windows (+0 cached)    1.01 s  [289/1000]
2026-09-29 08:09:11,507 INFO HazardAtSideLane_Town06_Route283_Weather23                7 windows (+0 cached)    0.95 s  [290/1000]
2026-09-29 08:09:11,530 INFO HazardAtSideLane_Town06_Route329_Weather9                 7 windows (+0 cached)    0.94 s  [291/1000]
2026-09-29 08:09:11,586 INFO HazardAtSideLane_Town12_Route1506_Weather0                6 windows (+0 cached)    0.84 s  [292/1000]
2026-09-29 08:09:12,056 INFO HazardAtSideLane_Town12_Route1507_Weather1                8 windows (+0 cached)    1.13 s  [293/1000]
2026-09-29 08:09:12,366 INFO HazardAtSideLane_Town12_Route1515_Weather12               7 windows (+0 cached)    0.94 s  [294/1000]
2026-09-29 08:09:12,461 INFO HazardAtSideLane_Town12_Route1508_Weather2                8 windows (+0 cached)    1.19 s  [295/1000]
2026-09-29 08:09:12,553 INFO HazardAtSideLane_Town12_Route1517_Weather14               8 windows (+0 cached)    1.05 s  [296/1000]
2026-09-29 08:09:12,568 INFO HazardAtSideLane_Town12_Route1518_Weather15               7 windows (+0 cached)    1.04 s  [297/1000]
2026-09-29 08:09:12,575 INFO HazardAtSideLane_Town12_Route1516_Weather13               8 windows (+0 cached)    1.14 s  [298/1000]
2026-09-29 08:09:12,583 INFO HazardAtSideLane_Town12_Route1512_Weather7                8 windows (+0 cached)    1.19 s  [299/1000]
2026-09-29 08:09:12,654 INFO HazardAtSideLane_Town12_Route1519_Weather8                8 windows (+0 cached)    1.07 s  [300/1000]
2026-09-29 08:09:13,074 INFO HazardAtSideLane_Town12_Route1520_Weather9                8 windows (+0 cached)    1.02 s  [301/1000]
2026-09-29 08:09:13,471 INFO HazardAtSideLane_Town12_Route1521_Weather18               8 windows (+0 cached)    1.10 s  [302/1000]
2026-09-29 08:09:13,507 INFO HazardAtSideLane_Town12_Route1524_Weather21               7 windows (+0 cached)    0.95 s  [303/1000]
2026-09-29 08:09:13,535 INFO HazardAtSideLane_Town12_Route1525_Weather22               7 windows (+0 cached)    0.97 s  [304/1000]
2026-09-29 08:09:13,656 INFO HazardAtSideLane_Town12_Route1528_Weather0                7 windows (+0 cached)    1.00 s  [305/1000]
2026-09-29 08:09:13,675 INFO HazardAtSideLane_Town12_Route1526_Weather23               8 windows (+0 cached)    1.10 s  [306/1000]
2026-09-29 08:09:13,677 INFO HazardAtSideLane_Town12_Route1527_Weather25               8 windows (+0 cached)    1.09 s  [307/1000]
2026-09-29 08:09:13,840 INFO HazardAtSideLane_Town12_Route1523_Weather20              10 windows (+0 cached)    1.38 s  [308/1000]
2026-09-29 08:09:14,112 INFO HazardAtSideLane_Town12_Route1530_Weather2                7 windows (+0 cached)    1.04 s  [309/1000]
2026-09-29 08:09:14,399 INFO HazardAtSideLane_Town12_Route1532_Weather5                7 windows (+0 cached)    0.93 s  [310/1000]
2026-09-29 08:09:14,450 INFO HazardAtSideLane_Town12_Route1533_Weather6                7 windows (+0 cached)    0.94 s  [311/1000]
2026-09-29 08:09:14,708 INFO HazardAtSideLane_Town12_Route1534_Weather7                8 windows (+0 cached)    1.17 s  [312/1000]
2026-09-29 08:09:14,774 INFO HazardAtSideLane_Town12_Route1537_Weather12               7 windows (+0 cached)    1.10 s  [313/1000]
2026-09-29 08:09:14,888 INFO HazardAtSideLane_Town12_Route1538_Weather13               7 windows (+0 cached)    1.05 s  [314/1000]
2026-09-29 08:09:14,904 INFO HazardAtSideLane_Town12_Route1535_Weather10               9 windows (+0 cached)    1.25 s  [315/1000]
2026-09-29 08:09:15,182 INFO HazardAtSideLane_Town12_Route774_Weather20                8 windows (+0 cached)    1.07 s  [316/1000]
2026-09-29 08:09:15,362 INFO HazardAtSideLane_Town12_Route775_Weather12                7 windows (+0 cached)    0.96 s  [317/1000]
2026-09-29 08:09:15,387 INFO HazardAtSideLane_Town12_Route777_Weather23                6 windows (+0 cached)    0.94 s  [318/1000]
2026-09-29 08:09:15,781 INFO HazardAtSideLane_Town12_Route960_Weather20                7 windows (+0 cached)    1.01 s  [319/1000]
2026-09-29 08:09:15,841 INFO HazardAtSideLane_Town12_Route915_Weather7                 8 windows (+0 cached)    1.13 s  [320/1000]
2026-09-29 08:09:15,856 INFO HazardAtSideLane_Town12_Route961_Weather25                7 windows (+0 cached)    0.97 s  [321/1000]
2026-09-29 08:09:15,921 INFO HighwayCutIn_Town06_Route298_Weather20                    4 windows (+0 cached)    0.53 s  [322/1000]
2026-09-29 08:09:16,202 INFO HazardAtSideLane_Town15_Route420_Weather3                 7 windows (+0 cached)    1.02 s  [323/1000]
2026-09-29 08:09:16,296 INFO HazardAtSideLane_Town12_Route1536_Weather11              20 windows (+0 cached)    2.62 s  [324/1000]
2026-09-29 08:09:16,348 INFO HighwayCutIn_Town06_Route299_Weather13                    4 windows (+0 cached)    0.57 s  [325/1000]
2026-09-29 08:09:16,353 INFO HighwayCutIn_Town06_Route300_Weather14                    3 windows (+0 cached)    0.51 s  [326/1000]
2026-09-29 08:09:16,437 INFO HighwayCutIn_Town06_Route321_Weather9                     4 windows (+0 cached)    0.52 s  [327/1000]
2026-09-29 08:09:16,441 INFO HazardAtSideLane_Town15_Route421_Weather5                 8 windows (+0 cached)    1.08 s  [328/1000]
2026-09-29 08:09:16,483 INFO HighwayCutIn_Town06_Route320_Weather8                     4 windows (+0 cached)    0.63 s  [329/1000]
2026-09-29 08:09:16,660 INFO HighwayCutIn_Town12_Route1006_Weather18                   2 windows (+0 cached)    0.31 s  [330/1000]
2026-09-29 08:09:16,733 INFO HighwayCutIn_Town06_Route322_Weather10                    4 windows (+0 cached)    0.53 s  [331/1000]
2026-09-29 08:09:16,817 INFO HighwayCutIn_Town12_Route1005_Weather9                    4 windows (+0 cached)    0.52 s  [332/1000]
2026-09-29 08:09:16,826 INFO HighwayCutIn_Town12_Route1052_Weather12                   2 windows (+0 cached)    0.34 s  [333/1000]
2026-09-29 08:09:16,866 INFO HighwayCutIn_Town12_Route1047_Weather7                    3 windows (+0 cached)    0.42 s  [334/1000]
2026-09-29 08:09:16,885 INFO HighwayCutIn_Town12_Route1042_Weather2                    3 windows (+0 cached)    0.45 s  [335/1000]
2026-09-29 08:09:16,911 INFO HighwayCutIn_Town12_Route1029_Weather15                   4 windows (+0 cached)    0.56 s  [336/1000]
2026-09-29 08:09:16,952 INFO HighwayCutIn_Town12_Route849_Weather9                     2 windows (+0 cached)    0.29 s  [337/1000]
2026-09-29 08:09:17,020 INFO HighwayCutIn_Town12_Route850_Weather18                    2 windows (+0 cached)    0.29 s  [338/1000]
2026-09-29 08:09:17,231 INFO HighwayCutIn_Town12_Route851_Weather19                    3 windows (+0 cached)    0.41 s  [339/1000]
2026-09-29 08:09:17,291 INFO HighwayCutIn_Town12_Route974_Weather12                    3 windows (+0 cached)    0.43 s  [340/1000]
2026-09-29 08:09:17,420 INFO HighwayCutIn_Town13_Route630_Weather6                     3 windows (+0 cached)    0.47 s  [341/1000]
2026-09-29 08:09:17,478 INFO HighwayCutIn_Town13_Route628_Weather3                     4 windows (+0 cached)    0.59 s  [342/1000]
2026-09-29 08:09:17,575 INFO HighwayCutIn_Town12_Route940_Weather3                     5 windows (+0 cached)    0.75 s  [343/1000]
2026-09-29 08:09:17,654 INFO HighwayCutIn_Town13_Route631_Weather7                     4 windows (+0 cached)    0.63 s  [344/1000]
2026-09-29 08:09:17,686 INFO HighwayCutIn_Town13_Route629_Weather5                     5 windows (+0 cached)    0.77 s  [345/1000]
2026-09-29 08:09:17,829 INFO HighwayCutIn_Town13_Route745_Weather9                     2 windows (+0 cached)    0.35 s  [346/1000]
2026-09-29 08:09:17,878 INFO HighwayCutIn_Town13_Route685_Weather9                     5 windows (+0 cached)    0.65 s  [347/1000]
2026-09-29 08:09:17,928 INFO HighwayCutIn_Town13_Route734_Weather6                     3 windows (+0 cached)    0.51 s  [348/1000]
2026-09-29 08:09:17,933 INFO HighwayCutIn_Town13_Route713_Weather11                    4 windows (+0 cached)    0.64 s  [349/1000]
2026-09-29 08:09:18,040 INFO HazardAtSideLane_Town13_Route558_Weather12               22 windows (+0 cached)    3.14 s  [350/1000]
2026-09-29 08:09:18,179 INFO HighwayCutIn_Town13_Route750_Weather22                    4 windows (+0 cached)    0.60 s  [351/1000]
2026-09-29 08:09:18,191 INFO HighwayExit_Town06_Route291_Weather5                      3 windows (+0 cached)    0.51 s  [352/1000]
2026-09-29 08:09:18,259 INFO HighwayCutIn_Town13_Route751_Weather23                    4 windows (+0 cached)    0.61 s  [353/1000]
2026-09-29 08:09:18,431 INFO HighwayExit_Town06_Route292_Weather14                     4 windows (+0 cached)    0.60 s  [354/1000]
2026-09-29 08:09:18,488 INFO HighwayExit_Town06_Route312_Weather0                      4 windows (+0 cached)    0.56 s  [355/1000]
2026-09-29 08:09:18,519 INFO HighwayExit_Town06_Route293_Weather15                     4 windows (+0 cached)    0.64 s  [356/1000]
2026-09-29 08:09:18,663 INFO HighwayExit_Town06_Route311_Weather25                     5 windows (+0 cached)    0.73 s  [357/1000]
2026-09-29 08:09:18,761 INFO HighwayExit_Town06_Route313_Weather1                      5 windows (+0 cached)    0.72 s  [358/1000]
2026-09-29 08:09:18,924 INFO HighwayExit_Town12_Route1046_Weather6                     3 windows (+0 cached)    0.49 s  [359/1000]
2026-09-29 08:09:18,941 INFO HighwayExit_Town12_Route1000_Weather12                    5 windows (+0 cached)    0.76 s  [360/1000]
2026-09-29 08:09:18,951 INFO HighwayExit_Town12_Route1028_Weather14                    5 windows (+0 cached)    0.76 s  [361/1000]
2026-09-29 08:09:18,991 INFO HighwayExit_Town12_Route1041_Weather1                     5 windows (+0 cached)    0.73 s  [362/1000]
2026-09-29 08:09:18,995 INFO HighwayExit_Town12_Route1324_Weather0                     3 windows (+0 cached)    0.48 s  [363/1000]
2026-09-29 08:09:19,190 INFO HighwayExit_Town12_Route1051_Weather11                    5 windows (+0 cached)    0.70 s  [364/1000]
2026-09-29 08:09:19,237 INFO HighwayExit_Town12_Route1326_Weather2                     4 windows (+0 cached)    0.57 s  [365/1000]
2026-09-29 08:09:19,342 INFO HighwayExit_Town12_Route1327_Weather3                     4 windows (+0 cached)    0.58 s  [366/1000]
2026-09-29 08:09:19,358 INFO HighwayExit_Town12_Route841_Weather9                      3 windows (+0 cached)    0.41 s  [367/1000]
2026-09-29 08:09:19,374 INFO HighwayExit_Town12_Route838_Weather6                      3 windows (+0 cached)    0.43 s  [368/1000]
2026-09-29 08:09:19,550 INFO HighwayExit_Town12_Route937_Weather1                      4 windows (+0 cached)    0.56 s  [369/1000]
2026-09-29 08:09:19,689 INFO HighwayExit_Town12_Route1331_Weather10                    6 windows (+0 cached)    0.76 s  [370/1000]
2026-09-29 08:09:19,697 INFO HighwayExit_Town13_Route619_Weather21                     5 windows (+0 cached)    0.70 s  [371/1000]
2026-09-29 08:09:19,927 INFO HighwayExit_Town13_Route622_Weather23                     4 windows (+0 cached)    0.58 s  [372/1000]
2026-09-29 08:09:19,928 INFO HighwayExit_Town13_Route621_Weather23                     5 windows (+0 cached)    0.69 s  [373/1000]
2026-09-29 08:09:19,932 INFO HighwayExit_Town13_Route620_Weather22                     5 windows (+0 cached)    0.74 s  [374/1000]
2026-09-29 08:09:20,095 INFO HighwayExit_Town13_Route704_Weather2                      5 windows (+0 cached)    0.72 s  [375/1000]
2026-09-29 08:09:20,106 INFO HighwayExit_Town13_Route683_Weather7                      5 windows (+0 cached)    0.75 s  [376/1000]
2026-09-29 08:09:20,225 INFO HighwayExit_Town13_Route705_Weather3                      5 windows (+0 cached)    0.67 s  [377/1000]
2026-09-29 08:09:20,363 INFO InterurbanActorFlow_Town06_Route294_Weather8              3 windows (+0 cached)    0.43 s  [378/1000]
2026-09-29 08:09:20,390 INFO HighwayExit_Town13_Route744_Weather8                      5 windows (+0 cached)    0.69 s  [379/1000]
2026-09-29 08:09:20,424 INFO HighwayExit_Town13_Route706_Weather3                      5 windows (+0 cached)    0.73 s  [380/1000]
2026-09-29 08:09:20,474 INFO HighwayExit_Town13_Route748_Weather20                     4 windows (+0 cached)    0.55 s  [381/1000]
2026-09-29 08:09:20,626 INFO InterurbanActorFlow_Town06_Route314_Weather2              4 windows (+0 cached)    0.53 s  [382/1000]
2026-09-29 08:09:20,642 INFO HighwayExit_Town13_Route749_Weather21                     5 windows (+0 cached)    0.71 s  [383/1000]
2026-09-29 08:09:20,770 INFO InterurbanActorFlow_Town12_Route1291_Weather1             3 windows (+0 cached)    0.41 s  [384/1000]
2026-09-29 08:09:20,867 INFO InterurbanActorFlow_Town06_Route315_Weather3              6 windows (+0 cached)    0.76 s  [385/1000]
2026-09-29 08:09:20,879 INFO InterurbanActorFlow_Town06_Route316_Weather3              5 windows (+0 cached)    0.65 s  [386/1000]
2026-09-29 08:09:20,932 INFO InterurbanActorFlow_Town12_Route1292_Weather2             4 windows (+0 cached)    0.54 s  [387/1000]
2026-09-29 08:09:20,975 INFO InterurbanActorFlow_Town12_Route1296_Weather7             4 windows (+0 cached)    0.55 s  [388/1000]
2026-09-29 08:09:21,009 INFO InterurbanActorFlow_Town12_Route842_Weather10             4 windows (+0 cached)    0.54 s  [389/1000]
2026-09-29 08:09:21,189 INFO InterurbanActorFlow_Town13_Route707_Weather5              2 windows (+0 cached)    0.32 s  [390/1000]
2026-09-29 08:09:21,194 INFO InterurbanActorFlow_Town13_Route708_Weather6              2 windows (+0 cached)    0.31 s  [391/1000]
2026-09-29 08:09:21,207 INFO InterurbanActorFlow_Town12_Route843_Weather11             4 windows (+0 cached)    0.58 s  [392/1000]
2026-09-29 08:09:21,361 INFO InterurbanActorFlow_Town13_Route623_Weather25             4 windows (+0 cached)    0.59 s  [393/1000]
2026-09-29 08:09:21,499 INFO InterurbanAdvancedActorFlow_Town06_Route325_Weather13     2 windows (+0 cached)    0.31 s  [394/1000]
2026-09-29 08:09:21,524 INFO InterurbanAdvancedActorFlow_Town06_Route301_Weather15     4 windows (+0 cached)    0.59 s  [395/1000]
2026-09-29 08:09:21,556 INFO InterurbanAdvancedActorFlow_Town06_Route303_Weather22     4 windows (+0 cached)    0.55 s  [396/1000]
2026-09-29 08:09:21,647 INFO InterurbanAdvancedActorFlow_Town06_Route302_Weather21     5 windows (+0 cached)    0.67 s  [397/1000]
2026-09-29 08:09:21,715 INFO InterurbanAdvancedActorFlow_Town06_Route330_Weather18     3 windows (+0 cached)    0.51 s  [398/1000]
2026-09-29 08:09:21,770 INFO InterurbanAdvancedActorFlow_Town06_Route324_Weather2      4 windows (+0 cached)    0.58 s  [399/1000]
2026-09-29 08:09:21,834 INFO InterurbanAdvancedActorFlow_Town06_Route331_Weather19     3 windows (+0 cached)    0.47 s  [400/1000]
2026-09-29 08:09:21,858 INFO InterurbanActorFlow_Town12_Route938_Weather2              8 windows (+0 cached)    1.22 s  [401/1000]
2026-09-29 08:09:21,922 INFO InterurbanAdvancedActorFlow_Town12_Route1030_Weather8     3 windows (+0 cached)    0.42 s  [402/1000]
2026-09-29 08:09:21,945 INFO InterurbanAdvancedActorFlow_Town12_Route854_Weather22     3 windows (+0 cached)    0.39 s  [403/1000]
2026-09-29 08:09:21,986 INFO InterurbanAdvancedActorFlow_Town12_Route1048_Weather8     3 windows (+0 cached)    0.46 s  [404/1000]
2026-09-29 08:09:22,325 INFO InterurbanAdvancedActorFlow_Town13_Route715_Weather13     4 windows (+0 cached)    0.56 s  [405/1000]
2026-09-29 08:09:22,334 INFO InterurbanAdvancedActorFlow_Town13_Route634_Weather10     5 windows (+0 cached)    0.69 s  [406/1000]
2026-09-29 08:09:22,336 INFO InvadingTurn_Town02_Route95_Weather9                      3 windows (+0 cached)    0.41 s  [407/1000]
2026-09-29 08:09:22,393 INFO InterurbanAdvancedActorFlow_Town13_Route686_Weather10     5 windows (+0 cached)    0.68 s  [408/1000]
2026-09-29 08:09:22,395 INFO InterurbanAdvancedActorFlow_Town13_Route753_Weather25     4 windows (+0 cached)    0.54 s  [409/1000]
2026-09-29 08:09:22,430 INFO InterurbanAdvancedActorFlow_Town13_Route735_Weather7      4 windows (+0 cached)    0.60 s  [410/1000]
2026-09-29 08:09:22,452 INFO InvadingTurn_Town02_Route99_Weather21                     4 windows (+0 cached)    0.51 s  [411/1000]
2026-09-29 08:09:22,565 INFO InvadingTurn_Town04_Route217_Weather9                     4 windows (+0 cached)    0.58 s  [412/1000]
2026-09-29 08:09:22,958 INFO InvadingTurn_Town05_Route230_Weather22                    5 windows (+0 cached)    0.63 s  [413/1000]
2026-09-29 08:09:23,002 INFO InvadingTurn_Town05_Route266_Weather6                     5 windows (+0 cached)    0.67 s  [414/1000]
2026-09-29 08:09:23,092 INFO InvadingTurn_Town12_Route925_Weather15                    5 windows (+0 cached)    0.66 s  [415/1000]
2026-09-29 08:09:23,133 INFO InvadingTurn_Town13_Route578_Weather6                     4 windows (+0 cached)    0.57 s  [416/1000]
2026-09-29 08:09:23,144 INFO InvadingTurn_Town12_Route924_Weather14                    5 windows (+0 cached)    0.75 s  [417/1000]
2026-09-29 08:09:23,266 INFO InvadingTurn_Town12_Route796_Weather8                     6 windows (+0 cached)    0.87 s  [418/1000]
2026-09-29 08:09:23,296 INFO InvadingTurn_Town13_Route575_Weather3                     6 windows (+0 cached)    0.84 s  [419/1000]
2026-09-29 08:09:23,557 INFO LaneChange_Town06_Route307_Weather21                      3 windows (+0 cached)    0.42 s  [420/1000]
2026-09-29 08:09:23,644 INFO LaneChange_Town06_Route277_Weather9                       4 windows (+0 cached)    0.55 s  [421/1000]
2026-09-29 08:09:23,763 INFO LaneChange_Town06_Route326_Weather3                       4 windows (+0 cached)    0.62 s  [422/1000]
2026-09-29 08:09:23,863 INFO InvadingTurn_Town05_Route231_Weather23                   12 windows (+0 cached)    1.53 s  [423/1000]
2026-09-29 08:09:23,953 INFO InvadingTurn_Town15_Route436_Weather20                    7 windows (+0 cached)    0.95 s  [424/1000]
2026-09-29 08:09:24,001 INFO LaneChange_Town12_Route757_Weather10                      5 windows (+0 cached)    0.70 s  [425/1000]
2026-09-29 08:09:24,027 INFO LaneChange_Town12_Route756_Weather2                       5 windows (+0 cached)    0.76 s  [426/1000]
2026-09-29 08:09:24,098 INFO InvadingTurn_Town15_Route434_Weather18                    8 windows (+0 cached)    1.14 s  [427/1000]
2026-09-29 08:09:24,179 INFO LaneChange_Town12_Route892_Weather8                       4 windows (+0 cached)    0.62 s  [428/1000]
2026-09-29 08:09:24,320 INFO LaneChange_Town12_Route984_Weather22                      3 windows (+0 cached)    0.46 s  [429/1000]
2026-09-29 08:09:24,426 INFO LaneChange_Town12_Route894_Weather10                      6 windows (+0 cached)    0.78 s  [430/1000]
2026-09-29 08:09:24,479 INFO LaneChange_Town12_Route983_Weather5                       5 windows (+0 cached)    0.72 s  [431/1000]
2026-09-29 08:09:24,729 INFO LaneChange_Town13_Route726_Weather21                      5 windows (+0 cached)    0.70 s  [432/1000]
2026-09-29 08:09:24,768 INFO LaneChange_Town13_Route664_Weather14                      6 windows (+0 cached)    0.82 s  [433/1000]
2026-09-29 08:09:24,779 INFO LaneChange_Town13_Route725_Weather23                      6 windows (+0 cached)    0.78 s  [434/1000]
2026-09-29 08:09:24,924 INFO LaneChange_Town13_Route740_Weather0                       5 windows (+0 cached)    0.74 s  [435/1000]
2026-09-29 08:09:25,041 INFO MergerIntoSlowTrafficV2_Town12_Route1009_Weather21        4 windows (+0 cached)    0.61 s  [436/1000]
2026-09-29 08:09:25,063 INFO MergerIntoSlowTrafficV2_Town12_Route1010_Weather22        4 windows (+0 cached)    0.58 s  [437/1000]
2026-09-29 08:09:25,185 INFO MergerIntoSlowTrafficV2_Town12_Route1053_Weather13        3 windows (+0 cached)    0.41 s  [438/1000]
2026-09-29 08:09:25,316 INFO MergerIntoSlowTrafficV2_Town12_Route1031_Weather9         4 windows (+0 cached)    0.59 s  [439/1000]
2026-09-29 08:09:25,318 INFO MergerIntoSlowTrafficV2_Town12_Route1043_Weather3         4 windows (+0 cached)    0.55 s  [440/1000]
2026-09-29 08:09:25,322 INFO LaneChange_Town13_Route743_Weather3                       7 windows (+0 cached)    1.00 s  [441/1000]
2026-09-29 08:09:25,433 INFO LaneChange_Town13_Route739_Weather25                     10 windows (+0 cached)    1.33 s  [442/1000]
2026-09-29 08:09:25,521 INFO MergerIntoSlowTrafficV2_Town12_Route1055_Weather15        4 windows (+0 cached)    0.60 s  [443/1000]
2026-09-29 08:09:25,623 INFO MergerIntoSlowTrafficV2_Town12_Route1057_Weather9         4 windows (+0 cached)    0.56 s  [444/1000]
2026-09-29 08:09:25,637 INFO MergerIntoSlowTrafficV2_Town12_Route1056_Weather8         4 windows (+0 cached)    0.60 s  [445/1000]
2026-09-29 08:09:25,734 INFO MergerIntoSlowTrafficV2_Town12_Route1060_Weather20        3 windows (+0 cached)    0.42 s  [446/1000]
2026-09-29 08:09:25,752 INFO MergerIntoSlowTrafficV2_Town12_Route1058_Weather18        4 windows (+0 cached)    0.57 s  [447/1000]
2026-09-29 08:09:25,835 INFO MergerIntoSlowTrafficV2_Town12_Route856_Weather23         4 windows (+0 cached)    0.51 s  [448/1000]
2026-09-29 08:09:25,864 INFO MergerIntoSlowTrafficV2_Town12_Route1059_Weather19        4 windows (+0 cached)    0.55 s  [449/1000]
2026-09-29 08:09:25,966 INFO MergerIntoSlowTrafficV2_Town12_Route857_Weather25         4 windows (+0 cached)    0.53 s  [450/1000]
2026-09-29 08:09:26,083 INFO MergerIntoSlowTrafficV2_Town12_Route858_Weather0          4 windows (+0 cached)    0.56 s  [451/1000]
2026-09-29 08:09:26,165 INFO MergerIntoSlowTrafficV2_Town12_Route941_Weather5          4 windows (+0 cached)    0.53 s  [452/1000]
2026-09-29 08:09:26,211 INFO MergerIntoSlowTrafficV2_Town12_Route859_Weather1          4 windows (+0 cached)    0.59 s  [453/1000]
2026-09-29 08:09:26,286 INFO MergerIntoSlowTrafficV2_Town12_Route976_Weather14         4 windows (+0 cached)    0.55 s  [454/1000]
2026-09-29 08:09:26,563 INFO MergerIntoSlowTraffic_Town12_Route1003_Weather8           5 windows (+0 cached)    0.70 s  [455/1000]
2026-09-29 08:09:26,565 INFO MergerIntoSlowTraffic_Town12_Route845_Weather13           3 windows (+0 cached)    0.40 s  [456/1000]
2026-09-29 08:09:26,566 INFO MergerIntoSlowTraffic_Town12_Route1004_Weather8           4 windows (+0 cached)    0.60 s  [457/1000]
2026-09-29 08:09:26,569 INFO MergerIntoSlowTraffic_Town06_Route317_Weather5            5 windows (+0 cached)    0.73 s  [458/1000]
2026-09-29 08:09:26,704 INFO MergerIntoSlowTraffic_Town12_Route844_Weather12           4 windows (+0 cached)    0.62 s  [459/1000]
2026-09-29 08:09:26,779 INFO MergerIntoSlowTraffic_Town12_Route973_Weather11           4 windows (+0 cached)    0.57 s  [460/1000]
2026-09-29 08:09:26,780 ERROR NonSignalizedJunctionLeftTurnEnterFlow_Town12_Route949_Weather13 FAILED: ValueError: NonSignalizedJunctionLeftTurnEnterFlow_Town12_Route949_Weather13: 67 frames, need >= 80
2026-09-29 08:09:26,833 INFO MergerIntoSlowTraffic_Town13_Route627_Weather3            2 windows (+0 cached)    0.27 s  [462/1000]
2026-09-29 08:09:26,859 INFO MergerIntoSlowTrafficV2_Town15_Route525_Weather5          8 windows (+0 cached)    1.11 s  [463/1000]
2026-09-29 08:09:26,959 INFO NonSignalizedJunctionLeftTurnEnterFlow_Town12_Route1035_Weather21   3 windows (+0 cached)    0.39 s  [464/1000]
2026-09-29 08:09:26,977 INFO NonSignalizedJunctionLeftTurnEnterFlow_Town12_Route1022_Weather8   3 windows (+0 cached)    0.41 s  [465/1000]
2026-09-29 08:09:26,980 INFO NonSignalizedJunctionLeftTurnEnterFlow_Town12_Route888_Weather3   3 windows (+0 cached)    0.41 s  [466/1000]
2026-09-29 08:09:27,114 INFO NonSignalizedJunctionLeftTurnEnterFlow_Town12_Route891_Weather7   3 windows (+0 cached)    0.41 s  [467/1000]
2026-09-29 08:09:27,119 INFO MergerIntoSlowTraffic_Town13_Route626_Weather2            6 windows (+0 cached)    0.83 s  [468/1000]
2026-09-29 08:09:27,293 INFO NonSignalizedJunctionLeftTurnEnterFlow_Town12_Route982_Weather20   4 windows (+0 cached)    0.51 s  [469/1000]
2026-09-29 08:09:27,382 INFO NonSignalizedJunctionLeftTurnEnterFlow_Town13_Route724_Weather22   3 windows (+0 cached)    0.40 s  [470/1000]
2026-09-29 08:09:27,417 INFO NonSignalizedJunctionLeftTurnEnterFlow_Town13_Route723_Weather21   3 windows (+0 cached)    0.44 s  [471/1000]
2026-09-29 08:09:27,448 INFO NonSignalizedJunctionLeftTurnEnterFlow_Town13_Route660_Weather10   4 windows (+0 cached)    0.61 s  [472/1000]
2026-09-29 08:09:27,464 INFO NonSignalizedJunctionLeftTurnEnterFlow_Town15_Route499_Weather5   1 windows (+0 cached)    0.17 s  [473/1000]
2026-09-29 08:09:27,506 INFO NonSignalizedJunctionLeftTurnEnterFlow_Town13_Route722_Weather20   4 windows (+0 cached)    0.55 s  [474/1000]
2026-09-29 08:09:27,571 INFO NonSignalizedJunctionLeftTurnEnterFlow_Town15_Route460_Weather18   3 windows (+0 cached)    0.45 s  [475/1000]
2026-09-29 08:09:27,638 INFO NonSignalizedJunctionLeftTurnEnterFlow_Town13_Route661_Weather11   6 windows (+0 cached)    0.78 s  [476/1000]
2026-09-29 08:09:27,677 INFO NonSignalizedJunctionLeftTurnEnterFlow_Town15_Route512_Weather18   2 windows (+0 cached)    0.29 s  [477/1000]
2026-09-29 08:09:27,683 INFO NonSignalizedJunctionLeftTurnEnterFlow_Town13_Route738_Weather10   4 windows (+0 cached)    0.57 s  [478/1000]
2026-09-29 08:09:27,690 INFO NonSignalizedJunctionLeftTurnEnterFlow_Town15_Route532_Weather12   2 windows (+0 cached)    0.27 s  [479/1000]
2026-09-29 08:09:27,735 INFO NonSignalizedJunctionLeftTurnEnterFlow_Town15_Route533_Weather13   2 windows (+0 cached)    0.29 s  [480/1000]
2026-09-29 08:09:27,748 INFO NonSignalizedJunctionLeftTurnEnterFlow_Town15_Route537_Weather9   2 windows (+0 cached)    0.28 s  [481/1000]
2026-09-29 08:09:28,214 INFO NonSignalizedJunctionLeftTurn_Town03_Route122_Weather26   5 windows (+0 cached)    0.71 s  [482/1000]
2026-09-29 08:09:28,259 INFO NonSignalizedJunctionLeftTurn_Town03_Route123_Weather26   5 windows (+0 cached)    0.69 s  [483/1000]
2026-09-29 08:09:28,328 INFO NonSignalizedJunctionLeftTurn_Town03_Route124_Weather26   5 windows (+0 cached)    0.69 s  [484/1000]
2026-09-29 08:09:28,728 INFO NonSignalizedJunctionLeftTurn_Town03_Route153_Weather26   8 windows (+0 cached)    1.05 s  [485/1000]
2026-09-29 08:09:28,899 INFO NonSignalizedJunctionLeftTurn_Town04_Route212_Weather26   8 windows (+0 cached)    1.15 s  [486/1000]
2026-09-29 08:09:28,916 INFO NonSignalizedJunctionLeftTurn_Town05_Route238_Weather26   5 windows (+0 cached)    0.70 s  [487/1000]
2026-09-29 08:09:29,070 INFO NonSignalizedJunctionLeftTurn_Town07_Route342_Weather3    2 windows (+0 cached)    0.34 s  [488/1000]
2026-09-29 08:09:29,243 INFO NonSignalizedJunctionLeftTurn_Town04_Route182_Weather26  12 windows (+0 cached)    1.55 s  [489/1000]
2026-09-29 08:09:29,342 INFO NonSignalizedJunctionLeftTurn_Town07_Route344_Weather6    3 windows (+0 cached)    0.44 s  [490/1000]
2026-09-29 08:09:29,619 INFO NonSignalizedJunctionLeftTurn_Town05_Route240_Weather26   9 windows (+0 cached)    1.29 s  [491/1000]
2026-09-29 08:09:29,696 INFO NonSignalizedJunctionLeftTurn_Town12_Route1350_Weather0   4 windows (+0 cached)    0.63 s  [492/1000]
2026-09-29 08:09:29,815 INFO NonSignalizedJunctionLeftTurn_Town12_Route1351_Weather1   4 windows (+0 cached)    0.57 s  [493/1000]
2026-09-29 08:09:29,976 INFO NonSignalizedJunctionLeftTurn_Town07_Route369_Weather18   7 windows (+0 cached)    1.06 s  [494/1000]
2026-09-29 08:09:30,026 INFO NonSignalizedJunctionLeftTurn_Town12_Route1352_Weather2   4 windows (+0 cached)    0.68 s  [495/1000]
2026-09-29 08:09:30,275 INFO NonSignalizedJunctionLeftTurn_Town12_Route1355_Weather6   4 windows (+0 cached)    0.58 s  [496/1000]
2026-09-29 08:09:30,378 INFO NonSignalizedJunctionLeftTurn_Town12_Route1356_Weather7   4 windows (+0 cached)    0.56 s  [497/1000]
2026-09-29 08:09:30,536 INFO NonSignalizedJunctionLeftTurn_Town12_Route1357_Weather10   4 windows (+0 cached)    0.56 s  [498/1000]
2026-09-29 08:09:30,647 INFO NonSignalizedJunctionLeftTurn_Town12_Route1358_Weather11   4 windows (+0 cached)    0.62 s  [499/1000]
2026-09-29 08:09:30,696 INFO NonSignalizedJunctionLeftTurn_Town12_Route1359_Weather12   3 windows (+0 cached)    0.42 s  [500/1000]
2026-09-29 08:09:30,800 INFO NonSignalizedJunctionLeftTurn_Town12_Route1361_Weather14   3 windows (+0 cached)    0.42 s  [501/1000]
2026-09-29 08:09:30,999 INFO NonSignalizedJunctionLeftTurn_Town05_Route239_Weather26  20 windows (+0 cached)    2.74 s  [502/1000]
2026-09-29 08:09:31,244 INFO NonSignalizedJunctionLeftTurn_Town12_Route1363_Weather8   4 windows (+0 cached)    0.60 s  [503/1000]
2026-09-29 08:09:31,264 INFO NonSignalizedJunctionLeftTurn_Town12_Route810_Weather10   4 windows (+0 cached)    0.57 s  [504/1000]
2026-09-29 08:09:31,296 INFO NonSignalizedJunctionLeftTurn_Town12_Route812_Weather12   4 windows (+0 cached)    0.50 s  [505/1000]
2026-09-29 08:09:31,507 INFO NonSignalizedJunctionLeftTurn_Town12_Route1362_Weather15   6 windows (+0 cached)    0.97 s  [506/1000]
2026-09-29 08:09:31,546 INFO NonSignalizedJunctionLeftTurn_Town04_Route183_Weather1   27 windows (+0 cached)    3.81 s  [507/1000]
2026-09-29 08:09:31,565 INFO NonSignalizedJunctionLeftTurn_Town12_Route813_Weather26   4 windows (+0 cached)    0.57 s  [508/1000]
2026-09-29 08:09:31,685 INFO NonSignalizedJunctionLeftTurn_Town12_Route966_Weather3    3 windows (+0 cached)    0.42 s  [509/1000]
2026-09-29 08:09:31,710 INFO NonSignalizedJunctionLeftTurn_Town12_Route930_Weather20   3 windows (+0 cached)    0.47 s  [510/1000]
2026-09-29 08:09:31,851 INFO NonSignalizedJunctionLeftTurn_Town13_Route592_Weather26   4 windows (+0 cached)    0.56 s  [511/1000]
2026-09-29 08:09:31,956 INFO NonSignalizedJunctionLeftTurn_Town13_Route594_Weather26   3 windows (+0 cached)    0.41 s  [512/1000]
2026-09-29 08:09:32,116 INFO NonSignalizedJunctionLeftTurn_Town12_Route1353_Weather3  19 windows (+0 cached)    2.50 s  [513/1000]
2026-09-29 08:09:32,259 INFO NonSignalizedJunctionRightTurn_Town03_Route126_Weather18   5 windows (+0 cached)    0.69 s  [514/1000]
2026-09-29 08:09:32,260 INFO NonSignalizedJunctionRightTurn_Town04_Route184_Weather2   4 windows (+0 cached)    0.57 s  [515/1000]
2026-09-29 08:09:32,320 INFO NonSignalizedJunctionLeftTurn_Town13_Route593_Weather26   6 windows (+0 cached)    0.81 s  [516/1000]
2026-09-29 08:09:32,434 INFO NonSignalizedJunctionRightTurn_Town07_Route345_Weather14   4 windows (+0 cached)    0.58 s  [517/1000]
2026-09-29 08:09:32,535 INFO NonSignalizedJunctionRightTurn_Town12_Route1024_Weather10   3 windows (+0 cached)    0.42 s  [518/1000]
2026-09-29 08:09:32,682 INFO NonSignalizedJunctionRightTurn_Town12_Route815_Weather9   3 windows (+0 cached)    0.42 s  [519/1000]
2026-09-29 08:09:32,806 INFO NonSignalizedJunctionRightTurn_Town04_Route185_Weather9   8 windows (+0 cached)    1.10 s  [520/1000]
2026-09-29 08:09:32,844 INFO NonSignalizedJunctionRightTurn_Town12_Route931_Weather21   3 windows (+0 cached)    0.41 s  [521/1000]
2026-09-29 08:09:32,904 INFO NonSignalizedJunctionRightTurn_Town07_Route346_Weather15   6 windows (+0 cached)    0.95 s  [522/1000]
2026-09-29 08:09:32,908 INFO NonSignalizedJunctionRightTurn_Town12_Route817_Weather11   4 windows (+0 cached)    0.59 s  [523/1000]
2026-09-29 08:09:33,079 INFO NonSignalizedJunctionRightTurn_Town12_Route967_Weather25   4 windows (+0 cached)    0.54 s  [524/1000]
2026-09-29 08:09:33,096 INFO NonSignalizedJunctionRightTurn_Town12_Route816_Weather15   6 windows (+0 cached)    0.84 s  [525/1000]
2026-09-29 08:09:33,140 INFO NonSignalizedJunctionRightTurn_Town13_Route598_Weather0   2 windows (+0 cached)    0.30 s  [526/1000]
2026-09-29 08:09:33,221 INFO NonSignalizedJunctionRightTurn_Town13_Route596_Weather23   3 windows (+0 cached)    0.42 s  [527/1000]
2026-09-29 08:09:33,247 INFO NonSignalizedJunctionRightTurn_Town13_Route595_Weather11   4 windows (+0 cached)    0.56 s  [528/1000]
2026-09-29 08:09:33,340 INFO OppositeVehicleRunningRedLight_Town03_Route120_Weather8   3 windows (+0 cached)    0.43 s  [529/1000]
2026-09-29 08:09:33,345 INFO OppositeVehicleRunningRedLight_Town03_Route119_Weather12   3 windows (+0 cached)    0.44 s  [530/1000]
2026-09-29 08:09:33,761 INFO OppositeVehicleRunningRedLight_Town03_Route152_Weather22   5 windows (+0 cached)    0.67 s  [531/1000]
2026-09-29 08:09:33,774 INFO OppositeVehicleRunningRedLight_Town04_Route180_Weather23   4 windows (+0 cached)    0.53 s  [532/1000]
2026-09-29 08:09:33,809 INFO OppositeVehicleRunningRedLight_Town04_Route179_Weather14   4 windows (+0 cached)    0.59 s  [533/1000]
2026-09-29 08:09:33,941 INFO OppositeVehicleRunningRedLight_Town04_Route178_Weather22   6 windows (+0 cached)    0.80 s  [534/1000]
2026-09-29 08:09:33,941 INFO OppositeVehicleRunningRedLight_Town05_Route236_Weather10   4 windows (+0 cached)    0.60 s  [535/1000]
2026-09-29 08:09:34,221 INFO OppositeVehicleRunningRedLight_Town07_Route368_Weather3   3 windows (+0 cached)    0.45 s  [536/1000]
2026-09-29 08:09:34,249 INFO OppositeVehicleRunningRedLight_Town12_Route807_Weather1   3 windows (+0 cached)    0.44 s  [537/1000]
2026-09-29 08:09:34,275 INFO NonSignalizedJunctionLeftTurn_Town04_Route181_Weather15  48 windows (+0 cached)    6.59 s  [538/1000]
2026-09-29 08:09:34,494 INFO OppositeVehicleRunningRedLight_Town12_Route809_Weather3   4 windows (+0 cached)    0.55 s  [539/1000]
2026-09-29 08:09:34,496 INFO OppositeVehicleRunningRedLight_Town05_Route268_Weather8   5 windows (+0 cached)    0.74 s  [540/1000]
2026-09-29 08:09:34,520 INFO OppositeVehicleRunningRedLight_Town12_Route929_Weather19   4 windows (+0 cached)    0.58 s  [541/1000]
2026-09-29 08:09:34,609 INFO OppositeVehicleRunningRedLight_Town03_Route121_Weather13  12 windows (+0 cached)    1.53 s  [542/1000]
2026-09-29 08:09:34,704 INFO OppositeVehicleRunningRedLight_Town13_Route587_Weather15   3 windows (+0 cached)    0.43 s  [543/1000]
2026-09-29 08:09:34,761 INFO OppositeVehicleRunningRedLight_Town12_Route991_Weather3   4 windows (+0 cached)    0.51 s  [544/1000]
2026-09-29 08:09:34,787 INFO OppositeVehicleRunningRedLight_Town12_Route990_Weather2   4 windows (+0 cached)    0.57 s  [545/1000]
2026-09-29 08:09:34,922 INFO OppositeVehicleRunningRedLight_Town13_Route590_Weather18   3 windows (+0 cached)    0.43 s  [546/1000]
2026-09-29 08:09:35,035 INFO OppositeVehicleRunningRedLight_Town13_Route588_Weather8   4 windows (+0 cached)    0.54 s  [547/1000]
2026-09-29 08:09:35,077 INFO OppositeVehicleRunningRedLight_Town15_Route440_Weather23   4 windows (+0 cached)    0.56 s  [548/1000]
2026-09-29 08:09:35,190 INFO OppositeVehicleRunningRedLight_Town15_Route475_Weather7   4 windows (+0 cached)    0.58 s  [549/1000]
2026-09-29 08:09:35,317 INFO OppositeVehicleRunningRedLight_Town05_Route235_Weather1  14 windows (+0 cached)    1.98 s  [550/1000]
2026-09-29 08:09:35,359 INFO OppositeVehicleTakingPriority_Town03_Route128_Weather23   5 windows (+0 cached)    0.66 s  [551/1000]
2026-09-29 08:09:35,510 INFO OppositeVehicleTakingPriority_Town04_Route214_Weather6    3 windows (+0 cached)    0.43 s  [552/1000]
2026-09-29 08:09:35,743 INFO OppositeVehicleTakingPriority_Town03_Route155_Weather25   7 windows (+0 cached)    0.98 s  [553/1000]
2026-09-29 08:09:35,763 INFO OppositeVehicleTakingPriority_Town04_Route189_Weather7    5 windows (+0 cached)    0.73 s  [554/1000]
2026-09-29 08:09:36,081 INFO OppositeVehicleTakingPriority_Town05_Route243_Weather9    5 windows (+0 cached)    0.72 s  [555/1000]
2026-09-29 08:09:36,147 INFO OppositeVehicleTakingPriority_Town05_Route242_Weather15   5 windows (+0 cached)    0.83 s  [556/1000]
2026-09-29 08:09:36,222 INFO OppositeVehicleTakingPriority_Town05_Route241_Weather7    7 windows (+0 cached)    1.03 s  [557/1000]
2026-09-29 08:09:36,222 INFO OppositeVehicleTakingPriority_Town12_Route1025_Weather11   3 windows (+0 cached)    0.48 s  [558/1000]
2026-09-29 08:09:36,300 INFO OppositeVehicleTakingPriority_Town12_Route1038_Weather23   4 windows (+0 cached)    0.54 s  [559/1000]
2026-09-29 08:09:36,585 INFO OppositeVehicleTakingPriority_Town05_Route270_Weather6    7 windows (+0 cached)    1.08 s  [560/1000]
2026-09-29 08:09:36,647 INFO OppositeVehicleTakingPriority_Town12_Route818_Weather12   4 windows (+0 cached)    0.57 s  [561/1000]
2026-09-29 08:09:36,688 INFO OppositeVehicleTakingPriority_Town12_Route820_Weather14   4 windows (+0 cached)    0.54 s  [562/1000]
2026-09-29 08:09:36,772 INFO OppositeVehicleTakingPriority_Town12_Route932_Weather22   4 windows (+0 cached)    0.55 s  [563/1000]
2026-09-29 08:09:36,793 INFO OppositeVehicleTakingPriority_Town12_Route968_Weather6    4 windows (+0 cached)    0.57 s  [564/1000]
2026-09-29 08:09:36,842 INFO OppositeVehicleTakingPriority_Town12_Route994_Weather6    4 windows (+0 cached)    0.54 s  [565/1000]
2026-09-29 08:09:37,068 INFO OppositeVehicleTakingPriority_Town13_Route600_Weather2    3 windows (+0 cached)    0.42 s  [566/1000]
2026-09-29 08:09:37,146 INFO OppositeVehicleTakingPriority_Town12_Route995_Weather7    4 windows (+0 cached)    0.56 s  [567/1000]
2026-09-29 08:09:37,254 INFO OppositeVehicleTakingPriority_Town13_Route601_Weather3    4 windows (+0 cached)    0.56 s  [568/1000]
2026-09-29 08:09:37,529 INFO OppositeVehicleTakingPriority_Town15_Route477_Weather9    6 windows (+0 cached)    0.76 s  [569/1000]
2026-09-29 08:09:38,523 INFO OppositeVehicleTakingPriority_Town04_Route187_Weather5   28 windows (+0 cached)    3.74 s  [570/1000]
2026-09-29 08:09:38,607 INFO OppositeVehicleTakingPriority_Town04_Route188_Weather6   28 windows (+0 cached)    3.68 s  [571/1000]
2026-09-29 08:09:38,636 INFO ParkedObstacleTwoWays_Town12_Route1159_Weather23         14 windows (+0 cached)    1.79 s  [572/1000]
2026-09-29 08:09:38,783 INFO ParkedObstacleTwoWays_Town12_Route1158_Weather14         14 windows (+0 cached)    1.99 s  [573/1000]
2026-09-29 08:09:39,063 INFO ParkedObstacleTwoWays_Town12_Route1161_Weather9          14 windows (+0 cached)    1.99 s  [574/1000]
2026-09-29 08:09:39,063 INFO ParkedObstacleTwoWays_Town12_Route1163_Weather19         14 windows (+0 cached)    1.92 s  [575/1000]
2026-09-29 08:09:39,255 INFO ParkedObstacleTwoWays_Town12_Route1165_Weather21         13 windows (+0 cached)    1.73 s  [576/1000]
2026-09-29 08:09:39,279 INFO ParkedObstacleTwoWays_Town12_Route1164_Weather20         14 windows (+0 cached)    2.03 s  [577/1000]
2026-09-29 08:09:40,131 INFO ParkedObstacleTwoWays_Town12_Route1169_Weather25         10 windows (+0 cached)    1.35 s  [578/1000]
2026-09-29 08:09:40,319 INFO ParkedObstacleTwoWays_Town12_Route1166_Weather22         14 windows (+0 cached)    1.80 s  [579/1000]
2026-09-29 08:09:40,402 INFO ParkedObstacleTwoWays_Town12_Route1168_Weather23         13 windows (+0 cached)    1.77 s  [580/1000]
2026-09-29 08:09:40,778 INFO ParkedObstacleTwoWays_Town12_Route1167_Weather23         16 windows (+0 cached)    2.17 s  [581/1000]
2026-09-29 08:09:41,062 INFO ParkedObstacleTwoWays_Town12_Route1172_Weather2          14 windows (+0 cached)    2.00 s  [582/1000]
2026-09-29 08:09:41,124 INFO ParkedObstacleTwoWays_Town12_Route1173_Weather3          14 windows (+0 cached)    1.87 s  [583/1000]
2026-09-29 08:09:41,188 INFO ParkedObstacleTwoWays_Town12_Route1174_Weather3          14 windows (+0 cached)    1.91 s  [584/1000]
2026-09-29 08:09:41,393 INFO ParkedObstacleTwoWays_Town12_Route1171_Weather1          16 windows (+0 cached)    2.33 s  [585/1000]
2026-09-29 08:09:42,219 INFO ParkedObstacleTwoWays_Town12_Route1175_Weather5          14 windows (+0 cached)    2.09 s  [586/1000]
2026-09-29 08:09:42,334 INFO ParkedObstacleTwoWays_Town12_Route1178_Weather8          15 windows (+0 cached)    2.02 s  [587/1000]
2026-09-29 08:09:42,555 INFO ParkedObstacleTwoWays_Town12_Route1182_Weather12         14 windows (+0 cached)    1.78 s  [588/1000]
2026-09-29 08:09:43,142 INFO ParkedObstacleTwoWays_Town13_Route1333_Weather26         14 windows (+0 cached)    2.02 s  [589/1000]
2026-09-29 08:09:43,176 INFO ParkedObstacleTwoWays_Town13_Route1335_Weather26         13 windows (+0 cached)    1.78 s  [590/1000]
2026-09-29 08:09:43,237 INFO ParkedObstacle_Town03_Route103_Weather25                  7 windows (+0 cached)    0.90 s  [591/1000]
2026-09-29 08:09:43,382 INFO ParkedObstacleTwoWays_Town13_Route1334_Weather26         15 windows (+0 cached)    2.19 s  [592/1000]
2026-09-29 08:09:43,393 INFO ParkedObstacleTwoWays_Town12_Route1181_Weather11         23 windows (+0 cached)    2.99 s  [593/1000]
2026-09-29 08:09:43,485 INFO ParkedObstacle_Town03_Route147_Weather0                   7 windows (+0 cached)    0.93 s  [594/1000]
2026-09-29 08:09:44,116 INFO ParkedObstacle_Town03_Route157_Weather1                   7 windows (+0 cached)    0.97 s  [595/1000]
2026-09-29 08:09:44,381 INFO ParkedObstacle_Town04_Route162_Weather6                   7 windows (+0 cached)    1.20 s  [596/1000]
2026-09-29 08:09:44,385 INFO ParkedObstacleTwoWays_Town12_Route1183_Weather7          21 windows (+0 cached)    3.32 s  [597/1000]
2026-09-29 08:09:44,411 INFO ParkedObstacle_Town05_Route262_Weather1                   7 windows (+0 cached)    1.02 s  [598/1000]
2026-09-29 08:09:44,466 INFO ParkedObstacle_Town05_Route273_Weather7                   7 windows (+0 cached)    0.98 s  [599/1000]
2026-09-29 08:09:44,689 INFO ParkedObstacle_Town05_Route221_Weather13                  8 windows (+0 cached)    1.31 s  [600/1000]
2026-09-29 08:09:45,200 INFO ParkedObstacle_Town10HD_Route371_Weather7                 5 windows (+0 cached)    0.73 s  [601/1000]
2026-09-29 08:09:45,332 INFO ParkedObstacle_Town06_Route281_Weather21                  9 windows (+0 cached)    1.22 s  [602/1000]
2026-09-29 08:09:45,349 INFO ParkedObstacle_Town06_Route328_Weather8                   6 windows (+0 cached)    0.94 s  [603/1000]
2026-09-29 08:09:45,376 INFO ParkedObstacle_Town06_Route282_Weather22                  7 windows (+0 cached)    0.99 s  [604/1000]
2026-09-29 08:09:45,391 INFO ParkedObstacleTwoWays_Town13_Route1336_Weather26         21 windows (+0 cached)    3.17 s  [605/1000]
2026-09-29 08:09:45,393 INFO ParkedObstacle_Town10HD_Route372_Weather8                 5 windows (+0 cached)    0.70 s  [606/1000]
2026-09-29 08:09:45,485 INFO ParkedObstacle_Town06_Route309_Weather23                  7 windows (+0 cached)    1.10 s  [607/1000]
2026-09-29 08:09:46,039 INFO ParkedObstacle_Town05_Route220_Weather12                 21 windows (+0 cached)    2.80 s  [608/1000]
2026-09-29 08:09:46,147 INFO ParkedObstacle_Town11_Route395_Weather5                   7 windows (+0 cached)    0.95 s  [609/1000]
2026-09-29 08:09:46,274 INFO ParkedObstacle_Town12_Route772_Weather11                  7 windows (+0 cached)    0.90 s  [610/1000]
2026-09-29 08:09:46,371 INFO ParkedObstacle_Town12_Route771_Weather9                   8 windows (+0 cached)    1.02 s  [611/1000]
2026-09-29 08:09:46,469 INFO ParkedObstacle_Town12_Route773_Weather19                  8 windows (+0 cached)    1.08 s  [612/1000]
2026-09-29 08:09:46,548 INFO ParkedObstacle_Town12_Route770_Weather8                   9 windows (+0 cached)    1.22 s  [613/1000]
2026-09-29 08:09:46,573 INFO ParkedObstacle_Town12_Route959_Weather23                  8 windows (+0 cached)    1.09 s  [614/1000]
2026-09-29 08:09:47,100 INFO ParkedObstacle_Town12_Route958_Weather22                 13 windows (+0 cached)    1.71 s  [615/1000]
2026-09-29 08:09:47,203 INFO ParkedObstacle_Town13_Route554_Weather12                  8 windows (+0 cached)    1.06 s  [616/1000]
2026-09-29 08:09:47,354 INFO ParkedObstacle_Town13_Route556_Weather10                  7 windows (+0 cached)    0.98 s  [617/1000]
2026-09-29 08:09:47,506 INFO ParkedObstacle_Town15_Route415_Weather25                  7 windows (+0 cached)    1.04 s  [618/1000]
2026-09-29 08:09:47,547 INFO ParkedObstacle_Town15_Route418_Weather2                   7 windows (+0 cached)    0.97 s  [619/1000]
2026-09-29 08:09:47,549 INFO ParkedObstacle_Town15_Route417_Weather1                   7 windows (+0 cached)    1.00 s  [620/1000]
2026-09-29 08:09:48,130 INFO ParkingCrossingPedestrian_Town12_Route759_Weather5        7 windows (+0 cached)    0.93 s  [621/1000]
2026-09-29 08:09:48,163 INFO ParkingCrossingPedestrian_Town12_Route760_Weather6        6 windows (+0 cached)    0.81 s  [622/1000]
2026-09-29 08:09:48,499 INFO ParkingCrossingPedestrian_Town12_Route896_Weather12       7 windows (+0 cached)    0.95 s  [623/1000]
2026-09-29 08:09:48,649 INFO ParkingCrossingPedestrian_Town12_Route761_Weather7        7 windows (+0 cached)    1.14 s  [624/1000]
2026-09-29 08:09:48,742 INFO ParkedObstacle_Town13_Route553_Weather11                 21 windows (+0 cached)    2.70 s  [625/1000]
2026-09-29 08:09:49,094 INFO ParkingCrossingPedestrian_Town12_Route898_Weather14       7 windows (+0 cached)    0.96 s  [626/1000]
2026-09-29 08:09:49,258 INFO ParkingCrossingPedestrian_Town12_Route899_Weather15       8 windows (+0 cached)    1.10 s  [627/1000]
2026-09-29 08:09:49,577 INFO ParkingCrossingPedestrian_Town12_Route953_Weather9        7 windows (+0 cached)    0.93 s  [628/1000]
2026-09-29 08:09:49,588 INFO ParkingCrossingPedestrian_Town12_Route952_Weather8        7 windows (+0 cached)    1.09 s  [629/1000]
2026-09-29 08:09:49,679 INFO ParkingCrossingPedestrian_Town13_Route545_Weather25       7 windows (+0 cached)    0.94 s  [630/1000]
2026-09-29 08:09:49,933 INFO ParkingCrossingPedestrian_Town12_Route758_Weather3       21 windows (+0 cached)    2.83 s  [631/1000]
2026-09-29 08:09:50,306 INFO ParkedObstacle_Town13_Route555_Weather9                  30 windows (+0 cached)    4.03 s  [632/1000]
2026-09-29 08:09:50,548 INFO ParkingCrossingPedestrian_Town13_Route668_Weather18      11 windows (+0 cached)    1.45 s  [633/1000]
2026-09-29 08:09:50,571 INFO ParkingCrossingPedestrian_Town13_Route728_Weather0        7 windows (+0 cached)    0.98 s  [634/1000]
2026-09-29 08:09:50,621 INFO ParkingCrossingPedestrian_Town13_Route727_Weather25       8 windows (+0 cached)    1.04 s  [635/1000]
2026-09-29 08:09:50,749 INFO ParkingCrossingPedestrian_Town15_Route403_Weather13       8 windows (+0 cached)    1.07 s  [636/1000]
2026-09-29 08:09:50,913 INFO ParkingCrossingPedestrian_Town15_Route405_Weather15       7 windows (+0 cached)    0.98 s  [637/1000]
2026-09-29 08:09:51,300 INFO ParkingCrossingPedestrian_Town12_Route897_Weather13      29 windows (+0 cached)    3.75 s  [638/1000]
2026-09-29 08:09:51,638 INFO ParkingCutIn_Town12_Route1300_Weather13                   7 windows (+0 cached)    1.02 s  [639/1000]
2026-09-29 08:09:51,783 INFO ParkingCrossingPedestrian_Town15_Route514_Weather0        8 windows (+0 cached)    1.21 s  [640/1000]
2026-09-29 08:09:51,808 INFO ParkingCutIn_Town12_Route1301_Weather14                   8 windows (+0 cached)    1.06 s  [641/1000]
2026-09-29 08:09:52,050 INFO ParkingCrossingPedestrian_Town15_Route462_Weather20      12 windows (+0 cached)    1.74 s  [642/1000]
2026-09-29 08:09:52,163 INFO ParkingCrossingPedestrian_Town13_Route669_Weather19      21 windows (+0 cached)    2.90 s  [643/1000]
2026-09-29 08:09:52,167 INFO ParkingCutIn_Town12_Route1302_Weather15                   8 windows (+0 cached)    1.25 s  [644/1000]
2026-09-29 08:09:52,214 INFO ParkingCutIn_Town12_Route1303_Weather8                    7 windows (+0 cached)    0.91 s  [645/1000]
2026-09-29 08:09:52,560 INFO ParkingCutIn_Town12_Route1304_Weather9                    7 windows (+0 cached)    0.92 s  [646/1000]
2026-09-29 08:09:52,772 INFO ParkingCutIn_Town12_Route1310_Weather0                    7 windows (+0 cached)    0.99 s  [647/1000]
2026-09-29 08:09:52,910 INFO ParkingCutIn_Town12_Route1311_Weather1                    8 windows (+0 cached)    1.10 s  [648/1000]
2026-09-29 08:09:53,119 INFO ParkingCutIn_Town12_Route1314_Weather5                    7 windows (+0 cached)    0.95 s  [649/1000]
2026-09-29 08:09:53,124 INFO ParkingCutIn_Town12_Route1313_Weather3                    7 windows (+0 cached)    0.96 s  [650/1000]
2026-09-29 08:09:53,167 INFO ParkingCutIn_Town12_Route1312_Weather2                    8 windows (+0 cached)    1.12 s  [651/1000]
2026-09-29 08:09:53,253 INFO ParkingCutIn_Town12_Route1315_Weather6                    8 windows (+0 cached)    1.04 s  [652/1000]
2026-09-29 08:09:53,591 INFO ParkingCutIn_Town12_Route762_Weather8                     7 windows (+0 cached)    1.03 s  [653/1000]
2026-09-29 08:09:54,006 INFO ParkingCutIn_Town12_Route764_Weather10                    8 windows (+0 cached)    1.10 s  [654/1000]
2026-09-29 08:09:54,028 INFO ParkingCutIn_Town12_Route765_Weather11                    7 windows (+0 cached)    0.91 s  [655/1000]
2026-09-29 08:09:54,143 INFO ParkingCutIn_Town12_Route901_Weather9                     7 windows (+0 cached)    0.98 s  [656/1000]
2026-09-29 08:09:54,318 INFO ParkingCutIn_Town12_Route902_Weather18                    8 windows (+0 cached)    1.06 s  [657/1000]
2026-09-29 08:09:54,746 INFO ParkingCutIn_Town12_Route903_Weather20                    8 windows (+0 cached)    1.15 s  [658/1000]
2026-09-29 08:09:55,089 INFO ParkingCutIn_Town12_Route955_Weather19                    7 windows (+0 cached)    1.06 s  [659/1000]
2026-09-29 08:09:55,291 INFO ParkingCutIn_Town13_Route1342_Weather0                    7 windows (+0 cached)    1.15 s  [660/1000]
2026-09-29 08:09:55,302 INFO ParkingCutIn_Town13_Route1343_Weather1                    7 windows (+0 cached)    0.98 s  [661/1000]
2026-09-29 08:09:55,815 INFO ParkingCutIn_Town12_Route763_Weather9                    22 windows (+0 cached)    3.04 s  [662/1000]
2026-09-29 08:09:55,846 INFO ParkingCutIn_Town13_Route1344_Weather2                    7 windows (+0 cached)    1.10 s  [663/1000]
2026-09-29 08:09:56,170 INFO ParkingCutIn_Town12_Route900_Weather19                   22 windows (+0 cached)    3.05 s  [664/1000]
2026-09-29 08:09:56,204 INFO ParkingCutIn_Town13_Route1345_Weather3                    8 windows (+0 cached)    1.12 s  [665/1000]
2026-09-29 08:09:56,291 INFO ParkingCutIn_Town13_Route1347_Weather6                    7 windows (+0 cached)    0.99 s  [666/1000]
2026-09-29 08:09:56,752 INFO ParkingCutIn_Town13_Route1349_Weather10                   7 windows (+0 cached)    0.91 s  [667/1000]
2026-09-29 08:09:56,783 INFO ParkingCutIn_Town13_Route1348_Weather7                    7 windows (+0 cached)    0.97 s  [668/1000]
2026-09-29 08:09:56,939 INFO ParkingCutIn_Town12_Route954_Weather18                   22 windows (+0 cached)    2.93 s  [669/1000]
2026-09-29 08:09:57,131 INFO ParkingCutIn_Town13_Route546_Weather0                     7 windows (+0 cached)    0.96 s  [670/1000]
2026-09-29 08:09:57,201 INFO ParkingCutIn_Town13_Route1346_Weather5                   14 windows (+0 cached)    1.91 s  [671/1000]
2026-09-29 08:09:57,286 INFO ParkingCutIn_Town13_Route547_Weather1                     7 windows (+0 cached)    1.08 s  [672/1000]
2026-09-29 08:09:57,803 INFO ParkingCrossingPedestrian_Town15_Route513_Weather19      53 windows (+0 cached)    7.26 s  [673/1000]
2026-09-29 08:09:57,847 INFO ParkingCutIn_Town13_Route670_Weather20                    7 windows (+0 cached)    1.06 s  [674/1000]
2026-09-29 08:09:57,985 INFO ParkingCutIn_Town13_Route548_Weather2                    12 windows (+0 cached)    1.69 s  [675/1000]
2026-09-29 08:09:58,066 INFO ParkingCutIn_Town13_Route672_Weather22                    7 windows (+0 cached)    0.93 s  [676/1000]
2026-09-29 08:09:58,307 INFO ParkingCutIn_Town13_Route696_Weather20                    7 windows (+0 cached)    1.11 s  [677/1000]
2026-09-29 08:09:58,445 INFO ParkingCutIn_Town13_Route729_Weather1                     7 windows (+0 cached)    1.16 s  [678/1000]
2026-09-29 08:09:58,761 INFO ParkingExit_Town12_Route1305_Weather18                    7 windows (+0 cached)    0.96 s  [679/1000]
2026-09-29 08:09:58,830 INFO ParkingExit_Town12_Route1307_Weather20                    7 windows (+0 cached)    0.98 s  [680/1000]
2026-09-29 08:09:58,935 INFO ParkingCutIn_Town13_Route671_Weather21                   14 windows (+0 cached)    2.00 s  [681/1000]
2026-09-29 08:09:59,007 INFO ParkingExit_Town12_Route1309_Weather22                    7 windows (+0 cached)    0.94 s  [682/1000]
2026-09-29 08:09:59,291 INFO ParkingExit_Town12_Route1316_Weather0                     7 windows (+0 cached)    0.98 s  [683/1000]
2026-09-29 08:09:59,505 INFO ParkingExit_Town12_Route1318_Weather2                     7 windows (+0 cached)    1.06 s  [684/1000]
2026-09-29 08:09:59,519 INFO ParkingCutIn_Town13_Route549_Weather3                    20 windows (+0 cached)    2.77 s  [685/1000]
2026-09-29 08:09:59,759 INFO ParkingExit_Town12_Route1320_Weather5                     7 windows (+0 cached)    0.93 s  [686/1000]
2026-09-29 08:09:59,864 INFO ParkingExit_Town12_Route1321_Weather6                     7 windows (+0 cached)    0.93 s  [687/1000]
2026-09-29 08:09:59,970 INFO ParkingExit_Town12_Route1322_Weather7                     7 windows (+0 cached)    0.96 s  [688/1000]
2026-09-29 08:10:00,196 INFO ParkingExit_Town12_Route786_Weather6                      7 windows (+0 cached)    0.90 s  [689/1000]
2026-09-29 08:10:00,710 INFO ParkingExit_Town12_Route787_Weather7                      7 windows (+0 cached)    1.21 s  [690/1000]
2026-09-29 08:10:00,788 INFO ParkingExit_Town12_Route920_Weather10                     7 windows (+0 cached)    0.92 s  [691/1000]
2026-09-29 08:10:00,827 INFO ParkingExit_Town12_Route789_Weather9                      7 windows (+0 cached)    1.07 s  [692/1000]
2026-09-29 08:10:00,914 INFO ParkingExit_Town12_Route922_Weather12                     7 windows (+0 cached)    0.94 s  [693/1000]
2026-09-29 08:10:01,258 INFO ParkingExit_Town12_Route1308_Weather21                   22 windows (+0 cached)    3.27 s  [694/1000]
2026-09-29 08:10:01,272 INFO ParkingExit_Town12_Route923_Weather13                     7 windows (+0 cached)    1.08 s  [695/1000]
2026-09-29 08:10:01,629 INFO ParkingExit_Town12_Route1319_Weather3                    22 windows (+0 cached)    2.87 s  [696/1000]
2026-09-29 08:10:01,735 INFO ParkingExit_Town13_Route569_Weather23                     7 windows (+0 cached)    0.91 s  [697/1000]
2026-09-29 08:10:01,753 INFO ParkingExit_Town13_Route568_Weather22                     7 windows (+0 cached)    0.97 s  [698/1000]
2026-09-29 08:10:01,799 INFO ParkingExit_Town13_Route567_Weather21                     8 windows (+0 cached)    1.09 s  [699/1000]
2026-09-29 08:10:01,817 INFO ParkingExit_Town13_Route570_Weather23                     7 windows (+0 cached)    0.90 s  [700/1000]
2026-09-29 08:10:02,162 INFO ParkingExit_Town13_Route676_Weather0                      7 windows (+0 cached)    0.90 s  [701/1000]
2026-09-29 08:10:02,402 INFO ParkingExit_Town12_Route788_Weather8                     22 windows (+0 cached)    2.88 s  [702/1000]
2026-09-29 08:10:02,598 INFO ParkingExit_Town13_Route678_Weather2                      7 windows (+0 cached)    0.97 s  [703/1000]
2026-09-29 08:10:02,625 INFO ParkingExit_Town13_Route697_Weather21                     7 windows (+0 cached)    0.89 s  [704/1000]
2026-09-29 08:10:02,697 INFO ParkingExit_Town13_Route731_Weather3                      7 windows (+0 cached)    0.94 s  [705/1000]
2026-09-29 08:10:02,806 INFO PedestrianCrossing_Town12_Route1013_Weather25             7 windows (+0 cached)    0.99 s  [706/1000]
2026-09-29 08:10:03,159 INFO PedestrianCrossing_Town12_Route1033_Weather20             5 windows (+0 cached)    0.76 s  [707/1000]
2026-09-29 08:10:03,163 INFO PedestrianCrossing_Town12_Route1014_Weather0              7 windows (+0 cached)    1.00 s  [708/1000]
2026-09-29 08:10:03,455 INFO PedestrianCrossing_Town12_Route867_Weather9               2 windows (+0 cached)    0.30 s  [709/1000]
2026-09-29 08:10:03,462 INFO PedestrianCrossing_Town12_Route1045_Weather5              6 windows (+0 cached)    0.86 s  [710/1000]
2026-09-29 08:10:03,733 INFO ParkingExit_Town13_Route732_Weather3                     14 windows (+0 cached)    1.93 s  [711/1000]
2026-09-29 08:10:04,058 INFO PedestrianCrossing_Town12_Route943_Weather7               6 windows (+0 cached)    0.90 s  [712/1000]
2026-09-29 08:10:04,148 INFO PedestrianCrossing_Town13_Route637_Weather13              5 windows (+0 cached)    0.69 s  [713/1000]
2026-09-29 08:10:04,537 INFO PedestrianCrossing_Town13_Route687_Weather11              3 windows (+0 cached)    0.48 s  [714/1000]
2026-09-29 08:10:05,203 INFO ParkingExit_Town13_Route677_Weather1                     29 windows (+0 cached)    3.93 s  [715/1000]
2026-09-29 08:10:05,681 INFO PedestrianCrossing_Town12_Route866_Weather8              21 windows (+0 cached)    2.88 s  [716/1000]
2026-09-29 08:10:05,692 INFO PedestrianCrossing_Town12_Route865_Weather7              22 windows (+0 cached)    3.00 s  [717/1000]
2026-09-29 08:10:06,513 INFO PedestrianCrossing_Town12_Route864_Weather6              29 windows (+0 cached)    3.89 s  [718/1000]
2026-09-29 08:10:06,590 INFO PedestrianCrossing_Town13_Route636_Weather12             23 windows (+0 cached)    3.13 s  [719/1000]
2026-09-29 08:10:07,126 INFO PedestrianCrossing_Town13_Route638_Weather14             22 windows (+0 cached)    3.39 s  [720/1000]
2026-09-29 08:10:07,142 INFO PedestrianCrossing_Town13_Route716_Weather14             22 windows (+0 cached)    2.99 s  [721/1000]
2026-09-29 08:10:07,727 INFO SignalizedJunctionLeftTurnEnterFlow_Town12_Route1019_Weather5   4 windows (+0 cached)    0.60 s  [722/1000]
2026-09-29 08:10:07,823 INFO SignalizedJunctionLeftTurnEnterFlow_Town12_Route1020_Weather6   5 windows (+0 cached)    0.68 s  [723/1000]
2026-09-29 08:10:07,856 INFO PedestrianCrossing_Town15_Route448_Weather6              15 windows (+0 cached)    2.16 s  [724/1000]
2026-09-29 08:10:08,002 INFO PedestrianCrossing_Town13_Route718_Weather8              22 windows (+0 cached)    3.47 s  [725/1000]
2026-09-29 08:10:08,313 INFO SignalizedJunctionLeftTurnEnterFlow_Town12_Route1034_Weather20   4 windows (+0 cached)    0.59 s  [726/1000]
2026-09-29 08:10:08,378 INFO SignalizedJunctionLeftTurnEnterFlow_Town12_Route884_Weather0   4 windows (+0 cached)    0.55 s  [727/1000]
2026-09-29 08:10:08,452 INFO SignalizedJunctionLeftTurnEnterFlow_Town12_Route885_Weather14   4 windows (+0 cached)    0.60 s  [728/1000]
2026-09-29 08:10:08,558 INFO SignalizedJunctionLeftTurnEnterFlow_Town12_Route887_Weather3   4 windows (+0 cached)    0.56 s  [729/1000]
2026-09-29 08:10:08,665 INFO PedestrianCrossing_Town13_Route736_Weather8              22 windows (+0 cached)    3.46 s  [730/1000]
2026-09-29 08:10:08,700 INFO PedestrianCrossing_Town15_Route526_Weather6              15 windows (+0 cached)    2.11 s  [731/1000]
2026-09-29 08:10:08,749 INFO PedestrianCrossing_Town15_Route506_Weather12             16 windows (+0 cached)    2.24 s  [732/1000]
2026-09-29 08:10:08,753 INFO PedestrianCrossing_Town13_Route747_Weather19             22 windows (+0 cached)    3.07 s  [733/1000]
2026-09-29 08:10:08,935 INFO SignalizedJunctionLeftTurnEnterFlow_Town12_Route981_Weather19   4 windows (+0 cached)    0.56 s  [734/1000]
2026-09-29 08:10:08,961 INFO SignalizedJunctionLeftTurnEnterFlow_Town12_Route948_Weather9   4 windows (+0 cached)    0.65 s  [735/1000]
2026-09-29 08:10:09,022 INFO SignalizedJunctionLeftTurnEnterFlow_Town13_Route1627_Weather3   4 windows (+0 cached)    0.57 s  [736/1000]
2026-09-29 08:10:09,135 INFO SignalizedJunctionLeftTurnEnterFlow_Town13_Route1629_Weather6   4 windows (+0 cached)    0.58 s  [737/1000]
2026-09-29 08:10:09,242 INFO SignalizedJunctionLeftTurnEnterFlow_Town13_Route1631_Weather10   4 windows (+0 cached)    0.54 s  [738/1000]
2026-09-29 08:10:09,254 INFO SignalizedJunctionLeftTurnEnterFlow_Town13_Route1633_Weather12   4 windows (+0 cached)    0.51 s  [739/1000]
2026-09-29 08:10:09,261 INFO SignalizedJunctionLeftTurnEnterFlow_Town13_Route1630_Weather7   4 windows (+0 cached)    0.60 s  [740/1000]
2026-09-29 08:10:09,267 INFO SignalizedJunctionLeftTurnEnterFlow_Town13_Route1636_Weather15   4 windows (+0 cached)    0.51 s  [741/1000]
2026-09-29 08:10:09,437 INFO SignalizedJunctionLeftTurnEnterFlow_Town13_Route657_Weather2   3 windows (+0 cached)    0.50 s  [742/1000]
2026-09-29 08:10:09,511 INFO SignalizedJunctionLeftTurnEnterFlow_Town13_Route658_Weather8   4 windows (+0 cached)    0.55 s  [743/1000]
2026-09-29 08:10:09,579 INFO SignalizedJunctionLeftTurnEnterFlow_Town13_Route659_Weather3   4 windows (+0 cached)    0.56 s  [744/1000]
2026-09-29 08:10:09,810 INFO SignalizedJunctionLeftTurnEnterFlow_Town13_Route719_Weather18   4 windows (+0 cached)    0.57 s  [745/1000]
2026-09-29 08:10:09,865 INFO SignalizedJunctionLeftTurnEnterFlow_Town13_Route692_Weather8   5 windows (+0 cached)    0.73 s  [746/1000]
2026-09-29 08:10:09,963 INFO SignalizedJunctionLeftTurnEnterFlow_Town15_Route498_Weather23   4 windows (+0 cached)    0.53 s  [747/1000]
2026-09-29 08:10:09,967 INFO SignalizedJunctionLeftTurnEnterFlow_Town13_Route720_Weather19   5 windows (+0 cached)    0.71 s  [748/1000]
2026-09-29 08:10:10,130 INFO SignalizedJunctionLeftTurnEnterFlow_Town13_Route721_Weather19   5 windows (+0 cached)    0.87 s  [749/1000]
2026-09-29 08:10:10,269 INFO SignalizedJunctionLeftTurnEnterFlow_Town15_Route529_Weather9   5 windows (+0 cached)    0.69 s  [750/1000]
2026-09-29 08:10:10,303 INFO SignalizedJunctionLeftTurnEnterFlow_Town13_Route737_Weather23   7 windows (+0 cached)    1.04 s  [751/1000]
2026-09-29 08:10:10,360 INFO SignalizedJunctionLeftTurnEnterFlow_Town15_Route531_Weather11   4 windows (+0 cached)    0.55 s  [752/1000]
2026-09-29 08:10:10,421 INFO SignalizedJunctionLeftTurnEnterFlow_Town15_Route511_Weather9   6 windows (+0 cached)    0.91 s  [753/1000]
2026-09-29 08:10:10,520 INFO SignalizedJunctionLeftTurn_Town03_Route114_Weather6       4 windows (+0 cached)    0.55 s  [754/1000]
2026-09-29 08:10:10,689 INFO SignalizedJunctionLeftTurn_Town03_Route113_Weather26      5 windows (+0 cached)    0.73 s  [755/1000]
2026-09-29 08:10:10,708 INFO SignalizedJunctionLeftTurn_Town03_Route150_Weather26      4 windows (+0 cached)    0.58 s  [756/1000]
2026-09-29 08:10:10,709 INFO SignalizedJunctionLeftTurnEnterFlow_Town15_Route536_Weather8   6 windows (+0 cached)    0.84 s  [757/1000]
2026-09-29 08:10:10,948 INFO SignalizedJunctionLeftTurn_Town04_Route172_Weather8       5 windows (+0 cached)    0.68 s  [758/1000]
2026-09-29 08:10:11,029 INFO SignalizedJunctionLeftTurn_Town04_Route174_Weather18      5 windows (+0 cached)    0.67 s  [759/1000]
2026-09-29 08:10:11,068 INFO SignalizedJunctionLeftTurn_Town05_Route233_Weather6       4 windows (+0 cached)    0.55 s  [760/1000]
2026-09-29 08:10:11,194 INFO SignalizedJunctionLeftTurn_Town05_Route232_Weather23      5 windows (+0 cached)    0.77 s  [761/1000]
2026-09-29 08:10:11,252 INFO SignalizedJunctionLeftTurn_Town05_Route234_Weather7       4 windows (+0 cached)    0.56 s  [762/1000]
2026-09-29 08:10:11,317 INFO SignalizedJunctionLeftTurn_Town05_Route267_Weather3       4 windows (+0 cached)    0.61 s  [763/1000]
2026-09-29 08:10:11,441 INFO SignalizedJunctionLeftTurn_Town07_Route334_Weather26      5 windows (+0 cached)    0.73 s  [764/1000]
2026-09-29 08:10:11,608 INFO SignalizedJunctionLeftTurn_Town07_Route336_Weather23      5 windows (+0 cached)    0.66 s  [765/1000]
2026-09-29 08:10:11,702 INFO SignalizedJunctionLeftTurn_Town07_Route366_Weather2       5 windows (+0 cached)    0.67 s  [766/1000]
2026-09-29 08:10:11,751 INFO SignalizedJunctionLeftTurn_Town10HD_Route380_Weather21    5 windows (+0 cached)    0.68 s  [767/1000]
2026-09-29 08:10:11,893 INFO SignalizedJunctionLeftTurn_Town13_Route580_Weather26      3 windows (+0 cached)    0.45 s  [768/1000]
2026-09-29 08:10:11,982 INFO SignalizedJunctionLeftTurn_Town12_Route1470_Weather5      5 windows (+0 cached)    0.73 s  [769/1000]
2026-09-29 08:10:12,018 INFO SignalizedJunctionLeftTurn_Town10HD_Route381_Weather22    6 windows (+0 cached)    0.82 s  [770/1000]
2026-09-29 08:10:12,233 INFO SignalizedJunctionLeftTurn_Town12_Route799_Weather0       6 windows (+0 cached)    0.92 s  [771/1000]
2026-09-29 08:10:12,245 INFO SignalizedJunctionLeftTurn_Town13_Route581_Weather26      4 windows (+0 cached)    0.64 s  [772/1000]
2026-09-29 08:10:12,278 INFO SignalizedJunctionLeftTurn_Town15_Route437_Weather26      4 windows (+0 cached)    0.58 s  [773/1000]
2026-09-29 08:10:12,347 INFO SignalizedJunctionLeftTurn_Town15_Route471_Weather26      4 windows (+0 cached)    0.60 s  [774/1000]
2026-09-29 08:10:12,447 INFO SignalizedJunctionRightTurn_Town03_Route118_Weather14     4 windows (+0 cached)    0.55 s  [775/1000]
2026-09-29 08:10:12,576 INFO SignalizedJunctionRightTurn_Town04_Route176_Weather20     4 windows (+0 cached)    0.56 s  [776/1000]
2026-09-29 08:10:12,852 INFO SignalizedJunctionRightTurn_Town07_Route338_Weather10     4 windows (+0 cached)    0.57 s  [777/1000]
2026-09-29 08:10:12,952 INFO SignalizedJunctionRightTurn_Town03_Route151_Weather2      7 windows (+0 cached)    0.97 s  [778/1000]
2026-09-29 08:10:12,957 INFO SignalizedJunctionRightTurn_Town04_Route211_Weather3      5 windows (+0 cached)    0.71 s  [779/1000]
2026-09-29 08:10:13,059 INFO SignalizedJunctionRightTurn_Town07_Route339_Weather1      5 windows (+0 cached)    0.71 s  [780/1000]
2026-09-29 08:10:13,126 INFO SignalizedJunctionRightTurn_Town12_Route803_Weather23     5 windows (+0 cached)    0.68 s  [781/1000]
2026-09-29 08:10:13,244 INFO SignalizedJunctionRightTurn_Town12_Route804_Weather5      4 windows (+0 cached)    0.67 s  [782/1000]
2026-09-29 08:10:13,395 INFO SignalizedJunctionRightTurn_Town12_Route805_Weather25     4 windows (+0 cached)    0.54 s  [783/1000]
2026-09-29 08:10:13,395 INFO SignalizedJunctionRightTurn_Town12_Route964_Weather2      3 windows (+0 cached)    0.44 s  [784/1000]
2026-09-29 08:10:13,504 INFO SignalizedJunctionRightTurn_Town12_Route988_Weather0      4 windows (+0 cached)    0.55 s  [785/1000]
2026-09-29 08:10:13,512 INFO SignalizedJunctionRightTurn_Town04_Route177_Weather13     9 windows (+0 cached)    1.28 s  [786/1000]
2026-09-29 08:10:13,586 INFO SignalizedJunctionRightTurn_Town13_Route583_Weather11     4 windows (+0 cached)    0.53 s  [787/1000]
2026-09-29 08:10:13,945 INFO SignalizedJunctionLeftTurn_Town04_Route173_Weather26     27 windows (+0 cached)    3.64 s  [788/1000]
2026-09-29 08:10:13,976 INFO SignalizedJunctionRightTurn_Town15_Route438_Weather7      6 windows (+0 cached)    0.85 s  [789/1000]
2026-09-29 08:10:14,337 INFO StaticCutIn_Town03_Route109_Weather1                      7 windows (+0 cached)    0.94 s  [790/1000]
2026-09-29 08:10:14,353 INFO StaticCutIn_Town03_Route110_Weather6                      7 windows (+0 cached)    0.96 s  [791/1000]
2026-09-29 08:10:14,377 INFO SignalizedJunctionRightTurn_Town15_Route473_Weather5      8 windows (+0 cached)    1.13 s  [792/1000]
2026-09-29 08:10:14,389 INFO StaticCutIn_Town03_Route149_Weather19                     7 windows (+0 cached)    0.88 s  [793/1000]
2026-09-29 08:10:14,536 INFO StaticCutIn_Town03_Route158_Weather2                      7 windows (+0 cached)    1.02 s  [794/1000]
2026-09-29 08:10:14,537 INFO StaticCutIn_Town04_Route168_Weather12                     7 windows (+0 cached)    0.95 s  [795/1000]
2026-09-29 08:10:14,718 INFO StaticCutIn_Town04_Route208_Weather0                      6 windows (+0 cached)    0.77 s  [796/1000]
2026-09-29 08:10:14,933 INFO StaticCutIn_Town04_Route216_Weather8                      7 windows (+0 cached)    0.96 s  [797/1000]
2026-09-29 08:10:15,057 INFO StaticCutIn_Town05_Route227_Weather2                      5 windows (+0 cached)    0.70 s  [798/1000]
2026-09-29 08:10:15,196 INFO StaticCutIn_Town05_Route275_Weather15                     6 windows (+0 cached)    0.81 s  [799/1000]
2026-09-29 08:10:15,329 INFO StaticCutIn_Town05_Route226_Weather18                     7 windows (+0 cached)    0.99 s  [800/1000]
2026-09-29 08:10:15,454 INFO StaticCutIn_Town06_Route287_Weather1                      6 windows (+0 cached)    0.92 s  [801/1000]
2026-09-29 08:10:15,536 INFO StaticCutIn_Town06_Route288_Weather2                      7 windows (+0 cached)    1.00 s  [802/1000]
2026-09-29 08:10:15,703 INFO StaticCutIn_Town12_Route782_Weather2                      7 windows (+0 cached)    0.98 s  [803/1000]
2026-09-29 08:10:15,735 INFO StaticCutIn_Town05_Route265_Weather5                      9 windows (+0 cached)    1.36 s  [804/1000]
2026-09-29 08:10:16,041 INFO StaticCutIn_Town12_Route783_Weather3                      8 windows (+0 cached)    1.11 s  [805/1000]
2026-09-29 08:10:16,055 INFO StaticCutIn_Town12_Route785_Weather5                      7 windows (+0 cached)    1.00 s  [806/1000]
2026-09-29 08:10:16,141 INFO StaticCutIn_Town13_Route563_Weather9                      7 windows (+0 cached)    0.95 s  [807/1000]
2026-09-29 08:10:16,304 INFO StaticCutIn_Town13_Route564_Weather18                     7 windows (+0 cached)    0.98 s  [808/1000]
2026-09-29 08:10:16,418 INFO StaticCutIn_Town13_Route565_Weather8                      6 windows (+0 cached)    0.96 s  [809/1000]
2026-09-29 08:10:16,451 INFO StaticCutIn_Town13_Route566_Weather20                     7 windows (+0 cached)    0.91 s  [810/1000]
2026-09-29 08:10:16,526 INFO StaticCutIn_Town15_Route426_Weather10                     6 windows (+0 cached)    0.82 s  [811/1000]
2026-09-29 08:10:16,595 INFO TJunction_Town01_Route91_Weather13                        2 windows (+0 cached)    0.29 s  [812/1000]
2026-09-29 08:10:16,647 INFO StaticCutIn_Town15_Route427_Weather11                     6 windows (+0 cached)    0.91 s  [813/1000]
2026-09-29 08:10:16,872 INFO StaticCutIn_Town15_Route429_Weather13                     6 windows (+0 cached)    0.82 s  [814/1000]
2026-09-29 08:10:16,956 INFO StaticCutIn_Town15_Route428_Weather12                     7 windows (+0 cached)    0.91 s  [815/1000]
2026-09-29 08:10:17,409 INFO TJunction_Town02_Route97_Weather19                        8 windows (+0 cached)    0.99 s  [816/1000]
2026-09-29 08:10:18,317 INFO TJunction_Town05_Route261_Weather1                       13 windows (+0 cached)    1.72 s  [817/1000]
2026-09-29 08:10:18,892 INFO TJunction_Town07_Route364_Weather0                        4 windows (+0 cached)    0.57 s  [818/1000]
2026-09-29 08:10:19,404 INFO TJunction_Town01_Route90_Weather12                       25 windows (+0 cached)    3.26 s  [819/1000]
2026-09-29 08:10:19,565 INFO TJunction_Town07_Route363_Weather25                      14 windows (+0 cached)    2.16 s  [820/1000]
2026-09-29 08:10:20,012 INFO TJunction_Town05_Route260_Weather0                       24 windows (+0 cached)    3.49 s  [821/1000]
2026-09-29 08:10:20,186 INFO TJunction_Town05_Route259_Weather0                       25 windows (+0 cached)    3.73 s  [822/1000]
2026-09-29 08:10:20,273 INFO TJunction_Town06_Route306_Weather20                      23 windows (+0 cached)    3.32 s  [823/1000]
2026-09-29 08:10:20,423 INFO TJunction_Town06_Route305_Weather19                      25 windows (+0 cached)    3.55 s  [824/1000]
2026-09-29 08:10:20,653 INFO TJunction_Town06_Route304_Weather18                      25 windows (+0 cached)    4.01 s  [825/1000]
2026-09-29 08:10:21,567 INFO TJunction_Town12_Route1018_Weather3                      13 windows (+0 cached)    2.00 s  [826/1000]
2026-09-29 08:10:21,674 INFO TJunction_Town12_Route1201_Weather5                      12 windows (+0 cached)    1.66 s  [827/1000]
2026-09-29 08:10:21,697 INFO TJunction_Town12_Route1017_Weather3                      17 windows (+0 cached)    2.29 s  [828/1000]
2026-09-29 08:10:21,750 INFO TJunction_Town12_Route881_Weather23                      11 windows (+0 cached)    1.48 s  [829/1000]
2026-09-29 08:10:22,016 INFO TJunction_Town12_Route880_Weather22                      14 windows (+0 cached)    1.83 s  [830/1000]
2026-09-29 08:10:22,308 INFO TJunction_Town07_Route365_Weather1                       25 windows (+0 cached)    3.42 s  [831/1000]
2026-09-29 08:10:22,658 INFO TJunction_Town12_Route883_Weather25                      14 windows (+0 cached)    2.00 s  [832/1000]
2026-09-29 08:10:23,469 INFO TJunction_Town13_Route652_Weather2                       10 windows (+0 cached)    1.45 s  [833/1000]
2026-09-29 08:10:23,486 INFO TJunction_Town12_Route927_Weather9                       14 windows (+0 cached)    1.81 s  [834/1000]
2026-09-29 08:10:23,520 INFO TJunction_Town12_Route882_Weather23                      23 windows (+0 cached)    3.10 s  [835/1000]
2026-09-29 08:10:23,627 INFO TJunction_Town12_Route926_Weather8                       14 windows (+0 cached)    2.06 s  [836/1000]
2026-09-29 08:10:23,700 INFO TJunction_Town12_Route980_Weather18                      14 windows (+0 cached)    1.95 s  [837/1000]
2026-09-29 08:10:24,132 INFO TJunction_Town13_Route655_Weather5                       10 windows (+0 cached)    1.47 s  [838/1000]
2026-09-29 08:10:24,339 INFO TJunction_Town13_Route654_Weather3                       15 windows (+0 cached)    2.03 s  [839/1000]
2026-09-29 08:10:24,869 INFO TJunction_Town12_Route947_Weather11                      24 windows (+0 cached)    3.17 s  [840/1000]
2026-09-29 08:10:25,271 INFO TJunction_Town15_Route510_Weather8                        7 windows (+0 cached)    1.14 s  [841/1000]
2026-09-29 08:10:25,330 INFO TJunction_Town15_Route457_Weather15                      14 windows (+0 cached)    1.81 s  [842/1000]
2026-09-29 08:10:25,743 INFO VanillaNonSignalizedTurnEncounterStopsign_Town03_Route145_Weather15   3 windows (+0 cached)    0.47 s  [843/1000]
2026-09-29 08:10:25,993 INFO TJunction_Town13_Route691_Weather15                      18 windows (+0 cached)    2.52 s  [844/1000]
2026-09-29 08:10:26,124 INFO TJunction_Town15_Route456_Weather14                      19 windows (+0 cached)    2.64 s  [845/1000]
2026-09-29 08:10:26,234 INFO TJunction_Town15_Route496_Weather2                       18 windows (+0 cached)    2.53 s  [846/1000]
2026-09-29 08:10:26,240 INFO VanillaNonSignalizedTurnEncounterStopsign_Town04_Route203_Weather21   3 windows (+0 cached)    0.50 s  [847/1000]
2026-09-29 08:10:26,292 INFO VanillaNonSignalizedTurnEncounterStopsign_Town03_Route144_Weather14  10 windows (+0 cached)    1.42 s  [848/1000]
2026-09-29 08:10:26,334 INFO VanillaNonSignalizedTurnEncounterStopsign_Town03_Route143_Weather13  15 windows (+0 cached)    1.99 s  [849/1000]
2026-09-29 08:10:26,421 INFO VanillaNonSignalizedTurnEncounterStopsign_Town05_Route256_Weather22   3 windows (+0 cached)    0.43 s  [850/1000]
2026-09-29 08:10:26,460 INFO VanillaNonSignalizedTurnEncounterStopsign_Town07_Route361_Weather23   1 windows (+0 cached)    0.17 s  [851/1000]
2026-09-29 08:10:26,572 INFO VanillaNonSignalizedTurnEncounterStopsign_Town07_Route360_Weather22   2 windows (+0 cached)    0.33 s  [852/1000]
2026-09-29 08:10:26,580 INFO VanillaNonSignalizedTurnEncounterStopsign_Town12_Route1015_Weather1   1 windows (+0 cached)    0.16 s  [853/1000]
2026-09-29 08:10:26,632 INFO VanillaNonSignalizedTurnEncounterStopsign_Town07_Route362_Weather23   2 windows (+0 cached)    0.30 s  [854/1000]
2026-09-29 08:10:26,635 INFO VanillaNonSignalizedTurnEncounterStopsign_Town12_Route1016_Weather2   1 windows (+0 cached)    0.18 s  [855/1000]
2026-09-29 08:10:26,647 INFO VanillaNonSignalizedTurnEncounterStopsign_Town05_Route258_Weather25   3 windows (+0 cached)    0.41 s  [856/1000]
2026-09-29 08:10:26,868 INFO VanillaNonSignalizedTurnEncounterStopsign_Town12_Route877_Weather19   2 windows (+0 cached)    0.29 s  [857/1000]
2026-09-29 08:10:26,875 INFO VanillaNonSignalizedTurnEncounterStopsign_Town04_Route202_Weather20  12 windows (+0 cached)    1.54 s  [858/1000]
2026-09-29 08:10:26,929 INFO VanillaNonSignalizedTurnEncounterStopsign_Town12_Route946_Weather10   2 windows (+0 cached)    0.28 s  [859/1000]
2026-09-29 08:10:26,932 INFO VanillaNonSignalizedTurnEncounterStopsign_Town12_Route879_Weather21   2 windows (+0 cached)    0.30 s  [860/1000]
2026-09-29 08:10:26,960 INFO VanillaNonSignalizedTurnEncounterStopsign_Town05_Route257_Weather23   6 windows (+0 cached)    0.84 s  [861/1000]
2026-09-29 08:10:27,024 INFO VanillaNonSignalizedTurnEncounterStopsign_Town12_Route979_Weather9   1 windows (+0 cached)    0.16 s  [862/1000]
2026-09-29 08:10:27,042 INFO VanillaNonSignalizedTurnEncounterStopsign_Town12_Route876_Weather18   3 windows (+0 cached)    0.47 s  [863/1000]
2026-09-29 08:10:27,063 INFO VanillaNonSignalizedTurnEncounterStopsign_Town12_Route878_Weather20   3 windows (+0 cached)    0.43 s  [864/1000]
2026-09-29 08:10:27,095 INFO VanillaNonSignalizedTurnEncounterStopsign_Town13_Route650_Weather0   1 windows (+0 cached)    0.17 s  [865/1000]
2026-09-29 08:10:27,152 INFO VanillaNonSignalizedTurnEncounterStopsign_Town13_Route648_Weather23   2 windows (+0 cached)    0.28 s  [866/1000]
2026-09-29 08:10:27,177 INFO VanillaNonSignalizedTurnEncounterStopsign_Town15_Route454_Weather12   1 windows (+0 cached)    0.15 s  [867/1000]
2026-09-29 08:10:27,214 INFO VanillaNonSignalizedTurnEncounterStopsign_Town13_Route651_Weather1   2 windows (+0 cached)    0.28 s  [868/1000]
2026-09-29 08:10:27,266 INFO VanillaNonSignalizedTurnEncounterStopsign_Town13_Route690_Weather14   2 windows (+0 cached)    0.31 s  [869/1000]
2026-09-29 08:10:27,291 INFO TJunction_Town15_Route495_Weather1                       23 windows (+0 cached)    3.66 s  [870/1000]
2026-09-29 08:10:27,301 INFO VanillaNonSignalizedTurnEncounterStopsign_Town15_Route509_Weather15   1 windows (+0 cached)    0.15 s  [871/1000]
2026-09-29 08:10:27,396 INFO VanillaNonSignalizedTurnEncounterStopsign_Town15_Route494_Weather0   2 windows (+0 cached)    0.30 s  [872/1000]
2026-09-29 08:10:27,446 INFO VanillaNonSignalizedTurnEncounterStopsign_Town15_Route493_Weather25   3 windows (+0 cached)    0.38 s  [873/1000]
2026-09-29 08:10:27,458 INFO VanillaNonSignalizedTurnEncounterStopsign_Town15_Route455_Weather13   3 windows (+0 cached)    0.42 s  [874/1000]
2026-09-29 08:10:27,579 INFO VanillaNonSignalizedTurnEncounterStopsign_Town15_Route530_Weather10   3 windows (+0 cached)    0.40 s  [875/1000]
2026-09-29 08:10:27,605 INFO VanillaNonSignalizedTurnEncounterStopsign_Town15_Route535_Weather15   3 windows (+0 cached)    0.39 s  [876/1000]
2026-09-29 08:10:27,886 INFO VanillaSignalizedTurnEncounterGreenLight_Town05_Route251_Weather9   2 windows (+0 cached)    0.31 s  [877/1000]
2026-09-29 08:10:27,923 INFO VanillaSignalizedTurnEncounterGreenLight_Town05_Route250_Weather8   3 windows (+0 cached)    0.46 s  [878/1000]
2026-09-29 08:10:27,986 INFO VanillaSignalizedTurnEncounterGreenLight_Town04_Route196_Weather14   5 windows (+0 cached)    0.68 s  [879/1000]
2026-09-29 08:10:28,054 INFO VanillaSignalizedTurnEncounterGreenLight_Town05_Route252_Weather21   3 windows (+0 cached)    0.45 s  [880/1000]
2026-09-29 08:10:28,123 INFO VanillaSignalizedTurnEncounterGreenLight_Town04_Route198_Weather8   5 windows (+0 cached)    0.68 s  [881/1000]
2026-09-29 08:10:28,287 INFO VanillaSignalizedTurnEncounterGreenLight_Town07_Route356_Weather18   2 windows (+0 cached)    0.30 s  [882/1000]
2026-09-29 08:10:29,291 INFO VanillaSignalizedTurnEncounterGreenLight_Town10HD_Route386_Weather22   9 windows (+0 cached)    1.24 s  [883/1000]
2026-09-29 08:10:29,350 INFO VanillaSignalizedTurnEncounterGreenLight_Town07_Route355_Weather9   9 windows (+0 cached)    1.43 s  [884/1000]
2026-09-29 08:10:29,352 INFO VanillaSignalizedTurnEncounterGreenLight_Town07_Route354_Weather8  10 windows (+0 cached)    1.47 s  [885/1000]
2026-09-29 08:10:29,374 INFO VanillaSignalizedTurnEncounterGreenLight_Town10HD_Route387_Weather23   9 windows (+0 cached)    1.25 s  [886/1000]
2026-09-29 08:10:29,441 INFO VanillaSignalizedTurnEncounterGreenLight_Town03_Route137_Weather7  15 windows (+0 cached)    2.17 s  [887/1000]
2026-09-29 08:10:29,541 INFO VanillaSignalizedTurnEncounterGreenLight_Town12_Route869_Weather11   1 windows (+0 cached)    0.19 s  [888/1000]
2026-09-29 08:10:29,625 INFO VanillaSignalizedTurnEncounterGreenLight_Town10HD_Route392_Weather2   9 windows (+0 cached)    1.34 s  [889/1000]
2026-09-29 08:10:29,700 INFO VanillaSignalizedTurnEncounterGreenLight_Town03_Route139_Weather9  16 windows (+0 cached)    2.41 s  [890/1000]
2026-09-29 08:10:29,868 INFO VanillaSignalizedTurnEncounterGreenLight_Town13_Route642_Weather18   1 windows (+0 cached)    0.17 s  [891/1000]
2026-09-29 08:10:29,966 INFO VanillaSignalizedTurnEncounterGreenLight_Town04_Route197_Weather15  19 windows (+0 cached)    2.57 s  [892/1000]
2026-09-29 08:10:31,202 INFO VanillaSignalizedTurnEncounterGreenLight_Town13_Route643_Weather19   9 windows (+0 cached)    1.33 s  [893/1000]
2026-09-29 08:10:31,217 INFO VanillaSignalizedTurnEncounterGreenLight_Town15_Route451_Weather9   9 windows (+0 cached)    1.25 s  [894/1000]
2026-09-29 08:10:31,366 INFO VanillaSignalizedTurnEncounterGreenLight_Town12_Route870_Weather12  15 windows (+0 cached)    2.01 s  [895/1000]
2026-09-29 08:10:31,517 INFO VanillaSignalizedTurnEncounterGreenLight_Town15_Route489_Weather21   2 windows (+0 cached)    0.31 s  [896/1000]
2026-09-29 08:10:31,668 INFO VanillaSignalizedTurnEncounterGreenLight_Town13_Route641_Weather9  15 windows (+0 cached)    2.04 s  [897/1000]
2026-09-29 08:10:31,987 INFO VanillaSignalizedTurnEncounterGreenLight_Town13_Route640_Weather8  16 windows (+0 cached)    2.45 s  [898/1000]
2026-09-29 08:10:32,238 INFO VanillaSignalizedTurnEncounterRedLight_Town03_Route140_Weather10   5 windows (+0 cached)    0.72 s  [899/1000]
2026-09-29 08:10:32,494 INFO VanillaSignalizedTurnEncounterRedLight_Town03_Route141_Weather11   6 windows (+0 cached)    0.83 s  [900/1000]
2026-09-29 08:10:32,557 INFO VanillaSignalizedTurnEncounterGreenLight_Town12_Route871_Weather13  23 windows (+0 cached)    3.18 s  [901/1000]
2026-09-29 08:10:32,613 INFO VanillaSignalizedTurnEncounterGreenLight_Town12_Route868_Weather10  23 windows (+0 cached)    3.32 s  [902/1000]
2026-09-29 08:10:32,722 INFO VanillaSignalizedTurnEncounterGreenLight_Town12_Route944_Weather8  22 windows (+0 cached)    3.28 s  [903/1000]
2026-09-29 08:10:32,951 INFO VanillaSignalizedTurnEncounterGreenLight_Town15_Route507_Weather13  11 windows (+0 cached)    1.59 s  [904/1000]
2026-09-29 08:10:32,979 INFO VanillaSignalizedTurnEncounterRedLight_Town03_Route142_Weather12   7 windows (+0 cached)    0.99 s  [905/1000]
2026-09-29 08:10:33,556 INFO VanillaSignalizedTurnEncounterRedLight_Town05_Route253_Weather19   7 windows (+0 cached)    0.94 s  [906/1000]
2026-09-29 08:10:33,798 INFO VanillaSignalizedTurnEncounterRedLight_Town04_Route200_Weather18   9 windows (+0 cached)    1.30 s  [907/1000]
2026-09-29 08:10:33,825 INFO VanillaSignalizedTurnEncounterRedLight_Town05_Route255_Weather21   6 windows (+0 cached)    0.87 s  [908/1000]
2026-09-29 08:10:34,059 INFO VanillaSignalizedTurnEncounterRedLight_Town04_Route199_Weather9  12 windows (+0 cached)    1.82 s  [909/1000]
2026-09-29 08:10:34,271 INFO VanillaSignalizedTurnEncounterRedLight_Town04_Route201_Weather19  13 windows (+0 cached)    1.71 s  [910/1000]
2026-09-29 08:10:34,486 INFO VanillaSignalizedTurnEncounterGreenLight_Town15_Route490_Weather22  23 windows (+0 cached)    3.27 s  [911/1000]
2026-09-29 08:10:34,822 INFO VanillaSignalizedTurnEncounterRedLight_Town07_Route357_Weather19  13 windows (+0 cached)    1.84 s  [912/1000]
2026-09-29 08:10:34,823 INFO VanillaSignalizedTurnEncounterRedLight_Town12_Route1054_Weather14   2 windows (+0 cached)    0.34 s  [913/1000]
2026-09-29 08:10:34,911 INFO VanillaSignalizedTurnEncounterRedLight_Town10HD_Route389_Weather25   6 windows (+0 cached)    0.85 s  [914/1000]
2026-09-29 08:10:35,312 INFO VanillaSignalizedTurnEncounterRedLight_Town07_Route358_Weather20  13 windows (+0 cached)    1.76 s  [915/1000]
2026-09-29 08:10:35,347 INFO VanillaSignalizedTurnEncounterRedLight_Town10HD_Route388_Weather23  11 windows (+0 cached)    1.52 s  [916/1000]
2026-09-29 08:10:35,575 INFO VanillaSignalizedTurnEncounterRedLight_Town07_Route359_Weather21  13 windows (+0 cached)    1.78 s  [917/1000]
2026-09-29 08:10:35,843 INFO VanillaSignalizedTurnEncounterRedLight_Town10HD_Route393_Weather3  11 windows (+0 cached)    1.57 s  [918/1000]
2026-09-29 08:10:36,213 INFO VanillaSignalizedTurnEncounterRedLight_Town05_Route254_Weather20  26 windows (+0 cached)    3.49 s  [919/1000]
2026-09-29 08:10:36,420 INFO VanillaSignalizedTurnEncounterRedLight_Town13_Route644_Weather20   4 windows (+0 cached)    0.58 s  [920/1000]
2026-09-29 08:10:36,835 INFO VanillaSignalizedTurnEncounterRedLight_Town13_Route646_Weather22   3 windows (+0 cached)    0.41 s  [921/1000]
2026-09-29 08:10:37,422 INFO VanillaSignalizedTurnEncounterRedLight_Town12_Route872_Weather14  18 windows (+0 cached)    2.60 s  [922/1000]
2026-09-29 08:10:37,986 INFO VanillaSignalizedTurnEncounterRedLight_Town13_Route689_Weather13   4 windows (+0 cached)    0.56 s  [923/1000]
2026-09-29 08:10:38,271 INFO VanillaSignalizedTurnEncounterRedLight_Town12_Route874_Weather8  25 windows (+0 cached)    3.45 s  [924/1000]
2026-09-29 08:10:38,443 INFO VanillaSignalizedTurnEncounterRedLight_Town12_Route875_Weather9  25 windows (+0 cached)    3.53 s  [925/1000]
2026-09-29 08:10:38,523 INFO VanillaSignalizedTurnEncounterRedLight_Town12_Route969_Weather7  23 windows (+0 cached)    3.18 s  [926/1000]
2026-09-29 08:10:38,529 INFO VanillaSignalizedTurnEncounterRedLight_Town12_Route945_Weather9  25 windows (+0 cached)    3.22 s  [927/1000]
2026-09-29 08:10:38,783 INFO VanillaSignalizedTurnEncounterRedLight_Town13_Route603_Weather15  23 windows (+0 cached)    3.21 s  [928/1000]
2026-09-29 08:10:38,864 INFO VanillaSignalizedTurnEncounterRedLight_Town15_Route452_Weather10   6 windows (+0 cached)    0.88 s  [929/1000]
2026-09-29 08:10:39,423 INFO VanillaSignalizedTurnEncounterRedLight_Town15_Route492_Weather23   7 windows (+0 cached)    0.98 s  [930/1000]
2026-09-29 08:10:39,461 INFO VanillaSignalizedTurnEncounterRedLight_Town13_Route647_Weather23  19 windows (+0 cached)    2.63 s  [931/1000]
2026-09-29 08:10:39,612 INFO VanillaSignalizedTurnEncounterRedLight_Town13_Route645_Weather21  25 windows (+0 cached)    3.40 s  [932/1000]
2026-09-29 08:10:39,957 INFO VehicleOpensDoorTwoWays_Town12_Route1196_Weather0        10 windows (+0 cached)    1.43 s  [933/1000]
2026-09-29 08:10:39,999 INFO VehicleTurningRoutePedestrian_Town12_Route1027_Weather13   8 windows (+0 cached)    1.13 s  [934/1000]
2026-09-29 08:10:40,328 INFO VehicleTurningRoutePedestrian_Town12_Route827_Weather22   5 windows (+0 cached)    0.72 s  [935/1000]
2026-09-29 08:10:40,485 INFO VehicleTurningRoutePedestrian_Town12_Route826_Weather20   7 windows (+0 cached)    1.02 s  [936/1000]
2026-09-29 08:10:40,584 INFO VehicleOpensDoorTwoWays_Town12_Route1197_Weather1        14 windows (+0 cached)    2.05 s  [937/1000]
2026-09-29 08:10:41,209 INFO VehicleTurningRoutePedestrian_Town13_Route607_Weather19   5 windows (+0 cached)    0.72 s  [938/1000]
2026-09-29 08:10:41,362 INFO VehicleOpensDoorTwoWays_Town12_Route1203_Weather7        18 windows (+0 cached)    2.58 s  [939/1000]
2026-09-29 08:10:41,505 INFO VehicleTurningRoutePedestrian_Town13_Route610_Weather12   2 windows (+0 cached)    0.30 s  [940/1000]
2026-09-29 08:10:41,937 INFO VehicleTurningRoutePedestrian_Town13_Route680_Weather10   4 windows (+0 cached)    0.57 s  [941/1000]
2026-09-29 08:10:42,124 INFO VanillaSignalizedTurnEncounterRedLight_Town15_Route491_Weather23  26 windows (+0 cached)    3.85 s  [942/1000]
2026-09-29 08:10:42,266 INFO VehicleTurningRoutePedestrian_Town13_Route703_Weather1    2 windows (+0 cached)    0.33 s  [943/1000]
2026-09-29 08:10:42,420 INFO VehicleTurningRoutePedestrian_Town12_Route999_Weather11  15 windows (+0 cached)    2.09 s  [944/1000]
2026-09-29 08:10:42,573 INFO VehicleTurningRoutePedestrian_Town15_Route1387_Weather1   3 windows (+0 cached)    0.45 s  [945/1000]
2026-09-29 08:10:42,748 INFO VehicleTurningRoutePedestrian_Town13_Route702_Weather14   9 windows (+0 cached)    1.24 s  [946/1000]
2026-09-29 08:10:42,792 INFO VehicleTurningRoutePedestrian_Town12_Route1040_Weather0  22 windows (+0 cached)    3.37 s  [947/1000]
2026-09-29 08:10:42,821 INFO VehicleTurningRoutePedestrian_Town15_Route481_Weather19   3 windows (+0 cached)    0.40 s  [948/1000]
2026-09-29 08:10:42,873 INFO VehicleTurningRoutePedestrian_Town15_Route482_Weather20   2 windows (+0 cached)    0.30 s  [949/1000]
2026-09-29 08:10:42,970 INFO VehicleTurningRoutePedestrian_Town13_Route609_Weather21  16 windows (+0 cached)    2.39 s  [950/1000]
2026-09-29 08:10:43,017 INFO VehicleTurningRoutePedestrian_Town12_Route829_Weather25  22 windows (+0 cached)    3.06 s  [951/1000]
2026-09-29 08:10:43,082 INFO VehicleTurningRoutePedestrian_Town15_Route445_Weather11   6 windows (+0 cached)    0.82 s  [952/1000]
2026-09-29 08:10:43,408 INFO VehicleTurningRoutePedestrian_Town12_Route970_Weather8   23 windows (+0 cached)    3.41 s  [953/1000]
2026-09-29 08:10:43,417 INFO VehicleTurningRoute_Town12_Route933_Weather23             3 windows (+0 cached)    0.40 s  [954/1000]
2026-09-29 08:10:43,451 INFO VehicleTurningRoutePedestrian_Town15_Route523_Weather2    5 windows (+0 cached)    0.70 s  [955/1000]
2026-09-29 08:10:43,653 INFO VehicleTurningRoute_Town12_Route824_Weather20             6 windows (+0 cached)    0.78 s  [956/1000]
2026-09-29 08:10:43,883 INFO VehicleTurningRoute_Town13_Route679_Weather3              3 windows (+0 cached)    0.43 s  [957/1000]
2026-09-29 08:10:43,997 INFO VehicleTurningRoute_Town12_Route1026_Weather12            9 windows (+0 cached)    1.20 s  [958/1000]
2026-09-29 08:10:44,225 INFO VehicleTurningRoute_Town13_Route698_Weather22             4 windows (+0 cached)    0.57 s  [959/1000]
2026-09-29 08:10:44,562 INFO VehicleTurningRoute_Town13_Route699_Weather23             5 windows (+0 cached)    0.68 s  [960/1000]
2026-09-29 08:10:44,974 INFO VehicleTurningRoute_Town15_Route1367_Weather3             5 windows (+0 cached)    0.75 s  [961/1000]
2026-09-29 08:10:45,160 INFO VehicleTurningRoute_Town13_Route700_Weather23             8 windows (+0 cached)    1.16 s  [962/1000]
2026-09-29 08:10:45,395 INFO VehicleTurningRoute_Town15_Route1369_Weather6             3 windows (+0 cached)    0.42 s  [963/1000]
2026-09-29 08:10:45,427 INFO VehicleTurningRoute_Town15_Route1368_Weather5             6 windows (+0 cached)    0.86 s  [964/1000]
2026-09-29 08:10:45,482 INFO VehicleTurningRoute_Town13_Route605_Weather9             15 windows (+0 cached)    2.07 s  [965/1000]
2026-09-29 08:10:45,751 INFO VehicleTurningRoute_Town15_Route1370_Weather7             4 windows (+0 cached)    0.59 s  [966/1000]
2026-09-29 08:10:45,754 INFO VehicleTurningRoute_Town13_Route606_Weather18            16 windows (+0 cached)    2.34 s  [967/1000]
2026-09-29 08:10:45,787 INFO VehicleTurningRoute_Town15_Route1377_Weather8             2 windows (+0 cached)    0.30 s  [968/1000]
2026-09-29 08:10:45,927 INFO VehicleTurningRoute_Town15_Route1379_Weather18            1 windows (+0 cached)    0.17 s  [969/1000]
2026-09-29 08:10:45,960 INFO VehicleTurningRoute_Town12_Route822_Weather18            23 windows (+0 cached)    3.14 s  [970/1000]
2026-09-29 08:10:45,962 INFO VehicleTurningRoute_Town15_Route1380_Weather19            1 windows (+0 cached)    0.18 s  [971/1000]
2026-09-29 08:10:45,974 INFO VehicleTurningRoute_Town12_Route825_Weather21            23 windows (+0 cached)    3.00 s  [972/1000]
2026-09-29 08:10:46,030 INFO VehicleTurningRoute_Town15_Route1378_Weather9             2 windows (+0 cached)    0.28 s  [973/1000]
2026-09-29 08:10:46,099 INFO VehicleTurningRoute_Town15_Route1376_Weather15            5 windows (+0 cached)    0.67 s  [974/1000]
2026-09-29 08:10:46,166 INFO VehicleTurningRoute_Town15_Route1374_Weather13            6 windows (+0 cached)    0.77 s  [975/1000]
2026-09-29 08:10:46,211 INFO VehicleTurningRoute_Town12_Route997_Weather9             24 windows (+0 cached)    3.13 s  [976/1000]
2026-09-29 08:10:46,250 INFO VehicleTurningRoute_Town15_Route480_Weather18             2 windows (+0 cached)    0.29 s  [977/1000]
2026-09-29 08:10:46,348 INFO VehicleTurningRoute_Town15_Route479_Weather11             3 windows (+0 cached)    0.39 s  [978/1000]
2026-09-29 08:10:46,649 INFO VehicleTurningRoute_Town15_Route504_Weather10             5 windows (+0 cached)    0.68 s  [979/1000]
2026-09-29 08:10:46,727 INFO VehicleTurningRoute_Town15_Route519_Weather25             5 windows (+0 cached)    0.70 s  [980/1000]
2026-09-29 08:10:46,760 INFO YieldToEmergencyVehicle_Town04_Route165_Weather7          4 windows (+0 cached)    0.59 s  [981/1000]
2026-09-29 08:10:46,787 INFO YieldToEmergencyVehicle_Town03_Route148_Weather18         5 windows (+0 cached)    0.69 s  [982/1000]
2026-09-29 08:10:46,810 INFO YieldToEmergencyVehicle_Town04_Route207_Weather25         4 windows (+0 cached)    0.56 s  [983/1000]
2026-09-29 08:10:47,023 INFO VehicleTurningRoute_Town15_Route443_Weather1              8 windows (+0 cached)    1.10 s  [984/1000]
2026-09-29 08:10:47,348 INFO YieldToEmergencyVehicle_Town12_Route778_Weather14         5 windows (+0 cached)    0.70 s  [985/1000]
2026-09-29 08:10:47,482 INFO YieldToEmergencyVehicle_Town12_Route917_Weather7          5 windows (+0 cached)    0.70 s  [986/1000]
2026-09-29 08:10:47,701 INFO YieldToEmergencyVehicle_Town12_Route918_Weather8          6 windows (+0 cached)    0.89 s  [987/1000]
2026-09-29 08:10:47,822 INFO YieldToEmergencyVehicle_Town12_Route919_Weather11         6 windows (+0 cached)    0.80 s  [988/1000]
2026-09-29 08:10:47,866 INFO YieldToEmergencyVehicle_Town12_Route781_Weather8          8 windows (+0 cached)    1.11 s  [989/1000]
2026-09-29 08:10:47,956 INFO YieldToEmergencyVehicle_Town12_Route779_Weather25         9 windows (+0 cached)    1.23 s  [990/1000]
2026-09-29 08:10:47,981 INFO YieldToEmergencyVehicle_Town04_Route166_Weather10        13 windows (+0 cached)    1.77 s  [991/1000]
2026-09-29 08:10:48,161 INFO YieldToEmergencyVehicle_Town05_Route225_Weather9         14 windows (+0 cached)    1.81 s  [992/1000]
2026-09-29 08:10:48,208 INFO YieldToEmergencyVehicle_Town13_Route560_Weather14         6 windows (+0 cached)    0.86 s  [993/1000]
2026-09-29 08:10:48,419 INFO YieldToEmergencyVehicle_Town13_Route562_Weather15         5 windows (+0 cached)    0.72 s  [994/1000]
2026-09-29 08:10:48,442 INFO YieldToEmergencyVehicle_Town13_Route561_Weather14         7 windows (+0 cached)    0.96 s  [995/1000]
2026-09-29 08:10:48,514 INFO YieldToEmergencyVehicle_Town15_Route424_Weather8          4 windows (+0 cached)    0.53 s  [996/1000]
2026-09-29 08:10:48,533 INFO YieldToEmergencyVehicle_Town15_Route423_Weather7          4 windows (+0 cached)    0.58 s  [997/1000]
2026-09-29 08:10:48,648 INFO YieldToEmergencyVehicle_Town15_Route425_Weather9          4 windows (+0 cached)    0.49 s  [998/1000]
2026-09-29 08:10:48,719 INFO YieldToEmergencyVehicle_Town13_Route673_Weather23         7 windows (+0 cached)    0.90 s  [999/1000]
2026-09-29 08:10:48,758 INFO YieldToEmergencyVehicle_Town13_Route675_Weather25         7 windows (+0 cached)    0.89 s  [1000/1000]

built 8903 windows on 999 clips (1 failed) in 158.5 s wall with 8 workers; per-clip build time mean 1.26 s (7.1 windows/s per worker)

== Bench2Drive cache /bulk/users/vla/alpamayo2edge/b2d_cache_b2dnorm: 8903 windows, braking-window fraction 0.723 (any flagged future frame; mean flagged-frame fraction 0.435), route hint (command) == kinematic hint on 85.4%; action-space floor at 6.4 s p50 0.03 m / p90 0.56 m
   route commands: {'LANEFOLLOW': 6506, 'RIGHT': 476, 'LEFT': 990, 'STRAIGHT': 710, 'CHANGELANELEFT': 106, 'CHANGELANERIGHT': 115}

   scenario                                windows  braking   frames  floor50  floor90
   Accident                                    236    1.000    0.841     0.16     1.65
   AccidentTwoWays                             547    0.976    0.870     0.02     0.56
   BlockedIntersection                         323    0.520    0.285     0.03     0.46
   ConstructionObstacle                        179    1.000    0.724     0.23     1.55
   ConstructionObstacleTwoWays                 373    0.434    0.095     0.02     0.77
   ControlLoss                                 137    0.796    0.242     0.12     0.45
   CrossingBicycleFlow                         458    0.203    0.052     0.01     0.58
   DynamicObjectCrossing                       184    0.918    0.510     0.02     0.10
   EnterActorFlow                              196    0.204    0.065     0.01     0.12
   HardBreakRoute                              446    0.971    0.809     0.01     0.18
   HazardAtSideLane                            340    1.000    0.793     0.12     1.54
   HazardAtSideLaneTwoWays                     233    1.000    0.462     0.04     0.35
   HighwayCutIn                                 94    1.000    0.935     0.03     0.11
   HighwayExit                                 128    0.812    0.401     0.10     0.27
   InterurbanActorFlow                          53    0.717    0.171     0.16     0.38
   InterurbanAdvancedActorFlow                  56    0.875    0.276     0.29     0.76
   InvadingTurn                                 74    0.919    0.280     0.05     0.36
   LaneChange                                   78    1.000    0.750     0.09     0.35
   MergerIntoSlowTraffic                        33    0.970    0.631     0.16     0.35
   MergerIntoSlowTrafficV2                      74    0.932    0.569     0.21     0.35
   NonSignalizedJunctionLeftTurn               258    0.384    0.062     0.04     0.83
   NonSignalizedJunctionLeftTurnEnterFlow       52    0.942    0.303     0.27     0.68
   NonSignalizedJunctionRightTurn               59    0.966    0.277     0.21     0.51
   OppositeVehicleRunningRedLight              100    0.790    0.262     0.05     0.43
   OppositeVehicleTakingPriority               144    0.618    0.242     0.03     0.26
   ParkedObstacle                              257    1.000    0.802     0.13     1.37
   ParkedObstacleTwoWays                       344    0.980    0.807     0.03     0.64
   ParkingCrossingPedestrian                   248    0.798    0.568     0.01     0.09
   ParkingCutIn                                352    0.946    0.509     0.02     0.09
   ParkingExit                                 264    0.818    0.514     0.02     0.96
   PedestrianCrossing                          292    0.548    0.231     0.01     0.12
   SignalizedJunctionLeftTurn                  119    0.613    0.099     0.28     0.94
   SignalizedJunctionLeftTurnEnterFlow         119    0.773    0.251     0.44     0.93
   SignalizedJunctionRightTurn                  76    0.803    0.187     0.12     0.62
   StaticCutIn                                 162    1.000    0.853     0.05     0.26
   TJunction                                   517    0.702    0.371     0.01     0.27
   VanillaNonSignalizedTurnEncounterStopsign       98    0.582    0.174     0.30     0.58
   VanillaSignalizedTurnEncounterGreenLight      286    0.290    0.069     0.00     0.56
   VanillaSignalizedTurnEncounterRedLight      393    0.303    0.066     0.01     0.40
   VehicleOpensDoorTwoWays                      42    1.000    0.725     0.05     1.25
   VehicleTurningRoute                         197    0.513    0.192     0.04     0.47
   VehicleTurningRoutePedestrian               159    0.371    0.129     0.02     0.59
   YieldToEmergencyVehicle                     123    1.000    0.692     0.14     0.97

   town                                    windows  braking   frames
   Town01                                      125    0.904    0.661
   Town02                                       66    0.864    0.231
   Town03                                      412    0.631    0.394
   Town04                                      533    0.619    0.314
   Town05                                      538    0.673    0.386
   Town06                                      312    0.843    0.551
   Town07                                      259    0.656    0.296
   Town10HD                                    128    0.555    0.311
   Town11                                       49    0.939    0.580
   Town12                                     4200    0.728    0.457
   Town13                                     1531    0.759    0.451
   Town15                                      750    0.729    0.418

   splits: 894 train clips / 105 val clips (894 / 105 routes, seed 0, val fraction 0.1)
      Accident                               routes  28  val  3  clips  28  val   3
      AccidentTwoWays                        routes  35  val  4  clips  35  val   4
      BlockedIntersection                    routes  23  val  2  clips  23  val   2
      ConstructionObstacle                   routes  27  val  3  clips  27  val   3
      ConstructionObstacleTwoWays            routes  27  val  3  clips  27  val   3
      ControlLoss                            routes  13  val  1  clips  13  val   1
      CrossingBicycleFlow                    routes  26  val  3  clips  26  val   3
      DynamicObjectCrossing                  routes  26  val  3  clips  26  val   3
      EnterActorFlow                         routes  15  val  2  clips  15  val   2
      HardBreakRoute                         routes  35  val  4  clips  35  val   4
      HazardAtSideLane                       routes  43  val  4  clips  43  val   4
      HazardAtSideLaneTwoWays                routes  27  val  3  clips  27  val   3
      HighwayCutIn                           routes  27  val  3  clips  27  val   3
      HighwayExit                            routes  29  val  3  clips  29  val   3
      InterurbanActorFlow                    routes  13  val  1  clips  13  val   1
      InterurbanAdvancedActorFlow            routes  15  val  2  clips  15  val   2
      InvadingTurn                           routes  13  val  1  clips  13  val   1
      LaneChange                             routes  15  val  2  clips  15  val   2
      MergerIntoSlowTraffic                  routes   8  val  1  clips   8  val   1
      MergerIntoSlowTrafficV2                routes  18  val  2  clips  18  val   2
      NonSignalizedJunctionLeftTurn          routes  34  val  3  clips  34  val   3
      NonSignalizedJunctionLeftTurnEnterFlow routes  17  val  2  clips  17  val   2
      NonSignalizedJunctionRightTurn         routes  14  val  1  clips  14  val   1
      OppositeVehicleRunningRedLight         routes  21  val  2  clips  21  val   2
      OppositeVehicleTakingPriority          routes  21  val  2  clips  21  val   2
      ParkedObstacle                         routes  28  val  3  clips  28  val   3
      ParkedObstacleTwoWays                  routes  23  val  2  clips  23  val   2
      ParkingCrossingPedestrian              routes  20  val  2  clips  20  val   2
      ParkingCutIn                           routes  38  val  4  clips  38  val   4
      ParkingExit                            routes  27  val  3  clips  27  val   3
      PedestrianCrossing                     routes  20  val  2  clips  20  val   2
      SignalizedJunctionLeftTurn             routes  21  val  2  clips  21  val   2
      SignalizedJunctionLeftTurnEnterFlow    routes  27  val  3  clips  27  val   3
      SignalizedJunctionRightTurn            routes  15  val  2  clips  15  val   2
      StaticCutIn                            routes  24  val  2  clips  24  val   2
      TJunction                              routes  32  val  3  clips  32  val   3
      VanillaNonSignalizedTurnEncounterStopsign routes  30  val  3  clips  30  val   3
      VanillaSignalizedTurnEncounterGreenLight routes  27  val  3  clips  27  val   3
      VanillaSignalizedTurnEncounterRedLight routes  30  val  3  clips  30  val   3
      VehicleOpensDoorTwoWays                routes   3  val  1  clips   3  val   1
      VehicleTurningRoute                    routes  27  val  3  clips  27  val   3
      VehicleTurningRoutePedestrian          routes  18  val  2  clips  18  val   2
      YieldToEmergencyVehicle                routes  19  val  2  clips  19  val   2
